
================================================================================
STARTED=2026-07-18T06:31:22
RUN_ID=20260718_decarb_virtual_pool_1000twh_scheme_c
SCENARIO=07_future_subsidy_as_usual_2025_2035
OUTPUT_DIR=C:\Users\86150\Desktop\five_scenario_include_uncertain_freq_cap_runs\07_future_subsidy_as_usual_2025_2035_20260718_decarb_virtual_pool_1000twh_scheme_c
YEARS=2025-2034
PYTHONHASHSEED=0
REPD_TIMELINE_HASH=md5_stable
CHECKPOINT=none
STORAGE_CAP_CREDIT_MODE=scheme_c
CMD=py -3.10 -B -u C:\Users\86150\Desktop\Dr.seal\能源投资\invest!\人人如龙\人人谦让\newpredictedVRE0.03 - sum - seperate prediction - 0.2c43_REPD2025_physical_income_fixed\decarbonization_cost_research\run_investment_analysis_case3_decarbonization_breakdown_cm.py
================================================================================
================================================================================
INVESTMENT ANALYSIS - CASE 3 V2 (subsidy_as_usual)
OUTPUT_DIR=C:\Users\86150\Desktop\five_scenario_include_uncertain_freq_cap_runs\07_future_subsidy_as_usual_2025_2035_20260718_decarb_virtual_pool_1000twh_scheme_c
================================================================================
--- REPD operational stock snapshot 2025: solar=10066.98 MW, onshore=14711.65 MW, offshore=14679.00 MW, battery=2841.60 MW ---

--- REPD Project Filtering Summary ---
Status-stagnant zombie rule: last REPD status-progress milestone <= 2015 and still non-operational at snapshot 2025
Schedule-overdue zombie rule: historical median completion <= 2023 (snapshot minus 2y grace)
Total projects processed: 12977
Zombie projects filtered out: 1892
Status-stagnant zombie projects filtered out: 399
Schedule-overdue zombie projects filtered out: 3143
Already-operational stock excluded: 2412
Pre-START_YEAR completions excluded: 503
Uncertain projects filtered out: 0
Missing/unknown status: 2600
Projects included in pipeline: 1164
Filtering effectiveness: 14.6% filtered
Loaded success rates for 4 technologies across 46 technology-region combinations

--- Mapping Projects to Generators by Location ---
Projects mapped to generators by location: 587 / 1164
--- Case 3: Initializing Pumped Hydro. Start Capacity: 2828.0 MW, Start Energy Storage: 26700 MWh, Start CAPEX: £377,900,000 ---

==================== YEAR 2025 (CASE 3) ====================

  📋 Project Pipeline Status (Year 2025):
      Total projects in pipeline: 1164
      Year 2026: 331 projects (26051.38 MW scheduled)
      Year 2027: 546 projects (46105.02 MW scheduled)
      Year 2028: 67 projects (6047.66 MW scheduled)
      Year 2029: 38 projects (986.78 MW scheduled)
      Year 2030: 162 projects (5613.80 MW scheduled)

--- Starting Iteration 1: Electricity Market Simulation (Case 3: Decarbonization Cost to VRE + CM Cost to CCGT/OCGT) ---
--- Iteration 1: calling run_simulation(periods=17520, generators=48, batteries=5) ---
尝试打开wind文件: F:\newfinalweather\average_annual_wind_profile.nc
文件是否存在: True
Preparing weather profiles from netCDF files...
  Solar profiles...
  Onshore wind profiles...
  Offshore wind profiles...
Weather profiles ready and cached for this run.
--- Iteration 1: run_simulation returned. Processing results. ---
--- Iteration 1: Simulation Finished. Starting Investment Analysis (Case 3) ---
  ✓ Remapped battery income: thermal_battery → 1c_battery (156,278.93 GBP)
  ✓ Remapped battery income: li_battery → 0.5c_battery (921.04 GBP)
  ✓ Remapped battery income: air_battery → 0.25c_battery (648,725.76 GBP)

  Income Dictionary Keys Verification:
    Total income keys in simulation result: 49
    ⚠️  Assets with no income: ['hydrogen_battery', 'offshore14', 'offshore19', 'offshore4']
    ✓ offshore: 18 assets with income
    ⚠️  offshore: 3 assets without income: ['offshore4', 'offshore19', 'offshore14']
    ✓ onshore: 11 assets with income
    ✓ solar: 11 assets with income
    ✓ 1c_battery: 1 assets with income
    ✓ 0.5c_battery: 1 assets with income
    ✓ 0.25c_battery: 1 assets with income
--- Iteration 1: Adding 4 assets with zero income to analysis ---
--- Iteration 1: Investment analysis includes 53 assets (all 53 valid agents) ---
  Asset breakdown: 0.25c_battery: 1, 0.5c_battery: 1, 1c_battery: 1, CCGT: 1, Hydro_natural_flow: 1, Nuclear: 1, OCGT: 1, bio_and_waste: 1, hydrogen_battery: 1, offshore: 21, onshore: 11, pumped_hydro: 1, solar: 11
  ⚠ Warning: Found 2 assets with capacity > 10,000 MW:
      CCGT: 28000.00 MW (asset_type: CCGT)
      onshore_Edinburgh: 10632.20 MW (asset_type: onshore)

================================================================================
REVENUE-TO-INVESTMENT VERIFICATION (Iteration 1)
================================================================================

  1C_BATTERY:
    Total Income: 607,489.71 GBP
    Total Net Revenue: 607,489.71 GBP
    Current Capacity: 75.00 MW
    Suggested Capacity: 75.00 MW
    Capacity Change: +0.00 MW
    Recommendations: {'Do_Nothing': 1}
    ⚠️  WARNING: Has revenue (607,489.71 GBP) but no capacity expansion!
      - 1c_battery: Income=607,489.71, Net Revenue=607,489.71, ROI=0.0245, Recommendation=Do_Nothing, Capacity Change=0.00 MW

  0.5C_BATTERY:
    Total Income: 44,508,352.72 GBP
    Total Net Revenue: 44,508,352.72 GBP
    Current Capacity: 2465.87 MW
    Suggested Capacity: 2465.87 MW
    Capacity Change: +0.00 MW
    Recommendations: {'Do_Nothing': 1}
    ⚠️  WARNING: Has revenue (44,508,352.72 GBP) but no capacity expansion!
      - 0.5c_battery: Income=44,508,352.72, Net Revenue=44,508,352.72, ROI=0.0516, Recommendation=Do_Nothing, Capacity Change=0.00 MW

  0.25C_BATTERY:
    Total Income: 22,306,843.37 GBP
    Total Net Revenue: 22,306,843.37 GBP
    Current Capacity: 299.98 MW
    Suggested Capacity: 1340.41 MW
    Capacity Change: +1040.43 MW
    Recommendations: {'Invest_High': 1}

  OFFSHORE:
    Total Income: 3,688,302,451.32 GBP
    Total Net Revenue: 3,688,295,225.45 GBP
    Current Capacity: 14679.00 MW
    Suggested Capacity: 15606.64 MW
    Capacity Change: +927.64 MW
    Recommendations: {'Invest_Profit': 18, 'Do_Nothing': 3}

  ONSHORE:
    Total Income: 2,444,761,599.85 GBP
    Total Net Revenue: 2,444,756,314.46 GBP
    Current Capacity: 14711.65 MW
    Suggested Capacity: 16251.17 MW
    Capacity Change: +1539.52 MW
    Recommendations: {'Invest_High': 10, 'Invest_Profit': 1}

  SOLAR:
    Total Income: 798,946,061.48 GBP
    Total Net Revenue: 798,944,963.20 GBP
    Current Capacity: 10066.98 MW
    Suggested Capacity: 11279.34 MW
    Capacity Change: +1212.36 MW
    Recommendations: {'Invest_High': 11}

================================================================================

  V2 Agent investable decarb £933.0m is included as agent revenue only; it is not converted into a direct MW top-up.
✓ Fast investment analysis saved to C:\Users\86150\Desktop\five_scenario_include_uncertain_freq_cap_runs\07_future_subsidy_as_usual_2025_2035_20260718_decarb_virtual_pool_1000twh_scheme_c\investment_analysis_trace.sqlite
  System Cost: £43.63bn | Cost/MWh: £186.92
  📊 Total VRE profiles recorded for year 2025
      CAPACITY EXPANSION:
         - Solar: 10066.98 MW | Onshore: 14711.65 MW | Offshore: 14679.00 MW
         - Total VRE Capacity: 39457.63 MW
      GENERATION:
         - Total VRE Generation: 136.10 TWh
         - Total Thermal Generation: 97.32 TWh
         - Total Generation (VRE+Thermal): 233.42 TWh
         - Total Forecast Demand: 233.11 TWh
      EXCESS ANALYSIS:
         - Excess BEFORE storage/interconn: 0.01 TWh (VRE - Forecast)
         - Excess AFTER storage/interconn: 3.84 TWh (final excess)
         - Absorbed by storage/interconn: 0.00 TWh
         - Storage Capacity: 5669.60 MW
         - Excess/VRE Ratio (after): 2.82%
         - Excess/VRE Ratio (before): 0.01%
  📊 Edinburgh onshore wind generation recorded for year 2025 (Capacity: 10632.20 MW, Generation: 74403029.71 MWh)
    🔋 Battery Investment: 0.25c_battery - Recommendation: Invest_High, Current: 299.98 MW, Suggested: 1340.41 MW, Add: 1040.43 MW, ROI: 0.1792
✓ Checkpoint saved after 2025: C:\Users\86150\Desktop\five_scenario_include_uncertain_freq_cap_runs\07_future_subsidy_as_usual_2025_2035_20260718_decarb_virtual_pool_1000twh_scheme_c\checkpoints\case3_v2_subsidy_as_usual_checkpoint.pkl

==================== YEAR 2026 (CASE 3) ====================
--- Year 2026: Updating Pumped Hydro capacity as per schedule to 2927.9 MW ---
--- Year 2026: Updating Pumped Hydro energy storage as per schedule to 27400 MWh ---
  📦 Projects completing in 2026: 332 (26118.99 MW)
      - External (REPD): 331 projects (26051.38 MW)
      - Model-driven: 1 projects (67.61 MW)
      ✓ solar_Sheffield: 307.1MW → 309.4MW (+2.30 MW, location-based assignment, distance: N/A km)
      ✓ solar_Nottingham: 1159.8MW → 1297.8MW (+138.00 MW, location-based assignment, distance: N/A km)
      ✓ solar_Edinburgh: 293.3MW → 294.6MW (+1.30 MW, location-based assignment, distance: N/A km)
      ✓ solar_Ipswich: 1748.8MW → 1775.8MW (+27.00 MW, location-based assignment, distance: N/A km)
      ✓ solar_Birmingham: 674.6MW → 705.6MW (+31.04 MW, location-based assignment, distance: N/A km)
      ✓ solar_Nottingham: 1297.8MW → 1777.8MW (+480.00 MW, location-based assignment, distance: N/A km)
      ✓ solar_Ipswich: 1775.8MW → 1825.7MW (+49.90 MW, location-based assignment, distance: N/A km)
      ✓ solar_Nottingham: 1777.8MW → 1827.7MW (+49.90 MW, location-based assignment, distance: N/A km)
      ✓ solar_Ipswich: 1825.7MW → 1850.6MW (+24.90 MW, location-based assignment, distance: N/A km)
      ✓ solar_Sheffield: 309.4MW → 485.8MW (+176.36 MW, location-based assignment, distance: N/A km)
      ✓ solar_Edinburgh: 294.6MW → 315.1MW (+20.50 MW, location-based assignment, distance: N/A km)
      ✓ solar_Edinburgh: 315.1MW → 335.1MW (+20.00 MW, location-based assignment, distance: N/A km)
      ✓ solar_Sheffield: 485.8MW → 885.8MW (+400.00 MW, location-based assignment, distance: N/A km)
      ✓ solar_Bournemouth: 2722.2MW → 2741.2MW (+19.00 MW, location-based assignment, distance: N/A km)
      ✓ solar_Nottingham: 1827.7MW → 1847.7MW (+20.00 MW, location-based assignment, distance: N/A km)
      ✓ solar_Portsmouth: 1970.7MW → 2014.7MW (+44.00 MW, location-based assignment, distance: N/A km)
      ✓ solar_Portsmouth: 2014.7MW → 2060.6MW (+45.90 MW, location-based assignment, distance: N/A km)
      ✓ solar_Cardiff: 897.6MW → 939.6MW (+42.00 MW, location-based assignment, distance: N/A km)
      ✓ solar_Ipswich: 1850.6MW → 1864.4MW (+13.80 MW, location-based assignment, distance: N/A km)
      ✓ solar_Birmingham: 705.6MW → 735.6MW (+30.00 MW, location-based assignment, distance: N/A km)
      ✓ solar_Birmingham: 735.6MW → 758.7MW (+23.10 MW, location-based assignment, distance: N/A km)
      ✓ solar_Portsmouth: 2060.6MW → 2790.4MW (+729.78 MW, location-based assignment, distance: N/A km)
      ✓ solar_Portsmouth: 2790.4MW → 2820.4MW (+30.00 MW, location-based assignment, distance: N/A km)
      ✓ solar_Sheffield: 885.8MW → 908.2MW (+22.40 MW, location-based assignment, distance: N/A km)
      ✓ solar_Nottingham: 1847.7MW → 1897.6MW (+49.90 MW, location-based assignment, distance: N/A km)
      ✓ solar_Cardiff: 939.6MW → 953.3MW (+13.70 MW, location-based assignment, distance: N/A km)
      ✓ solar_Birmingham: 758.7MW → 759.7MW (+0.98 MW, location-based assignment, distance: N/A km)
      ✓ solar_Cardiff: 953.3MW → 954.6MW (+1.30 MW, location-based assignment, distance: N/A km)
      ✓ solar_Nottingham: 1897.6MW → 1898.6MW (+1.00 MW, location-based assignment, distance: N/A km)
      ✓ solar_Birmingham: 759.7MW → 799.7MW (+40.00 MW, location-based assignment, distance: N/A km)
      ✓ solar_Ipswich: 1864.4MW → 1885.9MW (+21.54 MW, location-based assignment, distance: N/A km)
      ✓ solar_Edinburgh: 335.1MW → 342.6MW (+7.50 MW, location-based assignment, distance: N/A km)
      ✓ solar_Birmingham: 799.7MW → 829.7MW (+30.00 MW, location-based assignment, distance: N/A km)
      ✓ solar_Newcastle: 60.4MW → 98.2MW (+37.88 MW, location-based assignment, distance: N/A km)
      ✓ solar_Birmingham: 829.7MW → 879.6MW (+49.90 MW, location-based assignment, distance: N/A km)
      ✓ solar_Nottingham: 1898.6MW → 1922.6MW (+24.00 MW, location-based assignment, distance: N/A km)
      ✓ solar_Birmingham: 879.6MW → 907.6MW (+28.00 MW, location-based assignment, distance: N/A km)
      ✓ solar_Nottingham: 1922.6MW → 1924.3MW (+1.70 MW, location-based assignment, distance: N/A km)
      ✓ solar_Bournemouth: 2741.2MW → 2743.7MW (+2.50 MW, location-based assignment, distance: N/A km)
      ✓ solar_Manchester: 223.6MW → 266.5MW (+42.94 MW, location-based assignment, distance: N/A km)
      ✓ solar_Manchester: 266.5MW → 270.5MW (+4.00 MW, location-based assignment, distance: N/A km)
      ✓ solar_Manchester: 270.5MW → 283.4MW (+12.91 MW, location-based assignment, distance: N/A km)
      ✓ solar_Sheffield: 908.2MW → 1128.6MW (+220.45 MW, location-based assignment, distance: N/A km)
      ✓ solar_Ipswich: 1885.9MW → 1896.6MW (+10.70 MW, location-based assignment, distance: N/A km)
      ✓ solar_Nottingham: 1924.3MW → 1954.4MW (+30.16 MW, location-based assignment, distance: N/A km)
      ✓ solar_Bournemouth: 2743.7MW → 2773.7MW (+30.00 MW, location-based assignment, distance: N/A km)
      ✓ solar_Edinburgh: 342.6MW → 414.6MW (+72.00 MW, location-based assignment, distance: N/A km)
      ✓ solar_Birmingham: 907.6MW → 932.6MW (+25.00 MW, location-based assignment, distance: N/A km)
      ✓ solar_Birmingham: 932.6MW → 959.2MW (+26.61 MW, location-based assignment, distance: N/A km)
      ✓ solar_Portsmouth: 2820.4MW → 2840.4MW (+20.00 MW, location-based assignment, distance: N/A km)
      ✓ solar_Sheffield: 1128.6MW → 1130.2MW (+1.56 MW, location-based assignment, distance: N/A km)
      ✓ solar_Manchester: 283.4MW → 295.9MW (+12.50 MW, location-based assignment, distance: N/A km)
      ✓ solar_Edinburgh: 414.6MW → 524.6MW (+110.00 MW, location-based assignment, distance: N/A km)
      ✓ solar_Newcastle: 98.2MW → 114.2MW (+16.00 MW, location-based assignment, distance: N/A km)
      ✓ solar_Ipswich: 1896.6MW → 1946.5MW (+49.90 MW, location-based assignment, distance: N/A km)
      ✓ solar_Bournemouth: 2773.7MW → 2813.7MW (+40.00 MW, location-based assignment, distance: N/A km)
      ✓ solar_Sheffield: 1130.2MW → 1140.2MW (+10.00 MW, location-based assignment, distance: N/A km)
      ✓ solar_Nottingham: 1954.4MW → 2000.4MW (+46.00 MW, location-based assignment, distance: N/A km)
      ✓ solar_Edinburgh: 524.6MW → 535.5MW (+10.91 MW, location-based assignment, distance: N/A km)
      ✓ solar_Nottingham: 2000.4MW → 2001.4MW (+1.00 MW, location-based assignment, distance: N/A km)
      ✓ solar_Edinburgh: 535.5MW → 539.5MW (+4.00 MW, location-based assignment, distance: N/A km)
      ✓ solar_Sheffield: 1140.2MW → 1168.2MW (+28.00 MW, location-based assignment, distance: N/A km)
      ✓ solar_Nottingham: 2001.4MW → 2034.2MW (+32.75 MW, location-based assignment, distance: N/A km)
      ✓ solar_Manchester: 295.9MW → 327.7MW (+31.84 MW, location-based assignment, distance: N/A km)
      ✓ solar_Bournemouth: 2813.7MW → 2814.8MW (+1.05 MW, location-based assignment, distance: N/A km)
      ✓ solar_Portsmouth: 2840.4MW → 2887.9MW (+47.50 MW, location-based assignment, distance: N/A km)
      ✓ solar_Portsmouth: 2887.9MW → 2937.8MW (+49.90 MW, location-based assignment, distance: N/A km)
      ✓ solar_London: 9.0MW → 21.0MW (+12.00 MW, location-based assignment, distance: N/A km)
      ✓ solar_Portsmouth: 2937.8MW → 2957.7MW (+19.98 MW, location-based assignment, distance: N/A km)
      ✓ solar_Edinburgh: 539.5MW → 555.9MW (+16.36 MW, location-based assignment, distance: N/A km)
      ✓ solar_Manchester: 327.7MW → 336.4MW (+8.61 MW, location-based assignment, distance: N/A km)
      ✓ solar_Bournemouth: 2814.8MW → 2842.5MW (+27.76 MW, location-based assignment, distance: N/A km)
      ✓ solar_Edinburgh: 555.9MW → 592.2MW (+36.35 MW, location-based assignment, distance: N/A km)
      ✓ solar_Bournemouth: 2842.5MW → 2844.4MW (+1.88 MW, location-based assignment, distance: N/A km)
      ✓ solar_Birmingham: 959.2MW → 962.4MW (+3.20 MW, location-based assignment, distance: N/A km)
      ✓ solar_Edinburgh: 592.2MW → 598.2MW (+6.00 MW, location-based assignment, distance: N/A km)
      ✓ solar_Manchester: 336.4MW → 337.4MW (+1.00 MW, location-based assignment, distance: N/A km)
      ✓ solar_Manchester: 337.4MW → 339.5MW (+2.15 MW, location-based assignment, distance: N/A km)
      ✓ solar_Ipswich: 1946.5MW → 1969.3MW (+22.84 MW, location-based assignment, distance: N/A km)
      ✓ solar_Newcastle: 114.2MW → 164.1MW (+49.90 MW, location-based assignment, distance: N/A km)
      ✓ solar_Sheffield: 1168.2MW → 1218.1MW (+49.90 MW, location-based assignment, distance: N/A km)
      ✓ solar_Sheffield: 1218.1MW → 1241.6MW (+23.50 MW, location-based assignment, distance: N/A km)
      ✓ solar_Cardiff: 954.6MW → 964.6MW (+9.99 MW, location-based assignment, distance: N/A km)
      ✓ solar_Portsmouth: 2957.7MW → 2969.8MW (+12.10 MW, location-based assignment, distance: N/A km)
      ✓ solar_Newcastle: 164.1MW → 172.1MW (+8.00 MW, location-based assignment, distance: N/A km)
      ✓ solar_Edinburgh: 598.2MW → 599.9MW (+1.64 MW, location-based assignment, distance: N/A km)
      ✓ solar_Newcastle: 172.1MW → 292.1MW (+120.00 MW, location-based assignment, distance: N/A km)
      ✓ solar_Portsmouth: 2969.8MW → 2992.3MW (+22.50 MW, location-based assignment, distance: N/A km)
      ✓ solar_Ipswich: 1969.3MW → 1994.3MW (+25.00 MW, location-based assignment, distance: N/A km)
      ✓ solar_Cardiff: 964.6MW → 965.6MW (+1.00 MW, location-based assignment, distance: N/A km)
      ✓ solar_Manchester: 339.5MW → 343.5MW (+4.00 MW, location-based assignment, distance: N/A km)
      ✓ solar_Nottingham: 2034.2MW → 2062.2MW (+28.00 MW, location-based assignment, distance: N/A km)
      ✓ solar_Ipswich: 1994.3MW → 2034.3MW (+40.00 MW, location-based assignment, distance: N/A km)
      ✓ solar_Nottingham: 2062.2MW → 2069.7MW (+7.50 MW, location-based assignment, distance: N/A km)
      ✓ solar_Sheffield: 1241.6MW → 1274.1MW (+32.49 MW, location-based assignment, distance: N/A km)
      ✓ solar_Cardiff: 965.6MW → 974.0MW (+8.36 MW, location-based assignment, distance: N/A km)
      ✓ solar_Portsmouth: 2992.3MW → 3008.0MW (+15.64 MW, location-based assignment, distance: N/A km)
      ✓ solar_Ipswich: 2034.3MW → 2049.3MW (+15.00 MW, location-based assignment, distance: N/A km)
      ✓ solar_Bournemouth: 2844.4MW → 2846.3MW (+1.93 MW, location-based assignment, distance: N/A km)
      ✓ solar_Sheffield: 1274.1MW → 1277.1MW (+3.00 MW, location-based assignment, distance: N/A km)
      ✓ solar_Manchester: 343.5MW → 360.7MW (+17.21 MW, location-based assignment, distance: N/A km)
      ✓ solar_Sheffield: 1277.1MW → 1294.7MW (+17.64 MW, location-based assignment, distance: N/A km)
      ✓ solar_Nottingham: 2069.7MW → 2075.7MW (+6.00 MW, location-based assignment, distance: N/A km)
      ✓ solar_Edinburgh: 599.9MW → 612.4MW (+12.50 MW, location-based assignment, distance: N/A km)
      ✓ solar_Ipswich: 2049.3MW → 2059.3MW (+10.00 MW, location-based assignment, distance: N/A km)
      ✓ solar_Bournemouth: 2846.3MW → 2855.5MW (+9.20 MW, location-based assignment, distance: N/A km)
      ✓ solar_Birmingham: 962.4MW → 967.4MW (+5.00 MW, location-based assignment, distance: N/A km)
      ✓ solar_Portsmouth: 3008.0MW → 3010.0MW (+2.00 MW, location-based assignment, distance: N/A km)
      ✓ solar_Portsmouth: 3010.0MW → 3015.0MW (+5.00 MW, location-based assignment, distance: N/A km)
      ✓ solar_Portsmouth: 3015.0MW → 3016.1MW (+1.15 MW, location-based assignment, distance: N/A km)
      ✓ solar_Ipswich: 2059.3MW → 2060.3MW (+1.00 MW, location-based assignment, distance: N/A km)
      ✓ solar_Bournemouth: 2855.5MW → 2856.5MW (+1.00 MW, location-based assignment, distance: N/A km)
      ✓ solar_Nottingham: 2075.7MW → 2096.4MW (+20.68 MW, location-based assignment, distance: N/A km)
      ✓ solar_Manchester: 360.7MW → 370.0MW (+9.30 MW, location-based assignment, distance: N/A km)
      ✓ solar_Bournemouth: 2856.5MW → 2857.6MW (+1.06 MW, location-based assignment, distance: N/A km)
      ✓ solar_Bournemouth: 2857.6MW → 2858.7MW (+1.10 MW, location-based assignment, distance: N/A km)
      ✓ solar_Manchester: 370.0MW → 371.1MW (+1.12 MW, location-based assignment, distance: N/A km)
      ✓ solar_Manchester: 371.1MW → 372.2MW (+1.10 MW, location-based assignment, distance: N/A km)
      ✓ solar_Portsmouth: 3016.1MW → 3018.3MW (+2.15 MW, location-based assignment, distance: N/A km)
      ✓ solar_Bournemouth: 2858.7MW → 2870.1MW (+11.46 MW, location-based assignment, distance: N/A km)
      ✓ solar_Portsmouth: 3018.3MW → 3061.6MW (+43.35 MW, location-based assignment, distance: N/A km)
      ✓ solar_Ipswich: 2060.3MW → 2062.7MW (+2.40 MW, location-based assignment, distance: N/A km)
      ✓ solar_Nottingham: 2096.4MW → 2097.8MW (+1.44 MW, location-based assignment, distance: N/A km)
      ✓ solar_Bournemouth: 2870.1MW → 2871.2MW (+1.02 MW, location-based assignment, distance: N/A km)
      ✓ solar_Newcastle: 292.1MW → 293.5MW (+1.40 MW, location-based assignment, distance: N/A km)
      ✓ solar_Cardiff: 974.0MW → 975.4MW (+1.40 MW, location-based assignment, distance: N/A km)
      ✓ solar_Manchester: 372.2MW → 373.5MW (+1.30 MW, location-based assignment, distance: N/A km)
      ✓ solar_Ipswich: 2062.7MW → 2065.0MW (+2.30 MW, location-based assignment, distance: N/A km)
      ✓ solar_Newcastle: 293.5MW → 294.5MW (+1.00 MW, location-based assignment, distance: N/A km)
      ✓ solar_Ipswich: 2065.0MW → 2067.8MW (+2.80 MW, location-based assignment, distance: N/A km)
      ✓ solar_Sheffield: 1294.7MW → 1295.8MW (+1.10 MW, location-based assignment, distance: N/A km)
      ✓ solar_Birmingham: 967.4MW → 968.5MW (+1.03 MW, location-based assignment, distance: N/A km)
      ✓ solar_Cardiff: 975.4MW → 1001.2MW (+25.87 MW, location-based assignment, distance: N/A km)
      ✓ solar_Sheffield: 1295.8MW → 1296.9MW (+1.11 MW, location-based assignment, distance: N/A km)
      ✓ solar_Manchester: 373.5MW → 374.7MW (+1.12 MW, location-based assignment, distance: N/A km)
      ✓ solar_Birmingham: 968.5MW → 969.5MW (+1.01 MW, location-based assignment, distance: N/A km)
      ✓ solar_Ipswich: 2067.8MW → 2076.6MW (+8.80 MW, location-based assignment, distance: N/A km)
      ✓ solar_Nottingham: 2097.8MW → 2098.7MW (+0.87 MW, location-based assignment, distance: N/A km)
      ✓ solar_Birmingham: 969.5MW → 1037.1MW (+67.61 MW, location-based assignment, distance: N/A km)
    📊 Allocating 31.58 MW solar capacity (no location data) across 11 generators (total existing: 14745.91 MW)
      ✓ solar_Birmingham: 1037.1MW → 1039.3MW (+2.22 MW, 7.03% share, proportional)
      ✓ solar_Bournemouth: 2871.2MW → 2877.3MW (+6.15 MW, 19.47% share, proportional)
      ✓ solar_Cardiff: 1001.2MW → 1003.4MW (+2.14 MW, 6.79% share, proportional)
      ✓ solar_Edinburgh: 612.4MW → 613.7MW (+1.31 MW, 4.15% share, proportional)
      ✓ solar_Ipswich: 2076.6MW → 2081.1MW (+4.45 MW, 14.08% share, proportional)
      ✓ solar_London: 21.0MW → 21.1MW (+0.05 MW, 0.14% share, proportional)
      ✓ solar_Manchester: 374.7MW → 375.5MW (+0.80 MW, 2.54% share, proportional)
      ✓ solar_Newcastle: 294.5MW → 295.2MW (+0.63 MW, 2.00% share, proportional)
      ✓ solar_Nottingham: 2098.7MW → 2103.2MW (+4.49 MW, 14.23% share, proportional)
      ✓ solar_Portsmouth: 3061.6MW → 3068.2MW (+6.56 MW, 20.76% share, proportional)
      ✓ solar_Sheffield: 1296.9MW → 1299.7MW (+2.78 MW, 8.80% share, proportional)
    ✓ Updated 0.5c_battery: pool_limit 2465.87 → 2694.96 (+229.09 MW, per_pool_limit=1347.48 MWh/period from external)
    ✓ Updated 1c_battery: pool_limit 75.00 → 81.96 (+6.97 MW, per_pool_limit=40.98 MWh/period from external)
    ✓ Updated 0.25c_battery: pool_limit 299.98 → 327.85 (+27.87 MW, per_pool_limit=163.93 MWh/period from external)
    ✓ Updated hydrogen_battery: pool_limit 0.75 → 0.82 (+0.07 MW, per_pool_limit=0.41 MWh/period from external)
    ✓ Updated 0.5c_battery: pool_limit 2694.96 → 2712.32 (+17.36 MW, per_pool_limit=1356.16 MWh/period from external)
    ✓ Updated 1c_battery: pool_limit 81.96 → 82.49 (+0.53 MW, per_pool_limit=41.25 MWh/period from external)
    ✓ Updated 0.25c_battery: pool_limit 327.85 → 329.97 (+2.11 MW, per_pool_limit=164.98 MWh/period from external)
    ✓ Updated hydrogen_battery: pool_limit 0.82 → 0.82 (+0.01 MW, per_pool_limit=0.41 MWh/period from external)
    ✓ Updated 0.5c_battery: pool_limit 2712.32 → 2755.30 (+42.98 MW, per_pool_limit=1377.65 MWh/period from external)
    ✓ Updated 1c_battery: pool_limit 82.49 → 83.80 (+1.31 MW, per_pool_limit=41.90 MWh/period from external)
    ✓ Updated 0.25c_battery: pool_limit 329.97 → 335.19 (+5.23 MW, per_pool_limit=167.60 MWh/period from external)
    ✓ Updated hydrogen_battery: pool_limit 0.82 → 0.84 (+0.01 MW, per_pool_limit=0.42 MWh/period from external)
    ✓ Updated 0.5c_battery: pool_limit 2755.30 → 2798.60 (+43.30 MW, per_pool_limit=1399.30 MWh/period from external)
    ✓ Updated 1c_battery: pool_limit 83.80 → 85.12 (+1.32 MW, per_pool_limit=42.56 MWh/period from external)
    ✓ Updated 0.25c_battery: pool_limit 335.19 → 340.46 (+5.27 MW, per_pool_limit=170.23 MWh/period from external)
    ✓ Updated hydrogen_battery: pool_limit 0.84 → 0.85 (+0.01 MW, per_pool_limit=0.43 MWh/period from external)
    ✓ Updated 0.5c_battery: pool_limit 2798.60 → 2841.99 (+43.39 MW, per_pool_limit=1420.99 MWh/period from external)
    ✓ Updated 1c_battery: pool_limit 85.12 → 86.44 (+1.32 MW, per_pool_limit=43.22 MWh/period from external)
    ✓ Updated 0.25c_battery: pool_limit 340.46 → 345.74 (+5.28 MW, per_pool_limit=172.87 MWh/period from external)
    ✓ Updated hydrogen_battery: pool_limit 0.85 → 0.86 (+0.01 MW, per_pool_limit=0.43 MWh/period from external)
    ✓ Updated 0.5c_battery: pool_limit 2841.99 → 2855.87 (+13.88 MW, per_pool_limit=1427.94 MWh/period from external)
    ✓ Updated 1c_battery: pool_limit 86.44 → 86.86 (+0.42 MW, per_pool_limit=43.43 MWh/period from external)
    ✓ Updated 0.25c_battery: pool_limit 345.74 → 347.43 (+1.69 MW, per_pool_limit=173.71 MWh/period from external)
    ✓ Updated hydrogen_battery: pool_limit 0.86 → 0.87 (+0.00 MW, per_pool_limit=0.43 MWh/period from external)
    ✓ Updated 0.5c_battery: pool_limit 2855.87 → 2899.26 (+43.39 MW, per_pool_limit=1449.63 MWh/period from external)
    ✓ Updated 1c_battery: pool_limit 86.86 → 88.18 (+1.32 MW, per_pool_limit=44.09 MWh/period from external)
    ✓ Updated 0.25c_battery: pool_limit 347.43 → 352.71 (+5.28 MW, per_pool_limit=176.35 MWh/period from external)
    ✓ Updated hydrogen_battery: pool_limit 0.87 → 0.88 (+0.01 MW, per_pool_limit=0.44 MWh/period from external)
    ✓ Updated 0.5c_battery: pool_limit 2899.26 → 2942.56 (+43.30 MW, per_pool_limit=1471.28 MWh/period from external)
    ✓ Updated 1c_battery: pool_limit 88.18 → 89.49 (+1.32 MW, per_pool_limit=44.75 MWh/period from external)
    ✓ Updated 0.25c_battery: pool_limit 352.71 → 357.98 (+5.27 MW, per_pool_limit=178.99 MWh/period from external)
    ✓ Updated hydrogen_battery: pool_limit 0.88 → 0.89 (+0.01 MW, per_pool_limit=0.45 MWh/period from external)
    ✓ Updated 0.5c_battery: pool_limit 2942.56 → 3376.45 (+433.89 MW, per_pool_limit=1688.23 MWh/period from external)
    ✓ Updated 1c_battery: pool_limit 89.49 → 102.69 (+13.20 MW, per_pool_limit=51.35 MWh/period from external)
    ✓ Updated 0.25c_battery: pool_limit 357.98 → 410.76 (+52.78 MW, per_pool_limit=205.38 MWh/period from external)
    ✓ Updated hydrogen_battery: pool_limit 0.89 → 1.03 (+0.13 MW, per_pool_limit=0.51 MWh/period from external)
    ✓ Updated 0.5c_battery: pool_limit 3376.45 → 4244.23 (+867.78 MW, per_pool_limit=2122.11 MWh/period from external)
    ✓ Updated 1c_battery: pool_limit 102.69 → 129.08 (+26.39 MW, per_pool_limit=64.54 MWh/period from external)
    ✓ Updated 0.25c_battery: pool_limit 410.76 → 516.33 (+105.57 MW, per_pool_limit=258.16 MWh/period from external)
    ✓ Updated hydrogen_battery: pool_limit 1.03 → 1.29 (+0.26 MW, per_pool_limit=0.65 MWh/period from external)
    ✓ Updated 0.5c_battery: pool_limit 4244.23 → 4248.57 (+4.34 MW, per_pool_limit=2124.28 MWh/period from external)
    ✓ Updated 1c_battery: pool_limit 129.08 → 129.21 (+0.13 MW, per_pool_limit=64.61 MWh/period from external)
    ✓ Updated 0.25c_battery: pool_limit 516.33 → 516.86 (+0.53 MW, per_pool_limit=258.43 MWh/period from external)
    ✓ Updated hydrogen_battery: pool_limit 1.29 → 1.29 (+0.00 MW, per_pool_limit=0.65 MWh/period from external)
    ✓ Updated 0.5c_battery: pool_limit 4248.57 → 4298.03 (+49.46 MW, per_pool_limit=2149.01 MWh/period from external)
    ✓ Updated 1c_battery: pool_limit 129.21 → 130.72 (+1.50 MW, per_pool_limit=65.36 MWh/period from external)
    ✓ Updated 0.25c_battery: pool_limit 516.86 → 522.87 (+6.02 MW, per_pool_limit=261.44 MWh/period from external)
    ✓ Updated hydrogen_battery: pool_limit 1.29 → 1.31 (+0.02 MW, per_pool_limit=0.65 MWh/period from external)
    ✓ Updated 0.5c_battery: pool_limit 4298.03 → 4322.76 (+24.73 MW, per_pool_limit=2161.38 MWh/period from external)
    ✓ Updated 1c_battery: pool_limit 130.72 → 131.47 (+0.75 MW, per_pool_limit=65.74 MWh/period from external)
    ✓ Updated 0.25c_battery: pool_limit 522.87 → 525.88 (+3.01 MW, per_pool_limit=262.94 MWh/period from external)
    ✓ Updated hydrogen_battery: pool_limit 1.31 → 1.31 (+0.01 MW, per_pool_limit=0.66 MWh/period from external)
    ✓ Updated 0.5c_battery: pool_limit 4322.76 → 4409.54 (+86.78 MW, per_pool_limit=2204.77 MWh/period from external)
    ✓ Updated 1c_battery: pool_limit 131.47 → 134.11 (+2.64 MW, per_pool_limit=67.06 MWh/period from external)
    ✓ Updated 0.25c_battery: pool_limit 525.88 → 536.44 (+10.56 MW, per_pool_limit=268.22 MWh/period from external)
    ✓ Updated hydrogen_battery: pool_limit 1.31 → 1.34 (+0.03 MW, per_pool_limit=0.67 MWh/period from external)
    ✓ Updated 0.5c_battery: pool_limit 4409.54 → 5450.87 (+1041.33 MW, per_pool_limit=2725.43 MWh/period from external)
    ✓ Updated 1c_battery: pool_limit 134.11 → 165.78 (+31.67 MW, per_pool_limit=82.89 MWh/period from external)
    ✓ Updated 0.25c_battery: pool_limit 536.44 → 663.12 (+126.68 MW, per_pool_limit=331.56 MWh/period from external)
    ✓ Updated hydrogen_battery: pool_limit 1.34 → 1.66 (+0.32 MW, per_pool_limit=0.83 MWh/period from external)
    ✓ Updated 0.5c_battery: pool_limit 5450.87 → 5468.22 (+17.36 MW, per_pool_limit=2734.11 MWh/period from external)
    ✓ Updated 1c_battery: pool_limit 165.78 → 166.31 (+0.53 MW, per_pool_limit=83.15 MWh/period from external)
    ✓ Updated 0.25c_battery: pool_limit 663.12 → 665.23 (+2.11 MW, per_pool_limit=332.62 MWh/period from external)
    ✓ Updated hydrogen_battery: pool_limit 1.66 → 1.66 (+0.01 MW, per_pool_limit=0.83 MWh/period from external)
    ✓ Updated 0.5c_battery: pool_limit 5468.22 → 5815.33 (+347.11 MW, per_pool_limit=2907.67 MWh/period from external)
    ✓ Updated 1c_battery: pool_limit 166.31 → 176.87 (+10.56 MW, per_pool_limit=88.43 MWh/period from external)
    ✓ Updated 0.25c_battery: pool_limit 665.23 → 707.46 (+42.23 MW, per_pool_limit=353.73 MWh/period from external)
    ✓ Updated hydrogen_battery: pool_limit 1.66 → 1.77 (+0.11 MW, per_pool_limit=0.88 MWh/period from external)
    ✓ Updated 0.5c_battery: pool_limit 5815.33 → 5867.40 (+52.07 MW, per_pool_limit=2933.70 MWh/period from external)
    ✓ Updated 1c_battery: pool_limit 176.87 → 178.45 (+1.58 MW, per_pool_limit=89.22 MWh/period from external)
    ✓ Updated 0.25c_battery: pool_limit 707.46 → 713.80 (+6.33 MW, per_pool_limit=356.90 MWh/period from external)
    ✓ Updated hydrogen_battery: pool_limit 1.77 → 1.78 (+0.02 MW, per_pool_limit=0.89 MWh/period from external)
    ✓ Updated 0.5c_battery: pool_limit 5867.40 → 5980.21 (+112.81 MW, per_pool_limit=2990.11 MWh/period from external)
    ✓ Updated 1c_battery: pool_limit 178.45 → 181.88 (+3.43 MW, per_pool_limit=90.94 MWh/period from external)
    ✓ Updated 0.25c_battery: pool_limit 713.80 → 727.52 (+13.72 MW, per_pool_limit=363.76 MWh/period from external)
    ✓ Updated hydrogen_battery: pool_limit 1.78 → 1.82 (+0.03 MW, per_pool_limit=0.91 MWh/period from external)
    ✓ Updated 0.5c_battery: pool_limit 5980.21 → 6006.24 (+26.03 MW, per_pool_limit=3003.12 MWh/period from external)
    ✓ Updated 1c_battery: pool_limit 181.88 → 182.67 (+0.79 MW, per_pool_limit=91.34 MWh/period from external)
    ✓ Updated 0.25c_battery: pool_limit 727.52 → 730.69 (+3.17 MW, per_pool_limit=365.34 MWh/period from external)
    ✓ Updated hydrogen_battery: pool_limit 1.82 → 1.83 (+0.01 MW, per_pool_limit=0.91 MWh/period from external)
    ✓ Updated 0.5c_battery: pool_limit 6006.24 → 6049.63 (+43.39 MW, per_pool_limit=3024.82 MWh/period from external)
    ✓ Updated 1c_battery: pool_limit 182.67 → 183.99 (+1.32 MW, per_pool_limit=92.00 MWh/period from external)
    ✓ Updated 0.25c_battery: pool_limit 730.69 → 735.97 (+5.28 MW, per_pool_limit=367.98 MWh/period from external)
    ✓ Updated hydrogen_battery: pool_limit 1.83 → 1.84 (+0.01 MW, per_pool_limit=0.92 MWh/period from external)
    ✓ Updated 0.5c_battery: pool_limit 6049.63 → 6093.02 (+43.39 MW, per_pool_limit=3046.51 MWh/period from external)
    ✓ Updated 1c_battery: pool_limit 183.99 → 185.31 (+1.32 MW, per_pool_limit=92.66 MWh/period from external)
    ✓ Updated 0.25c_battery: pool_limit 735.97 → 741.24 (+5.28 MW, per_pool_limit=370.62 MWh/period from external)
    ✓ Updated hydrogen_battery: pool_limit 1.84 → 1.85 (+0.01 MW, per_pool_limit=0.93 MWh/period from external)
    ✓ Updated 0.5c_battery: pool_limit 6093.02 → 6396.74 (+303.72 MW, per_pool_limit=3198.37 MWh/period from external)
    ✓ Updated 1c_battery: pool_limit 185.31 → 194.55 (+9.24 MW, per_pool_limit=97.27 MWh/period from external)
    ✓ Updated 0.25c_battery: pool_limit 741.24 → 778.19 (+36.95 MW, per_pool_limit=389.10 MWh/period from external)
    ✓ Updated hydrogen_battery: pool_limit 1.85 → 1.95 (+0.09 MW, per_pool_limit=0.97 MWh/period from external)
    ✓ Updated 0.5c_battery: pool_limit 6396.74 → 6457.49 (+60.74 MW, per_pool_limit=3228.74 MWh/period from external)
    ✓ Updated 1c_battery: pool_limit 194.55 → 196.40 (+1.85 MW, per_pool_limit=98.20 MWh/period from external)
    ✓ Updated 0.25c_battery: pool_limit 778.19 → 785.58 (+7.39 MW, per_pool_limit=392.79 MWh/period from external)
    ✓ Updated hydrogen_battery: pool_limit 1.95 → 1.96 (+0.02 MW, per_pool_limit=0.98 MWh/period from external)
    ✓ Updated 0.5c_battery: pool_limit 6457.49 → 6500.88 (+43.39 MW, per_pool_limit=3250.44 MWh/period from external)
    ✓ Updated 1c_battery: pool_limit 196.40 → 197.72 (+1.32 MW, per_pool_limit=98.86 MWh/period from external)
    ✓ Updated 0.25c_battery: pool_limit 785.58 → 790.86 (+5.28 MW, per_pool_limit=395.43 MWh/period from external)
    ✓ Updated hydrogen_battery: pool_limit 1.96 → 1.98 (+0.01 MW, per_pool_limit=0.99 MWh/period from external)
    ✓ Updated 0.5c_battery: pool_limit 6500.88 → 6509.38 (+8.50 MW, per_pool_limit=3254.69 MWh/period from external)
    ✓ Updated 1c_battery: pool_limit 197.72 → 197.97 (+0.26 MW, per_pool_limit=98.99 MWh/period from external)
    ✓ Updated 0.25c_battery: pool_limit 790.86 → 791.90 (+1.03 MW, per_pool_limit=395.95 MWh/period from external)
    ✓ Updated hydrogen_battery: pool_limit 1.98 → 1.98 (+0.00 MW, per_pool_limit=0.99 MWh/period from external)
    ✓ Updated 0.5c_battery: pool_limit 6509.38 → 6552.77 (+43.39 MW, per_pool_limit=3276.38 MWh/period from external)
    ✓ Updated 1c_battery: pool_limit 197.97 → 199.29 (+1.32 MW, per_pool_limit=99.65 MWh/period from external)
    ✓ Updated 0.25c_battery: pool_limit 791.90 → 797.17 (+5.28 MW, per_pool_limit=398.59 MWh/period from external)
    ✓ Updated hydrogen_battery: pool_limit 1.98 → 1.99 (+0.01 MW, per_pool_limit=1.00 MWh/period from external)
    ✓ Updated 0.5c_battery: pool_limit 6552.77 → 6643.89 (+91.12 MW, per_pool_limit=3321.94 MWh/period from external)
    ✓ Updated 1c_battery: pool_limit 199.29 → 202.06 (+2.77 MW, per_pool_limit=101.03 MWh/period from external)
    ✓ Updated 0.25c_battery: pool_limit 797.17 → 808.26 (+11.08 MW, per_pool_limit=404.13 MWh/period from external)
    ✓ Updated hydrogen_battery: pool_limit 1.99 → 2.02 (+0.03 MW, per_pool_limit=1.01 MWh/period from external)
    ✓ Updated 0.5c_battery: pool_limit 6643.89 → 6687.27 (+43.38 MW, per_pool_limit=3343.63 MWh/period from external)
    ✓ Updated 1c_battery: pool_limit 202.06 → 203.38 (+1.32 MW, per_pool_limit=101.69 MWh/period from external)
    ✓ Updated 0.25c_battery: pool_limit 808.26 → 813.54 (+5.28 MW, per_pool_limit=406.77 MWh/period from external)
    ✓ Updated hydrogen_battery: pool_limit 2.02 → 2.03 (+0.01 MW, per_pool_limit=1.02 MWh/period from external)
    ✓ Updated 0.5c_battery: pool_limit 6687.27 → 6730.65 (+43.38 MW, per_pool_limit=3365.32 MWh/period from external)
    ✓ Updated 1c_battery: pool_limit 203.38 → 204.70 (+1.32 MW, per_pool_limit=102.35 MWh/period from external)
    ✓ Updated 0.25c_battery: pool_limit 813.54 → 818.81 (+5.28 MW, per_pool_limit=409.41 MWh/period from external)
    ✓ Updated hydrogen_battery: pool_limit 2.03 → 2.05 (+0.01 MW, per_pool_limit=1.02 MWh/period from external)
    ✓ Updated 0.5c_battery: pool_limit 6730.65 → 6780.11 (+49.46 MW, per_pool_limit=3390.05 MWh/period from external)
    ✓ Updated 1c_battery: pool_limit 204.70 → 206.21 (+1.50 MW, per_pool_limit=103.10 MWh/period from external)
    ✓ Updated 0.25c_battery: pool_limit 818.81 → 824.83 (+6.02 MW, per_pool_limit=412.42 MWh/period from external)
    ✓ Updated hydrogen_battery: pool_limit 2.05 → 2.06 (+0.02 MW, per_pool_limit=1.03 MWh/period from external)
    ✓ Updated 0.5c_battery: pool_limit 6780.11 → 6832.18 (+52.07 MW, per_pool_limit=3416.09 MWh/period from external)
    ✓ Updated 1c_battery: pool_limit 206.21 → 207.79 (+1.58 MW, per_pool_limit=103.90 MWh/period from external)
    ✓ Updated 0.25c_battery: pool_limit 824.83 → 831.16 (+6.33 MW, per_pool_limit=415.58 MWh/period from external)
    ✓ Updated hydrogen_battery: pool_limit 2.06 → 2.08 (+0.02 MW, per_pool_limit=1.04 MWh/period from external)
    ✓ Updated 0.5c_battery: pool_limit 6832.18 → 6918.95 (+86.78 MW, per_pool_limit=3459.48 MWh/period from external)
    ✓ Updated 1c_battery: pool_limit 207.79 → 210.43 (+2.64 MW, per_pool_limit=105.22 MWh/period from external)
    ✓ Updated 0.25c_battery: pool_limit 831.16 → 841.72 (+10.56 MW, per_pool_limit=420.86 MWh/period from external)
    ✓ Updated hydrogen_battery: pool_limit 2.08 → 2.10 (+0.03 MW, per_pool_limit=1.05 MWh/period from external)
    ✓ Updated 0.5c_battery: pool_limit 6918.95 → 6962.26 (+43.30 MW, per_pool_limit=3481.13 MWh/period from external)
    ✓ Updated 1c_battery: pool_limit 210.43 → 211.75 (+1.32 MW, per_pool_limit=105.87 MWh/period from external)
    ✓ Updated 0.25c_battery: pool_limit 841.72 → 846.99 (+5.27 MW, per_pool_limit=423.49 MWh/period from external)
    ✓ Updated hydrogen_battery: pool_limit 2.10 → 2.12 (+0.01 MW, per_pool_limit=1.06 MWh/period from external)
    ✓ Updated 0.5c_battery: pool_limit 6962.26 → 7135.81 (+173.56 MW, per_pool_limit=3567.91 MWh/period from external)
    ✓ Updated 1c_battery: pool_limit 211.75 → 217.03 (+5.28 MW, per_pool_limit=108.51 MWh/period from external)
    ✓ Updated 0.25c_battery: pool_limit 846.99 → 868.10 (+21.11 MW, per_pool_limit=434.05 MWh/period from external)
    ✓ Updated hydrogen_battery: pool_limit 2.12 → 2.17 (+0.05 MW, per_pool_limit=1.09 MWh/period from external)
    ✓ Updated 0.5c_battery: pool_limit 7135.81 → 7170.52 (+34.71 MW, per_pool_limit=3585.26 MWh/period from external)
    ✓ Updated 1c_battery: pool_limit 217.03 → 218.08 (+1.06 MW, per_pool_limit=109.04 MWh/period from external)
    ✓ Updated 0.25c_battery: pool_limit 868.10 → 872.33 (+4.22 MW, per_pool_limit=436.16 MWh/period from external)
    ✓ Updated hydrogen_battery: pool_limit 2.17 → 2.18 (+0.01 MW, per_pool_limit=1.09 MWh/period from external)
    ✓ Updated 0.5c_battery: pool_limit 7170.52 → 7196.55 (+26.03 MW, per_pool_limit=3598.28 MWh/period from external)
    ✓ Updated 1c_battery: pool_limit 218.08 → 218.87 (+0.79 MW, per_pool_limit=109.44 MWh/period from external)
    ✓ Updated 0.25c_battery: pool_limit 872.33 → 875.49 (+3.17 MW, per_pool_limit=437.75 MWh/period from external)
    ✓ Updated hydrogen_battery: pool_limit 2.18 → 2.19 (+0.01 MW, per_pool_limit=1.09 MWh/period from external)
    ✓ Updated 0.5c_battery: pool_limit 7196.55 → 7231.27 (+34.71 MW, per_pool_limit=3615.63 MWh/period from external)
    ✓ Updated 1c_battery: pool_limit 218.87 → 219.93 (+1.06 MW, per_pool_limit=109.96 MWh/period from external)
    ✓ Updated 0.25c_battery: pool_limit 875.49 → 879.72 (+4.22 MW, per_pool_limit=439.86 MWh/period from external)
    ✓ Updated hydrogen_battery: pool_limit 2.19 → 2.20 (+0.01 MW, per_pool_limit=1.10 MWh/period from external)
    ✓ Updated 0.5c_battery: pool_limit 7231.27 → 7274.65 (+43.39 MW, per_pool_limit=3637.33 MWh/period from external)
    ✓ Updated 1c_battery: pool_limit 219.93 → 221.25 (+1.32 MW, per_pool_limit=110.62 MWh/period from external)
    ✓ Updated 0.25c_battery: pool_limit 879.72 → 884.99 (+5.28 MW, per_pool_limit=442.50 MWh/period from external)
    ✓ Updated hydrogen_battery: pool_limit 2.20 → 2.21 (+0.01 MW, per_pool_limit=1.11 MWh/period from external)
    ✓ Updated 0.5c_battery: pool_limit 7274.65 → 8489.54 (+1214.89 MW, per_pool_limit=4244.77 MWh/period from external)
    ✓ Updated 1c_battery: pool_limit 221.25 → 258.20 (+36.95 MW, per_pool_limit=129.10 MWh/period from external)
    ✓ Updated 0.25c_battery: pool_limit 884.99 → 1032.79 (+147.80 MW, per_pool_limit=516.40 MWh/period from external)
    ✓ Updated hydrogen_battery: pool_limit 2.21 → 2.58 (+0.37 MW, per_pool_limit=1.29 MWh/period from external)
    ✓ Updated 0.5c_battery: pool_limit 8489.54 → 8532.84 (+43.30 MW, per_pool_limit=4266.42 MWh/period from external)
    ✓ Updated 1c_battery: pool_limit 258.20 → 259.51 (+1.32 MW, per_pool_limit=129.76 MWh/period from external)
    ✓ Updated 0.25c_battery: pool_limit 1032.79 → 1038.06 (+5.27 MW, per_pool_limit=519.03 MWh/period from external)
    ✓ Updated hydrogen_battery: pool_limit 2.58 → 2.60 (+0.01 MW, per_pool_limit=1.30 MWh/period from external)
    ✓ Updated 0.5c_battery: pool_limit 8532.84 → 8597.92 (+65.08 MW, per_pool_limit=4298.96 MWh/period from external)
    ✓ Updated 1c_battery: pool_limit 259.51 → 261.49 (+1.98 MW, per_pool_limit=130.75 MWh/period from external)
    ✓ Updated 0.25c_battery: pool_limit 1038.06 → 1045.98 (+7.92 MW, per_pool_limit=522.99 MWh/period from external)
    ✓ Updated hydrogen_battery: pool_limit 2.60 → 2.61 (+0.02 MW, per_pool_limit=1.31 MWh/period from external)
    ✓ Updated 0.5c_battery: pool_limit 8597.92 → 8647.39 (+49.46 MW, per_pool_limit=4323.69 MWh/period from external)
    ✓ Updated 1c_battery: pool_limit 261.49 → 263.00 (+1.50 MW, per_pool_limit=131.50 MWh/period from external)
    ✓ Updated 0.25c_battery: pool_limit 1045.98 → 1051.99 (+6.02 MW, per_pool_limit=526.00 MWh/period from external)
    ✓ Updated hydrogen_battery: pool_limit 2.61 → 2.63 (+0.02 MW, per_pool_limit=1.31 MWh/period from external)
    ✓ Updated 0.5c_battery: pool_limit 8647.39 → 8734.17 (+86.78 MW, per_pool_limit=4367.08 MWh/period from external)
    ✓ Updated 1c_battery: pool_limit 263.00 → 265.64 (+2.64 MW, per_pool_limit=132.82 MWh/period from external)
    ✓ Updated 0.25c_battery: pool_limit 1051.99 → 1062.55 (+10.56 MW, per_pool_limit=531.28 MWh/period from external)
    ✓ Updated hydrogen_battery: pool_limit 2.63 → 2.66 (+0.03 MW, per_pool_limit=1.33 MWh/period from external)
    ✓ Updated 0.5c_battery: pool_limit 8734.17 → 8820.94 (+86.78 MW, per_pool_limit=4410.47 MWh/period from external)
    ✓ Updated 1c_battery: pool_limit 265.64 → 268.28 (+2.64 MW, per_pool_limit=134.14 MWh/period from external)
    ✓ Updated 0.25c_battery: pool_limit 1062.55 → 1073.11 (+10.56 MW, per_pool_limit=536.55 MWh/period from external)
    ✓ Updated hydrogen_battery: pool_limit 2.66 → 2.68 (+0.03 MW, per_pool_limit=1.34 MWh/period from external)
    ✓ Updated 0.5c_battery: pool_limit 8820.94 → 8864.24 (+43.30 MW, per_pool_limit=4432.12 MWh/period from external)
    ✓ Updated 1c_battery: pool_limit 268.28 → 269.59 (+1.32 MW, per_pool_limit=134.80 MWh/period from external)
    ✓ Updated 0.25c_battery: pool_limit 1073.11 → 1078.38 (+5.27 MW, per_pool_limit=539.19 MWh/period from external)
    ✓ Updated hydrogen_battery: pool_limit 2.68 → 2.70 (+0.01 MW, per_pool_limit=1.35 MWh/period from external)
    ✓ Updated 0.5c_battery: pool_limit 8864.24 → 9115.90 (+251.65 MW, per_pool_limit=4557.95 MWh/period from external)
    ✓ Updated 1c_battery: pool_limit 269.59 → 277.25 (+7.65 MW, per_pool_limit=138.62 MWh/period from external)
    ✓ Updated 0.25c_battery: pool_limit 1078.38 → 1108.99 (+30.61 MW, per_pool_limit=554.50 MWh/period from external)
    ✓ Updated hydrogen_battery: pool_limit 2.70 → 2.77 (+0.08 MW, per_pool_limit=1.39 MWh/period from external)
    ✓ Updated 0.5c_battery: pool_limit 9115.90 → 9150.61 (+34.71 MW, per_pool_limit=4575.31 MWh/period from external)
    ✓ Updated 1c_battery: pool_limit 277.25 → 278.30 (+1.06 MW, per_pool_limit=139.15 MWh/period from external)
    ✓ Updated 0.25c_battery: pool_limit 1108.99 → 1113.21 (+4.22 MW, per_pool_limit=556.61 MWh/period from external)
    ✓ Updated hydrogen_battery: pool_limit 2.77 → 2.78 (+0.01 MW, per_pool_limit=1.39 MWh/period from external)
    ✓ Updated 0.5c_battery: pool_limit 9150.61 → 9194.00 (+43.39 MW, per_pool_limit=4597.00 MWh/period from external)
    ✓ Updated 1c_battery: pool_limit 278.30 → 279.62 (+1.32 MW, per_pool_limit=139.81 MWh/period from external)
    ✓ Updated 0.25c_battery: pool_limit 1113.21 → 1118.49 (+5.28 MW, per_pool_limit=559.25 MWh/period from external)
    ✓ Updated hydrogen_battery: pool_limit 2.78 → 2.80 (+0.01 MW, per_pool_limit=1.40 MWh/period from external)
    ✓ Updated 0.5c_battery: pool_limit 9194.00 → 9202.68 (+8.68 MW, per_pool_limit=4601.34 MWh/period from external)
    ✓ Updated 1c_battery: pool_limit 279.62 → 279.89 (+0.26 MW, per_pool_limit=139.94 MWh/period from external)
    ✓ Updated 0.25c_battery: pool_limit 1118.49 → 1119.55 (+1.06 MW, per_pool_limit=559.77 MWh/period from external)
    ✓ Updated hydrogen_battery: pool_limit 2.80 → 2.80 (+0.00 MW, per_pool_limit=1.40 MWh/period from external)
    ✓ Updated 0.5c_battery: pool_limit 9202.68 → 9289.28 (+86.60 MW, per_pool_limit=4644.64 MWh/period from external)
    ✓ Updated 1c_battery: pool_limit 279.89 → 282.52 (+2.63 MW, per_pool_limit=141.26 MWh/period from external)
    ✓ Updated 0.25c_battery: pool_limit 1119.55 → 1130.08 (+10.54 MW, per_pool_limit=565.04 MWh/period from external)
    ✓ Updated hydrogen_battery: pool_limit 2.80 → 2.83 (+0.03 MW, per_pool_limit=1.41 MWh/period from external)
    ✓ Updated 0.5c_battery: pool_limit 9289.28 → 9302.30 (+13.02 MW, per_pool_limit=4651.15 MWh/period from external)
    ✓ Updated 1c_battery: pool_limit 282.52 → 282.92 (+0.40 MW, per_pool_limit=141.46 MWh/period from external)
    ✓ Updated 0.25c_battery: pool_limit 1130.08 → 1131.67 (+1.58 MW, per_pool_limit=565.83 MWh/period from external)
    ✓ Updated hydrogen_battery: pool_limit 2.83 → 2.83 (+0.00 MW, per_pool_limit=1.41 MWh/period from external)
    ✓ Updated 0.5c_battery: pool_limit 9302.30 → 9331.80 (+29.50 MW, per_pool_limit=4665.90 MWh/period from external)
    ✓ Updated 1c_battery: pool_limit 282.92 → 283.81 (+0.90 MW, per_pool_limit=141.91 MWh/period from external)
    ✓ Updated 0.25c_battery: pool_limit 1131.67 → 1135.26 (+3.59 MW, per_pool_limit=567.63 MWh/period from external)
    ✓ Updated hydrogen_battery: pool_limit 2.83 → 2.84 (+0.01 MW, per_pool_limit=1.42 MWh/period from external)
    ✓ Updated 0.5c_battery: pool_limit 9331.80 → 9366.51 (+34.71 MW, per_pool_limit=4683.26 MWh/period from external)
    ✓ Updated 1c_battery: pool_limit 283.81 → 284.87 (+1.06 MW, per_pool_limit=142.43 MWh/period from external)
    ✓ Updated 0.25c_battery: pool_limit 1135.26 → 1139.48 (+4.22 MW, per_pool_limit=569.74 MWh/period from external)
    ✓ Updated hydrogen_battery: pool_limit 2.84 → 2.85 (+0.01 MW, per_pool_limit=1.42 MWh/period from external)
    ✓ Updated 0.5c_battery: pool_limit 9366.51 → 9405.56 (+39.05 MW, per_pool_limit=4702.78 MWh/period from external)
    ✓ Updated 1c_battery: pool_limit 284.87 → 286.06 (+1.19 MW, per_pool_limit=143.03 MWh/period from external)
    ✓ Updated 0.25c_battery: pool_limit 1139.48 → 1144.23 (+4.75 MW, per_pool_limit=572.11 MWh/period from external)
    ✓ Updated hydrogen_battery: pool_limit 2.85 → 2.86 (+0.01 MW, per_pool_limit=1.43 MWh/period from external)
    ✓ Updated 0.5c_battery: pool_limit 9405.56 → 9422.92 (+17.36 MW, per_pool_limit=4711.46 MWh/period from external)
    ✓ Updated 1c_battery: pool_limit 286.06 → 286.59 (+0.53 MW, per_pool_limit=143.29 MWh/period from external)
    ✓ Updated 0.25c_battery: pool_limit 1144.23 → 1146.34 (+2.11 MW, per_pool_limit=573.17 MWh/period from external)
    ✓ Updated hydrogen_battery: pool_limit 2.86 → 2.87 (+0.01 MW, per_pool_limit=1.43 MWh/period from external)
    ✓ Updated 0.5c_battery: pool_limit 9422.92 → 9427.26 (+4.34 MW, per_pool_limit=4713.63 MWh/period from external)
    ✓ Updated 1c_battery: pool_limit 286.59 → 286.72 (+0.13 MW, per_pool_limit=143.36 MWh/period from external)
    ✓ Updated 0.25c_battery: pool_limit 1146.34 → 1146.87 (+0.53 MW, per_pool_limit=573.43 MWh/period from external)
    ✓ Updated hydrogen_battery: pool_limit 2.87 → 2.87 (+0.00 MW, per_pool_limit=1.43 MWh/period from external)
    ✓ Updated 0.5c_battery: pool_limit 9427.26 → 9470.56 (+43.30 MW, per_pool_limit=4735.28 MWh/period from external)
    ✓ Updated 1c_battery: pool_limit 286.72 → 288.03 (+1.32 MW, per_pool_limit=144.02 MWh/period from external)
    ✓ Updated 0.25c_battery: pool_limit 1146.87 → 1152.14 (+5.27 MW, per_pool_limit=576.07 MWh/period from external)
    ✓ Updated hydrogen_battery: pool_limit 2.87 → 2.88 (+0.01 MW, per_pool_limit=1.44 MWh/period from external)
    ✓ Updated 0.5c_battery: pool_limit 9470.56 → 9531.35 (+60.79 MW, per_pool_limit=4765.67 MWh/period from external)
    ✓ Updated 1c_battery: pool_limit 288.03 → 289.88 (+1.85 MW, per_pool_limit=144.94 MWh/period from external)
    ✓ Updated 0.25c_battery: pool_limit 1152.14 → 1159.53 (+7.40 MW, per_pool_limit=579.77 MWh/period from external)
    ✓ Updated hydrogen_battery: pool_limit 2.88 → 2.90 (+0.02 MW, per_pool_limit=1.45 MWh/period from external)
    ✓ Updated 0.5c_battery: pool_limit 9531.35 → 9661.51 (+130.17 MW, per_pool_limit=4830.76 MWh/period from external)
    ✓ Updated 1c_battery: pool_limit 289.88 → 293.84 (+3.96 MW, per_pool_limit=146.92 MWh/period from external)
    ✓ Updated 0.25c_battery: pool_limit 1159.53 → 1175.37 (+15.84 MW, per_pool_limit=587.68 MWh/period from external)
    ✓ Updated hydrogen_battery: pool_limit 2.90 → 2.94 (+0.04 MW, per_pool_limit=1.47 MWh/period from external)
    ✓ Updated 0.5c_battery: pool_limit 9661.51 → 9675.40 (+13.88 MW, per_pool_limit=4837.70 MWh/period from external)
    ✓ Updated 1c_battery: pool_limit 293.84 → 294.26 (+0.42 MW, per_pool_limit=147.13 MWh/period from external)
    ✓ Updated 0.25c_battery: pool_limit 1175.37 → 1177.06 (+1.69 MW, per_pool_limit=588.53 MWh/period from external)
    ✓ Updated hydrogen_battery: pool_limit 2.94 → 2.94 (+0.00 MW, per_pool_limit=1.47 MWh/period from external)
    ✓ Updated 0.5c_battery: pool_limit 9675.40 → 9718.70 (+43.30 MW, per_pool_limit=4859.35 MWh/period from external)
    ✓ Updated 1c_battery: pool_limit 294.26 → 295.58 (+1.32 MW, per_pool_limit=147.79 MWh/period from external)
    ✓ Updated 0.25c_battery: pool_limit 1177.06 → 1182.32 (+5.27 MW, per_pool_limit=591.16 MWh/period from external)
    ✓ Updated hydrogen_battery: pool_limit 2.94 → 2.96 (+0.01 MW, per_pool_limit=1.48 MWh/period from external)
    ✓ Updated 0.5c_battery: pool_limit 9718.70 → 9757.75 (+39.05 MW, per_pool_limit=4878.87 MWh/period from external)
    ✓ Updated 1c_battery: pool_limit 295.58 → 296.77 (+1.19 MW, per_pool_limit=148.38 MWh/period from external)
    ✓ Updated 0.25c_battery: pool_limit 1182.32 → 1187.07 (+4.75 MW, per_pool_limit=593.54 MWh/period from external)
    ✓ Updated hydrogen_battery: pool_limit 2.96 → 2.97 (+0.01 MW, per_pool_limit=1.48 MWh/period from external)
    ✓ Updated 0.5c_battery: pool_limit 9757.75 → 9801.14 (+43.39 MW, per_pool_limit=4900.57 MWh/period from external)
    ✓ Updated 1c_battery: pool_limit 296.77 → 298.09 (+1.32 MW, per_pool_limit=149.04 MWh/period from external)
    ✓ Updated 0.25c_battery: pool_limit 1187.07 → 1192.35 (+5.28 MW, per_pool_limit=596.18 MWh/period from external)
    ✓ Updated hydrogen_battery: pool_limit 2.97 → 2.98 (+0.01 MW, per_pool_limit=1.49 MWh/period from external)
    ✓ Updated 0.5c_battery: pool_limit 9801.14 → 9809.82 (+8.68 MW, per_pool_limit=4904.91 MWh/period from external)
    ✓ Updated 1c_battery: pool_limit 298.09 → 298.35 (+0.26 MW, per_pool_limit=149.18 MWh/period from external)
    ✓ Updated 0.25c_battery: pool_limit 1192.35 → 1193.41 (+1.06 MW, per_pool_limit=596.70 MWh/period from external)
    ✓ Updated hydrogen_battery: pool_limit 2.98 → 2.98 (+0.00 MW, per_pool_limit=1.49 MWh/period from external)
    ✓ Updated 0.5c_battery: pool_limit 9809.82 → 10070.15 (+260.33 MW, per_pool_limit=5035.07 MWh/period from external)
    ✓ Updated 1c_battery: pool_limit 298.35 → 306.27 (+7.92 MW, per_pool_limit=153.13 MWh/period from external)
    ✓ Updated 0.25c_battery: pool_limit 1193.41 → 1225.08 (+31.67 MW, per_pool_limit=612.54 MWh/period from external)
    ✓ Updated hydrogen_battery: pool_limit 2.98 → 3.06 (+0.08 MW, per_pool_limit=1.53 MWh/period from external)
    ✓ Updated 0.5c_battery: pool_limit 10070.15 → 10073.62 (+3.47 MW, per_pool_limit=5036.81 MWh/period from external)
    ✓ Updated 1c_battery: pool_limit 306.27 → 306.38 (+0.11 MW, per_pool_limit=153.19 MWh/period from external)
    ✓ Updated 0.25c_battery: pool_limit 1225.08 → 1225.50 (+0.42 MW, per_pool_limit=612.75 MWh/period from external)
    ✓ Updated hydrogen_battery: pool_limit 3.06 → 3.06 (+0.00 MW, per_pool_limit=1.53 MWh/period from external)
    ✓ Updated 0.5c_battery: pool_limit 10073.62 → 10117.01 (+43.39 MW, per_pool_limit=5058.50 MWh/period from external)
    ✓ Updated 1c_battery: pool_limit 306.38 → 307.69 (+1.32 MW, per_pool_limit=153.85 MWh/period from external)
    ✓ Updated 0.25c_battery: pool_limit 1225.50 → 1230.78 (+5.28 MW, per_pool_limit=615.39 MWh/period from external)
    ✓ Updated hydrogen_battery: pool_limit 3.06 → 3.08 (+0.01 MW, per_pool_limit=1.54 MWh/period from external)
    ✓ Updated 0.5c_battery: pool_limit 10117.01 → 10118.31 (+1.30 MW, per_pool_limit=5059.16 MWh/period from external)
    ✓ Updated 1c_battery: pool_limit 307.69 → 307.73 (+0.04 MW, per_pool_limit=153.87 MWh/period from external)
    ✓ Updated 0.25c_battery: pool_limit 1230.78 → 1230.94 (+0.16 MW, per_pool_limit=615.47 MWh/period from external)
    ✓ Updated hydrogen_battery: pool_limit 3.08 → 3.08 (+0.00 MW, per_pool_limit=1.54 MWh/period from external)
    ✓ Updated 0.5c_battery: pool_limit 10118.31 → 10422.03 (+303.72 MW, per_pool_limit=5211.02 MWh/period from external)
    ✓ Updated 1c_battery: pool_limit 307.73 → 316.97 (+9.24 MW, per_pool_limit=158.49 MWh/period from external)
    ✓ Updated 0.25c_battery: pool_limit 1230.94 → 1267.89 (+36.95 MW, per_pool_limit=633.94 MWh/period from external)
    ✓ Updated hydrogen_battery: pool_limit 3.08 → 3.17 (+0.09 MW, per_pool_limit=1.58 MWh/period from external)
    ✓ Updated 0.5c_battery: pool_limit 10422.03 → 10448.06 (+26.03 MW, per_pool_limit=5224.03 MWh/period from external)
    ✓ Updated 1c_battery: pool_limit 316.97 → 317.76 (+0.79 MW, per_pool_limit=158.88 MWh/period from external)
    ✓ Updated 0.25c_battery: pool_limit 1267.89 → 1271.05 (+3.17 MW, per_pool_limit=635.53 MWh/period from external)
    ✓ Updated hydrogen_battery: pool_limit 3.17 → 3.18 (+0.01 MW, per_pool_limit=1.59 MWh/period from external)
    ✓ Updated 0.5c_battery: pool_limit 10448.06 → 10491.37 (+43.30 MW, per_pool_limit=5245.68 MWh/period from external)
    ✓ Updated 1c_battery: pool_limit 317.76 → 319.08 (+1.32 MW, per_pool_limit=159.54 MWh/period from external)
    ✓ Updated 0.25c_battery: pool_limit 1271.05 → 1276.32 (+5.27 MW, per_pool_limit=638.16 MWh/period from external)
    ✓ Updated hydrogen_battery: pool_limit 3.18 → 3.19 (+0.01 MW, per_pool_limit=1.60 MWh/period from external)
    ✓ Updated 0.5c_battery: pool_limit 10491.37 → 10838.48 (+347.11 MW, per_pool_limit=5419.24 MWh/period from external)
    ✓ Updated 1c_battery: pool_limit 319.08 → 329.64 (+10.56 MW, per_pool_limit=164.82 MWh/period from external)
    ✓ Updated 0.25c_battery: pool_limit 1276.32 → 1318.55 (+42.23 MW, per_pool_limit=659.27 MWh/period from external)
    ✓ Updated hydrogen_battery: pool_limit 3.19 → 3.30 (+0.11 MW, per_pool_limit=1.65 MWh/period from external)
    ✓ Updated 0.5c_battery: pool_limit 10838.48 → 10899.22 (+60.74 MW, per_pool_limit=5449.61 MWh/period from external)
    ✓ Updated 1c_battery: pool_limit 329.64 → 331.48 (+1.85 MW, per_pool_limit=165.74 MWh/period from external)
    ✓ Updated 0.25c_battery: pool_limit 1318.55 → 1325.94 (+7.39 MW, per_pool_limit=662.97 MWh/period from external)
    ✓ Updated hydrogen_battery: pool_limit 3.30 → 3.31 (+0.02 MW, per_pool_limit=1.66 MWh/period from external)
    ✓ Updated 0.5c_battery: pool_limit 10899.22 → 10916.58 (+17.36 MW, per_pool_limit=5458.29 MWh/period from external)
    ✓ Updated 1c_battery: pool_limit 331.48 → 332.01 (+0.53 MW, per_pool_limit=166.01 MWh/period from external)
    ✓ Updated 0.25c_battery: pool_limit 1325.94 → 1328.05 (+2.11 MW, per_pool_limit=664.03 MWh/period from external)
    ✓ Updated hydrogen_battery: pool_limit 3.31 → 3.32 (+0.01 MW, per_pool_limit=1.66 MWh/period from external)
    ✓ Updated 0.5c_battery: pool_limit 10916.58 → 10927.86 (+11.28 MW, per_pool_limit=5463.93 MWh/period from external)
    ✓ Updated 1c_battery: pool_limit 332.01 → 332.36 (+0.34 MW, per_pool_limit=166.18 MWh/period from external)
    ✓ Updated 0.25c_battery: pool_limit 1328.05 → 1329.42 (+1.37 MW, per_pool_limit=664.71 MWh/period from external)
    ✓ Updated hydrogen_battery: pool_limit 3.32 → 3.32 (+0.00 MW, per_pool_limit=1.66 MWh/period from external)
    ✓ Updated 0.5c_battery: pool_limit 10927.86 → 10962.57 (+34.71 MW, per_pool_limit=5481.28 MWh/period from external)
    ✓ Updated 1c_battery: pool_limit 332.36 → 333.41 (+1.06 MW, per_pool_limit=166.71 MWh/period from external)
    ✓ Updated 0.25c_battery: pool_limit 1329.42 → 1333.65 (+4.22 MW, per_pool_limit=666.82 MWh/period from external)
    ✓ Updated hydrogen_battery: pool_limit 3.32 → 3.33 (+0.01 MW, per_pool_limit=1.67 MWh/period from external)
    ✓ Updated 0.5c_battery: pool_limit 10962.57 → 11084.06 (+121.49 MW, per_pool_limit=5542.03 MWh/period from external)
    ✓ Updated 1c_battery: pool_limit 333.41 → 337.11 (+3.69 MW, per_pool_limit=168.55 MWh/period from external)
    ✓ Updated 0.25c_battery: pool_limit 1333.65 → 1348.43 (+14.78 MW, per_pool_limit=674.21 MWh/period from external)
    ✓ Updated hydrogen_battery: pool_limit 3.33 → 3.37 (+0.04 MW, per_pool_limit=1.69 MWh/period from external)
    ✓ Updated 0.5c_battery: pool_limit 11084.06 → 11257.61 (+173.56 MW, per_pool_limit=5628.81 MWh/period from external)
    ✓ Updated 1c_battery: pool_limit 337.11 → 342.38 (+5.28 MW, per_pool_limit=171.19 MWh/period from external)
    ✓ Updated 0.25c_battery: pool_limit 1348.43 → 1369.54 (+21.11 MW, per_pool_limit=684.77 MWh/period from external)
    ✓ Updated hydrogen_battery: pool_limit 3.37 → 3.42 (+0.05 MW, per_pool_limit=1.71 MWh/period from external)
    ✓ Updated 0.5c_battery: pool_limit 11257.61 → 11691.50 (+433.89 MW, per_pool_limit=5845.75 MWh/period from external)
    ✓ Updated 1c_battery: pool_limit 342.38 → 355.58 (+13.20 MW, per_pool_limit=177.79 MWh/period from external)
    ✓ Updated 0.25c_battery: pool_limit 1369.54 → 1422.32 (+52.78 MW, per_pool_limit=711.16 MWh/period from external)
    ✓ Updated hydrogen_battery: pool_limit 3.42 → 3.56 (+0.13 MW, per_pool_limit=1.78 MWh/period from external)
    ✓ Updated 0.5c_battery: pool_limit 11691.50 → 11734.80 (+43.30 MW, per_pool_limit=5867.40 MWh/period from external)
    ✓ Updated 1c_battery: pool_limit 355.58 → 356.90 (+1.32 MW, per_pool_limit=178.45 MWh/period from external)
    ✓ Updated 0.25c_battery: pool_limit 1422.32 → 1427.59 (+5.27 MW, per_pool_limit=713.80 MWh/period from external)
    ✓ Updated hydrogen_battery: pool_limit 3.56 → 3.57 (+0.01 MW, per_pool_limit=1.78 MWh/period from external)
    ✓ Updated 0.5c_battery: pool_limit 11734.80 → 11838.93 (+104.13 MW, per_pool_limit=5919.47 MWh/period from external)
    ✓ Updated 1c_battery: pool_limit 356.90 → 360.06 (+3.17 MW, per_pool_limit=180.03 MWh/period from external)
    ✓ Updated 0.25c_battery: pool_limit 1427.59 → 1440.26 (+12.67 MW, per_pool_limit=720.13 MWh/period from external)
    ✓ Updated hydrogen_battery: pool_limit 3.57 → 3.60 (+0.03 MW, per_pool_limit=1.80 MWh/period from external)
    ✓ Updated 0.5c_battery: pool_limit 11838.93 → 12142.66 (+303.72 MW, per_pool_limit=6071.33 MWh/period from external)
    ✓ Updated 1c_battery: pool_limit 360.06 → 369.30 (+9.24 MW, per_pool_limit=184.65 MWh/period from external)
    ✓ Updated 0.25c_battery: pool_limit 1440.26 → 1477.21 (+36.95 MW, per_pool_limit=738.60 MWh/period from external)
    ✓ Updated hydrogen_battery: pool_limit 3.60 → 3.69 (+0.09 MW, per_pool_limit=1.85 MWh/period from external)
    ✓ Updated 0.5c_battery: pool_limit 12142.66 → 12172.16 (+29.50 MW, per_pool_limit=6086.08 MWh/period from external)
    ✓ Updated 1c_battery: pool_limit 369.30 → 370.20 (+0.90 MW, per_pool_limit=185.10 MWh/period from external)
    ✓ Updated 0.25c_battery: pool_limit 1477.21 → 1480.80 (+3.59 MW, per_pool_limit=740.40 MWh/period from external)
    ✓ Updated hydrogen_battery: pool_limit 3.69 → 3.70 (+0.01 MW, per_pool_limit=1.85 MWh/period from external)
    ✓ Updated 0.5c_battery: pool_limit 12172.16 → 12214.99 (+42.82 MW, per_pool_limit=6107.49 MWh/period from external)
    ✓ Updated 1c_battery: pool_limit 370.20 → 371.50 (+1.30 MW, per_pool_limit=185.75 MWh/period from external)
    ✓ Updated 0.25c_battery: pool_limit 1480.80 → 1486.01 (+5.21 MW, per_pool_limit=743.00 MWh/period from external)
    ✓ Updated hydrogen_battery: pool_limit 3.70 → 3.72 (+0.01 MW, per_pool_limit=1.86 MWh/period from external)
    ✓ Updated 0.5c_battery: pool_limit 12214.99 → 12222.36 (+7.38 MW, per_pool_limit=6111.18 MWh/period from external)
    ✓ Updated 1c_battery: pool_limit 371.50 → 371.73 (+0.22 MW, per_pool_limit=185.86 MWh/period from external)
    ✓ Updated 0.25c_battery: pool_limit 1486.01 → 1486.91 (+0.90 MW, per_pool_limit=743.45 MWh/period from external)
    ✓ Updated hydrogen_battery: pool_limit 3.72 → 3.72 (+0.00 MW, per_pool_limit=1.86 MWh/period from external)
    ✓ Updated 0.5c_battery: pool_limit 12222.36 → 12248.39 (+26.03 MW, per_pool_limit=6124.20 MWh/period from external)
    ✓ Updated 1c_battery: pool_limit 371.73 → 372.52 (+0.79 MW, per_pool_limit=186.26 MWh/period from external)
    ✓ Updated 0.25c_battery: pool_limit 1486.91 → 1490.07 (+3.17 MW, per_pool_limit=745.04 MWh/period from external)
    ✓ Updated hydrogen_battery: pool_limit 3.72 → 3.73 (+0.01 MW, per_pool_limit=1.86 MWh/period from external)
    ✓ Updated 0.5c_battery: pool_limit 12248.39 → 12508.73 (+260.33 MW, per_pool_limit=6254.36 MWh/period from external)
    ✓ Updated 1c_battery: pool_limit 372.52 → 380.44 (+7.92 MW, per_pool_limit=190.22 MWh/period from external)
    ✓ Updated 0.25c_battery: pool_limit 1490.07 → 1521.74 (+31.67 MW, per_pool_limit=760.87 MWh/period from external)
    ✓ Updated hydrogen_battery: pool_limit 3.73 → 3.80 (+0.08 MW, per_pool_limit=1.90 MWh/period from external)
    ✓ Updated 0.5c_battery: pool_limit 12508.73 → 12904.43 (+395.71 MW, per_pool_limit=6452.22 MWh/period from external)
    ✓ Updated 1c_battery: pool_limit 380.44 → 392.47 (+12.03 MW, per_pool_limit=196.24 MWh/period from external)
    ✓ Updated 0.25c_battery: pool_limit 1521.74 → 1569.88 (+48.14 MW, per_pool_limit=784.94 MWh/period from external)
    ✓ Updated hydrogen_battery: pool_limit 3.80 → 3.92 (+0.12 MW, per_pool_limit=1.96 MWh/period from external)
    ✓ Updated 0.5c_battery: pool_limit 12904.43 → 12947.73 (+43.30 MW, per_pool_limit=6473.87 MWh/period from external)
    ✓ Updated 1c_battery: pool_limit 392.47 → 393.79 (+1.32 MW, per_pool_limit=196.89 MWh/period from external)
    ✓ Updated 0.25c_battery: pool_limit 1569.88 → 1575.15 (+5.27 MW, per_pool_limit=787.58 MWh/period from external)
    ✓ Updated hydrogen_battery: pool_limit 3.92 → 3.94 (+0.01 MW, per_pool_limit=1.97 MWh/period from external)
    ✓ Updated 0.5c_battery: pool_limit 12947.73 → 12988.95 (+41.22 MW, per_pool_limit=6494.48 MWh/period from external)
    ✓ Updated 1c_battery: pool_limit 393.79 → 395.04 (+1.25 MW, per_pool_limit=197.52 MWh/period from external)
    ✓ Updated 0.25c_battery: pool_limit 1575.15 → 1580.16 (+5.01 MW, per_pool_limit=790.08 MWh/period from external)
    ✓ Updated hydrogen_battery: pool_limit 3.94 → 3.95 (+0.01 MW, per_pool_limit=1.98 MWh/period from external)
    ✓ Updated 0.5c_battery: pool_limit 12988.95 → 12994.16 (+5.21 MW, per_pool_limit=6497.08 MWh/period from external)
    ✓ Updated 1c_battery: pool_limit 395.04 → 395.20 (+0.16 MW, per_pool_limit=197.60 MWh/period from external)
    ✓ Updated 0.25c_battery: pool_limit 1580.16 → 1580.80 (+0.63 MW, per_pool_limit=790.40 MWh/period from external)
    ✓ Updated hydrogen_battery: pool_limit 3.95 → 3.95 (+0.00 MW, per_pool_limit=1.98 MWh/period from external)
    ✓ Updated 0.5c_battery: pool_limit 12994.16 → 13428.05 (+433.89 MW, per_pool_limit=6714.02 MWh/period from external)
    ✓ Updated 1c_battery: pool_limit 395.20 → 408.40 (+13.20 MW, per_pool_limit=204.20 MWh/period from external)
    ✓ Updated 0.25c_battery: pool_limit 1580.80 → 1633.58 (+52.78 MW, per_pool_limit=816.79 MWh/period from external)
    ✓ Updated hydrogen_battery: pool_limit 3.95 → 4.08 (+0.13 MW, per_pool_limit=2.04 MWh/period from external)
    ✓ Updated 0.5c_battery: pool_limit 13428.05 → 13453.99 (+25.95 MW, per_pool_limit=6727.00 MWh/period from external)
    ✓ Updated 1c_battery: pool_limit 408.40 → 409.18 (+0.79 MW, per_pool_limit=204.59 MWh/period from external)
    ✓ Updated 0.25c_battery: pool_limit 1633.58 → 1636.74 (+3.16 MW, per_pool_limit=818.37 MWh/period from external)
    ✓ Updated hydrogen_battery: pool_limit 4.08 → 4.09 (+0.01 MW, per_pool_limit=2.05 MWh/period from external)
    ✓ Updated 0.5c_battery: pool_limit 13453.99 → 13464.41 (+10.41 MW, per_pool_limit=6732.20 MWh/period from external)
    ✓ Updated 1c_battery: pool_limit 409.18 → 409.50 (+0.32 MW, per_pool_limit=204.75 MWh/period from external)
    ✓ Updated 0.25c_battery: pool_limit 1636.74 → 1638.01 (+1.27 MW, per_pool_limit=819.00 MWh/period from external)
    ✓ Updated hydrogen_battery: pool_limit 4.09 → 4.10 (+0.00 MW, per_pool_limit=2.05 MWh/period from external)
    ✓ Updated 0.5c_battery: pool_limit 13464.41 → 13468.75 (+4.34 MW, per_pool_limit=6734.37 MWh/period from external)
    ✓ Updated 1c_battery: pool_limit 409.50 → 409.63 (+0.13 MW, per_pool_limit=204.82 MWh/period from external)
    ✓ Updated 0.25c_battery: pool_limit 1638.01 → 1638.53 (+0.53 MW, per_pool_limit=819.27 MWh/period from external)
    ✓ Updated hydrogen_battery: pool_limit 4.10 → 4.10 (+0.00 MW, per_pool_limit=2.05 MWh/period from external)
    ✓ Updated 0.5c_battery: pool_limit 13468.75 → 13512.05 (+43.30 MW, per_pool_limit=6756.02 MWh/period from external)
    ✓ Updated 1c_battery: pool_limit 409.63 → 410.95 (+1.32 MW, per_pool_limit=205.48 MWh/period from external)
    ✓ Updated 0.25c_battery: pool_limit 1638.53 → 1643.80 (+5.27 MW, per_pool_limit=821.90 MWh/period from external)
    ✓ Updated hydrogen_battery: pool_limit 4.10 → 4.11 (+0.01 MW, per_pool_limit=2.05 MWh/period from external)
    ✓ Updated 0.5c_battery: pool_limit 13512.05 → 13590.15 (+78.10 MW, per_pool_limit=6795.07 MWh/period from external)
    ✓ Updated 1c_battery: pool_limit 410.95 → 413.33 (+2.38 MW, per_pool_limit=206.66 MWh/period from external)
    ✓ Updated 0.25c_battery: pool_limit 1643.80 → 1653.30 (+9.50 MW, per_pool_limit=826.65 MWh/period from external)
    ✓ Updated hydrogen_battery: pool_limit 4.11 → 4.13 (+0.02 MW, per_pool_limit=2.07 MWh/period from external)
    ✓ Updated 0.5c_battery: pool_limit 13590.15 → 13650.89 (+60.74 MW, per_pool_limit=6825.45 MWh/period from external)
    ✓ Updated 1c_battery: pool_limit 413.33 → 415.17 (+1.85 MW, per_pool_limit=207.59 MWh/period from external)
    ✓ Updated 0.25c_battery: pool_limit 1653.30 → 1660.69 (+7.39 MW, per_pool_limit=830.35 MWh/period from external)
    ✓ Updated hydrogen_battery: pool_limit 4.13 → 4.15 (+0.02 MW, per_pool_limit=2.08 MWh/period from external)
    ✓ Updated 0.5c_battery: pool_limit 13650.89 → 13700.36 (+49.46 MW, per_pool_limit=6850.18 MWh/period from external)
    ✓ Updated 1c_battery: pool_limit 415.17 → 416.68 (+1.50 MW, per_pool_limit=208.34 MWh/period from external)
    ✓ Updated 0.25c_battery: pool_limit 1660.69 → 1666.71 (+6.02 MW, per_pool_limit=833.35 MWh/period from external)
    ✓ Updated hydrogen_battery: pool_limit 4.15 → 4.17 (+0.02 MW, per_pool_limit=2.08 MWh/period from external)
    ✓ Updated 0.5c_battery: pool_limit 13700.36 → 13743.66 (+43.30 MW, per_pool_limit=6871.83 MWh/period from external)
    ✓ Updated 1c_battery: pool_limit 416.68 → 417.99 (+1.32 MW, per_pool_limit=209.00 MWh/period from external)
    ✓ Updated 0.25c_battery: pool_limit 1666.71 → 1671.98 (+5.27 MW, per_pool_limit=835.99 MWh/period from external)
    ✓ Updated hydrogen_battery: pool_limit 4.17 → 4.18 (+0.01 MW, per_pool_limit=2.09 MWh/period from external)
    ✓ Updated 0.5c_battery: pool_limit 13743.66 → 13787.05 (+43.39 MW, per_pool_limit=6893.52 MWh/period from external)
    ✓ Updated 1c_battery: pool_limit 417.99 → 419.31 (+1.32 MW, per_pool_limit=209.66 MWh/period from external)
    ✓ Updated 0.25c_battery: pool_limit 1671.98 → 1677.26 (+5.28 MW, per_pool_limit=838.63 MWh/period from external)
    ✓ Updated hydrogen_battery: pool_limit 4.18 → 4.19 (+0.01 MW, per_pool_limit=2.10 MWh/period from external)
    ✓ Updated 0.5c_battery: pool_limit 13787.05 → 13873.82 (+86.78 MW, per_pool_limit=6936.91 MWh/period from external)
    ✓ Updated 1c_battery: pool_limit 419.31 → 421.95 (+2.64 MW, per_pool_limit=210.98 MWh/period from external)
    ✓ Updated 0.25c_battery: pool_limit 1677.26 → 1687.81 (+10.56 MW, per_pool_limit=843.91 MWh/period from external)
    ✓ Updated hydrogen_battery: pool_limit 4.19 → 4.22 (+0.03 MW, per_pool_limit=2.11 MWh/period from external)
    ✓ Updated 0.5c_battery: pool_limit 13873.82 → 13909.75 (+35.93 MW, per_pool_limit=6954.87 MWh/period from external)
    ✓ Updated 1c_battery: pool_limit 421.95 → 423.05 (+1.09 MW, per_pool_limit=211.52 MWh/period from external)
    ✓ Updated 0.25c_battery: pool_limit 1687.81 → 1692.18 (+4.37 MW, per_pool_limit=846.09 MWh/period from external)
    ✓ Updated hydrogen_battery: pool_limit 4.22 → 4.23 (+0.01 MW, per_pool_limit=2.12 MWh/period from external)
    ✓ Updated 0.5c_battery: pool_limit 13909.75 → 13953.05 (+43.30 MW, per_pool_limit=6976.53 MWh/period from external)
    ✓ Updated 1c_battery: pool_limit 423.05 → 424.36 (+1.32 MW, per_pool_limit=212.18 MWh/period from external)
    ✓ Updated 0.25c_battery: pool_limit 1692.18 → 1697.45 (+5.27 MW, per_pool_limit=848.73 MWh/period from external)
    ✓ Updated hydrogen_battery: pool_limit 4.23 → 4.24 (+0.01 MW, per_pool_limit=2.12 MWh/period from external)
    ✓ Updated 0.5c_battery: pool_limit 13953.05 → 13956.00 (+2.95 MW, per_pool_limit=6978.00 MWh/period from external)
    ✓ Updated 1c_battery: pool_limit 424.36 → 424.45 (+0.09 MW, per_pool_limit=212.23 MWh/period from external)
    ✓ Updated 0.25c_battery: pool_limit 1697.45 → 1697.81 (+0.36 MW, per_pool_limit=848.91 MWh/period from external)
    ✓ Updated hydrogen_battery: pool_limit 4.24 → 4.24 (+0.00 MW, per_pool_limit=2.12 MWh/period from external)
    ✓ Updated 0.5c_battery: pool_limit 13956.00 → 13968.93 (+12.93 MW, per_pool_limit=6984.47 MWh/period from external)
    ✓ Updated 1c_battery: pool_limit 424.45 → 424.85 (+0.39 MW, per_pool_limit=212.42 MWh/period from external)
    ✓ Updated 0.25c_battery: pool_limit 1697.81 → 1699.38 (+1.57 MW, per_pool_limit=849.69 MWh/period from external)
    ✓ Updated hydrogen_battery: pool_limit 4.24 → 4.25 (+0.00 MW, per_pool_limit=2.12 MWh/period from external)
    ✓ Updated 0.5c_battery: pool_limit 13968.93 → 14185.88 (+216.94 MW, per_pool_limit=7092.94 MWh/period from external)
    ✓ Updated 1c_battery: pool_limit 424.85 → 431.44 (+6.60 MW, per_pool_limit=215.72 MWh/period from external)
    ✓ Updated 0.25c_battery: pool_limit 1699.38 → 1725.78 (+26.39 MW, per_pool_limit=862.89 MWh/period from external)
    ✓ Updated hydrogen_battery: pool_limit 4.25 → 4.31 (+0.07 MW, per_pool_limit=2.16 MWh/period from external)
    ✓ Updated 0.5c_battery: pool_limit 14185.88 → 14272.65 (+86.78 MW, per_pool_limit=7136.33 MWh/period from external)
    ✓ Updated 1c_battery: pool_limit 431.44 → 434.08 (+2.64 MW, per_pool_limit=217.04 MWh/period from external)
    ✓ Updated 0.25c_battery: pool_limit 1725.78 → 1736.33 (+10.56 MW, per_pool_limit=868.17 MWh/period from external)
    ✓ Updated hydrogen_battery: pool_limit 4.31 → 4.34 (+0.03 MW, per_pool_limit=2.17 MWh/period from external)
    ✓ Updated 0.5c_battery: pool_limit 14272.65 → 14333.40 (+60.74 MW, per_pool_limit=7166.70 MWh/period from external)
    ✓ Updated 1c_battery: pool_limit 434.08 → 435.93 (+1.85 MW, per_pool_limit=217.97 MWh/period from external)
    ✓ Updated 0.25c_battery: pool_limit 1736.33 → 1743.72 (+7.39 MW, per_pool_limit=871.86 MWh/period from external)
    ✓ Updated hydrogen_battery: pool_limit 4.34 → 4.36 (+0.02 MW, per_pool_limit=2.18 MWh/period from external)
    ✓ Updated 0.5c_battery: pool_limit 14333.40 → 14376.35 (+42.95 MW, per_pool_limit=7188.18 MWh/period from external)
    ✓ Updated 1c_battery: pool_limit 435.93 → 437.24 (+1.31 MW, per_pool_limit=218.62 MWh/period from external)
    ✓ Updated 0.25c_battery: pool_limit 1743.72 → 1748.95 (+5.23 MW, per_pool_limit=874.47 MWh/period from external)
    ✓ Updated hydrogen_battery: pool_limit 4.36 → 4.37 (+0.01 MW, per_pool_limit=2.19 MWh/period from external)
    ✓ Updated 0.5c_battery: pool_limit 14376.35 → 14723.46 (+347.11 MW, per_pool_limit=7361.73 MWh/period from external)
    ✓ Updated 1c_battery: pool_limit 437.24 → 447.79 (+10.56 MW, per_pool_limit=223.90 MWh/period from external)
    ✓ Updated 0.25c_battery: pool_limit 1748.95 → 1791.18 (+42.23 MW, per_pool_limit=895.59 MWh/period from external)
    ✓ Updated hydrogen_battery: pool_limit 4.37 → 4.48 (+0.11 MW, per_pool_limit=2.24 MWh/period from external)
    ✓ Updated 0.5c_battery: pool_limit 14723.46 → 14897.02 (+173.56 MW, per_pool_limit=7448.51 MWh/period from external)
    ✓ Updated 1c_battery: pool_limit 447.79 → 453.07 (+5.28 MW, per_pool_limit=226.54 MWh/period from external)
    ✓ Updated 0.25c_battery: pool_limit 1791.18 → 1812.29 (+21.11 MW, per_pool_limit=906.14 MWh/period from external)
    ✓ Updated hydrogen_battery: pool_limit 4.48 → 4.53 (+0.05 MW, per_pool_limit=2.27 MWh/period from external)
    ✓ Updated 0.5c_battery: pool_limit 14897.02 → 14918.71 (+21.69 MW, per_pool_limit=7459.36 MWh/period from external)
    ✓ Updated 1c_battery: pool_limit 453.07 → 453.73 (+0.66 MW, per_pool_limit=226.87 MWh/period from external)
    ✓ Updated 0.25c_battery: pool_limit 1812.29 → 1814.93 (+2.64 MW, per_pool_limit=907.46 MWh/period from external)
    ✓ Updated hydrogen_battery: pool_limit 4.53 → 4.54 (+0.01 MW, per_pool_limit=2.27 MWh/period from external)
    ✓ Updated 0.5c_battery: pool_limit 14918.71 → 14927.39 (+8.68 MW, per_pool_limit=7463.69 MWh/period from external)
    ✓ Updated 1c_battery: pool_limit 453.73 → 454.00 (+0.26 MW, per_pool_limit=227.00 MWh/period from external)
    ✓ Updated 0.25c_battery: pool_limit 1814.93 → 1815.98 (+1.06 MW, per_pool_limit=907.99 MWh/period from external)
    ✓ Updated hydrogen_battery: pool_limit 4.54 → 4.54 (+0.00 MW, per_pool_limit=2.27 MWh/period from external)
    ✓ Updated 0.5c_battery: pool_limit 14927.39 → 14949.08 (+21.69 MW, per_pool_limit=7474.54 MWh/period from external)
    ✓ Updated 1c_battery: pool_limit 454.00 → 454.66 (+0.66 MW, per_pool_limit=227.33 MWh/period from external)
    ✓ Updated 0.25c_battery: pool_limit 1815.98 → 1818.62 (+2.64 MW, per_pool_limit=909.31 MWh/period from external)
    ✓ Updated hydrogen_battery: pool_limit 4.54 → 4.55 (+0.01 MW, per_pool_limit=2.27 MWh/period from external)
    ✓ Updated 0.5c_battery: pool_limit 14949.08 → 14975.12 (+26.03 MW, per_pool_limit=7487.56 MWh/period from external)
    ✓ Updated 1c_battery: pool_limit 454.66 → 455.45 (+0.79 MW, per_pool_limit=227.72 MWh/period from external)
    ✓ Updated 0.25c_battery: pool_limit 1818.62 → 1821.79 (+3.17 MW, per_pool_limit=910.90 MWh/period from external)
    ✓ Updated hydrogen_battery: pool_limit 4.55 → 4.55 (+0.01 MW, per_pool_limit=2.28 MWh/period from external)
    ✓ Updated 0.5c_battery: pool_limit 14975.12 → 15018.46 (+43.35 MW, per_pool_limit=7509.23 MWh/period from external)
    ✓ Updated 1c_battery: pool_limit 455.45 → 456.77 (+1.32 MW, per_pool_limit=228.38 MWh/period from external)
    ✓ Updated 0.25c_battery: pool_limit 1821.79 → 1827.06 (+5.27 MW, per_pool_limit=913.53 MWh/period from external)
    ✓ Updated hydrogen_battery: pool_limit 4.55 → 4.57 (+0.01 MW, per_pool_limit=2.28 MWh/period from external)
    ✓ Updated 0.5c_battery: pool_limit 15018.46 → 15061.84 (+43.38 MW, per_pool_limit=7530.92 MWh/period from external)
    ✓ Updated 1c_battery: pool_limit 456.77 → 458.09 (+1.32 MW, per_pool_limit=229.04 MWh/period from external)
    ✓ Updated 0.25c_battery: pool_limit 1827.06 → 1832.34 (+5.28 MW, per_pool_limit=916.17 MWh/period from external)
    ✓ Updated hydrogen_battery: pool_limit 4.57 → 4.58 (+0.01 MW, per_pool_limit=2.29 MWh/period from external)
    ✓ Updated 0.5c_battery: pool_limit 15061.84 → 15105.14 (+43.30 MW, per_pool_limit=7552.57 MWh/period from external)
    ✓ Updated 1c_battery: pool_limit 458.09 → 459.40 (+1.32 MW, per_pool_limit=229.70 MWh/period from external)
    ✓ Updated 0.25c_battery: pool_limit 1832.34 → 1837.61 (+5.27 MW, per_pool_limit=918.80 MWh/period from external)
    ✓ Updated hydrogen_battery: pool_limit 4.58 → 4.59 (+0.01 MW, per_pool_limit=2.30 MWh/period from external)
    ✓ Updated 0.5c_battery: pool_limit 15105.14 → 15191.92 (+86.78 MW, per_pool_limit=7595.96 MWh/period from external)
    ✓ Updated 1c_battery: pool_limit 459.40 → 462.04 (+2.64 MW, per_pool_limit=231.02 MWh/period from external)
    ✓ Updated 0.25c_battery: pool_limit 1837.61 → 1848.17 (+10.56 MW, per_pool_limit=924.08 MWh/period from external)
    ✓ Updated hydrogen_battery: pool_limit 4.59 → 4.62 (+0.03 MW, per_pool_limit=2.31 MWh/period from external)
    ✓ Updated 0.5c_battery: pool_limit 15191.92 → 16059.70 (+867.78 MW, per_pool_limit=8029.85 MWh/period from external)
    ✓ Updated 1c_battery: pool_limit 462.04 → 488.43 (+26.39 MW, per_pool_limit=244.22 MWh/period from external)
    ✓ Updated 0.25c_battery: pool_limit 1848.17 → 1953.73 (+105.57 MW, per_pool_limit=976.87 MWh/period from external)
    ✓ Updated hydrogen_battery: pool_limit 4.62 → 4.88 (+0.26 MW, per_pool_limit=2.44 MWh/period from external)
    ✓ Updated 0.5c_battery: pool_limit 16059.70 → 16146.39 (+86.69 MW, per_pool_limit=8073.19 MWh/period from external)
    ✓ Updated 1c_battery: pool_limit 488.43 → 491.07 (+2.64 MW, per_pool_limit=245.54 MWh/period from external)
    ✓ Updated 0.25c_battery: pool_limit 1953.73 → 1964.28 (+10.55 MW, per_pool_limit=982.14 MWh/period from external)
    ✓ Updated hydrogen_battery: pool_limit 4.88 → 4.91 (+0.03 MW, per_pool_limit=2.46 MWh/period from external)
    ✓ Updated 0.5c_battery: pool_limit 16146.39 → 16189.69 (+43.30 MW, per_pool_limit=8094.85 MWh/period from external)
    ✓ Updated 1c_battery: pool_limit 491.07 → 492.39 (+1.32 MW, per_pool_limit=246.19 MWh/period from external)
    ✓ Updated 0.25c_battery: pool_limit 1964.28 → 1969.55 (+5.27 MW, per_pool_limit=984.77 MWh/period from external)
    ✓ Updated hydrogen_battery: pool_limit 4.91 → 4.92 (+0.01 MW, per_pool_limit=2.46 MWh/period from external)
    ✓ Updated 0.5c_battery: pool_limit 16189.69 → 16224.40 (+34.71 MW, per_pool_limit=8112.20 MWh/period from external)
    ✓ Updated 1c_battery: pool_limit 492.39 → 493.44 (+1.06 MW, per_pool_limit=246.72 MWh/period from external)
    ✓ Updated 0.25c_battery: pool_limit 1969.55 → 1973.77 (+4.22 MW, per_pool_limit=986.89 MWh/period from external)
    ✓ Updated hydrogen_battery: pool_limit 4.92 → 4.93 (+0.01 MW, per_pool_limit=2.47 MWh/period from external)
    ✓ Updated 0.5c_battery: pool_limit 16224.40 → 16233.08 (+8.68 MW, per_pool_limit=8116.54 MWh/period from external)
    ✓ Updated 1c_battery: pool_limit 493.44 → 493.71 (+0.26 MW, per_pool_limit=246.85 MWh/period from external)
    ✓ Updated 0.25c_battery: pool_limit 1973.77 → 1974.83 (+1.06 MW, per_pool_limit=987.41 MWh/period from external)
    ✓ Updated hydrogen_battery: pool_limit 4.93 → 4.94 (+0.00 MW, per_pool_limit=2.47 MWh/period from external)
    ✓ Updated 0.5c_battery: pool_limit 16233.08 → 16267.79 (+34.71 MW, per_pool_limit=8133.90 MWh/period from external)
    ✓ Updated 1c_battery: pool_limit 493.71 → 494.76 (+1.06 MW, per_pool_limit=247.38 MWh/period from external)
    ✓ Updated 0.25c_battery: pool_limit 1974.83 → 1979.05 (+4.22 MW, per_pool_limit=989.52 MWh/period from external)
    ✓ Updated hydrogen_battery: pool_limit 4.94 → 4.95 (+0.01 MW, per_pool_limit=2.47 MWh/period from external)
    ✓ Updated 0.5c_battery: pool_limit 16267.79 → 16268.73 (+0.94 MW, per_pool_limit=8134.36 MWh/period from external)
    ✓ Updated 1c_battery: pool_limit 494.76 → 494.79 (+0.03 MW, per_pool_limit=247.40 MWh/period from external)
    ✓ Updated 0.25c_battery: pool_limit 1979.05 → 1979.16 (+0.11 MW, per_pool_limit=989.58 MWh/period from external)
    ✓ Updated hydrogen_battery: pool_limit 4.95 → 4.95 (+0.00 MW, per_pool_limit=2.47 MWh/period from external)
    ✓ Updated 0.5c_battery: pool_limit 16268.73 → 16299.10 (+30.37 MW, per_pool_limit=8149.55 MWh/period from external)
    ✓ Updated 1c_battery: pool_limit 494.79 → 495.71 (+0.92 MW, per_pool_limit=247.86 MWh/period from external)
    ✓ Updated 0.25c_battery: pool_limit 1979.16 → 1982.86 (+3.69 MW, per_pool_limit=991.43 MWh/period from external)
    ✓ Updated hydrogen_battery: pool_limit 4.95 → 4.96 (+0.01 MW, per_pool_limit=2.48 MWh/period from external)
    ✓ Updated 0.5c_battery: pool_limit 16299.10 → 16342.49 (+43.39 MW, per_pool_limit=8171.24 MWh/period from external)
    ✓ Updated 1c_battery: pool_limit 495.71 → 497.03 (+1.32 MW, per_pool_limit=248.52 MWh/period from external)
    ✓ Updated 0.25c_battery: pool_limit 1982.86 → 1988.14 (+5.28 MW, per_pool_limit=994.07 MWh/period from external)
    ✓ Updated hydrogen_battery: pool_limit 4.96 → 4.97 (+0.01 MW, per_pool_limit=2.49 MWh/period from external)
    ✓ Updated 0.5c_battery: pool_limit 16342.49 → 16385.88 (+43.39 MW, per_pool_limit=8192.94 MWh/period from external)
    ✓ Updated 1c_battery: pool_limit 497.03 → 498.35 (+1.32 MW, per_pool_limit=249.18 MWh/period from external)
    ✓ Updated 0.25c_battery: pool_limit 1988.14 → 1993.42 (+5.28 MW, per_pool_limit=996.71 MWh/period from external)
    ✓ Updated hydrogen_battery: pool_limit 4.97 → 4.98 (+0.01 MW, per_pool_limit=2.49 MWh/period from external)
    ✓ Updated 0.5c_battery: pool_limit 16385.88 → 16420.59 (+34.71 MW, per_pool_limit=8210.29 MWh/period from external)
    ✓ Updated 1c_battery: pool_limit 498.35 → 499.41 (+1.06 MW, per_pool_limit=249.70 MWh/period from external)
    ✓ Updated 0.25c_battery: pool_limit 1993.42 → 1997.64 (+4.22 MW, per_pool_limit=998.82 MWh/period from external)
    ✓ Updated hydrogen_battery: pool_limit 4.98 → 4.99 (+0.01 MW, per_pool_limit=2.50 MWh/period from external)
    ✓ Updated 0.5c_battery: pool_limit 16420.59 → 16455.30 (+34.71 MW, per_pool_limit=8227.65 MWh/period from external)
    ✓ Updated 1c_battery: pool_limit 499.41 → 500.47 (+1.06 MW, per_pool_limit=250.23 MWh/period from external)
    ✓ Updated 0.25c_battery: pool_limit 1997.64 → 2001.86 (+4.22 MW, per_pool_limit=1000.93 MWh/period from external)
    ✓ Updated hydrogen_battery: pool_limit 4.99 → 5.00 (+0.01 MW, per_pool_limit=2.50 MWh/period from external)
    ✓ Updated 0.5c_battery: pool_limit 16455.30 → 16498.69 (+43.39 MW, per_pool_limit=8249.34 MWh/period from external)
    ✓ Updated 1c_battery: pool_limit 500.47 → 501.78 (+1.32 MW, per_pool_limit=250.89 MWh/period from external)
    ✓ Updated 0.25c_battery: pool_limit 2001.86 → 2007.14 (+5.28 MW, per_pool_limit=1003.57 MWh/period from external)
    ✓ Updated hydrogen_battery: pool_limit 5.00 → 5.02 (+0.01 MW, per_pool_limit=2.51 MWh/period from external)
    ✓ Updated 0.5c_battery: pool_limit 16498.69 → 16845.80 (+347.11 MW, per_pool_limit=8422.90 MWh/period from external)
    ✓ Updated 1c_battery: pool_limit 501.78 → 512.34 (+10.56 MW, per_pool_limit=256.17 MWh/period from external)
    ✓ Updated 0.25c_battery: pool_limit 2007.14 → 2049.37 (+42.23 MW, per_pool_limit=1024.68 MWh/period from external)
    ✓ Updated hydrogen_battery: pool_limit 5.02 → 5.12 (+0.11 MW, per_pool_limit=2.56 MWh/period from external)
    ✓ Updated 0.5c_battery: pool_limit 16845.80 → 17054.06 (+208.27 MW, per_pool_limit=8527.03 MWh/period from external)
    ✓ Updated 1c_battery: pool_limit 512.34 → 518.68 (+6.33 MW, per_pool_limit=259.34 MWh/period from external)
    ✓ Updated 0.25c_battery: pool_limit 2049.37 → 2074.70 (+25.34 MW, per_pool_limit=1037.35 MWh/period from external)
    ✓ Updated hydrogen_battery: pool_limit 5.12 → 5.19 (+0.06 MW, per_pool_limit=2.59 MWh/period from external)
    ✓ Updated 0.5c_battery: pool_limit 17054.06 → 17058.40 (+4.34 MW, per_pool_limit=8529.20 MWh/period from external)
    ✓ Updated 1c_battery: pool_limit 518.68 → 518.81 (+0.13 MW, per_pool_limit=259.40 MWh/period from external)
    ✓ Updated 0.25c_battery: pool_limit 2074.70 → 2075.23 (+0.53 MW, per_pool_limit=1037.62 MWh/period from external)
    ✓ Updated hydrogen_battery: pool_limit 5.19 → 5.19 (+0.00 MW, per_pool_limit=2.59 MWh/period from external)
    ✓ Updated 0.5c_battery: pool_limit 17058.40 → 17084.44 (+26.03 MW, per_pool_limit=8542.22 MWh/period from external)
    ✓ Updated 1c_battery: pool_limit 518.81 → 519.60 (+0.79 MW, per_pool_limit=259.80 MWh/period from external)
    ✓ Updated 0.25c_battery: pool_limit 2075.23 → 2078.40 (+3.17 MW, per_pool_limit=1039.20 MWh/period from external)
    ✓ Updated hydrogen_battery: pool_limit 5.19 → 5.20 (+0.01 MW, per_pool_limit=2.60 MWh/period from external)
    ✓ Updated 0.5c_battery: pool_limit 17084.44 → 17431.55 (+347.11 MW, per_pool_limit=8715.77 MWh/period from external)
    ✓ Updated 1c_battery: pool_limit 519.60 → 530.16 (+10.56 MW, per_pool_limit=265.08 MWh/period from external)
    ✓ Updated 0.25c_battery: pool_limit 2078.40 → 2120.63 (+42.23 MW, per_pool_limit=1060.31 MWh/period from external)
    ✓ Updated hydrogen_battery: pool_limit 5.20 → 5.30 (+0.11 MW, per_pool_limit=2.65 MWh/period from external)
    ✓ Updated 0.5c_battery: pool_limit 17431.55 → 17433.28 (+1.74 MW, per_pool_limit=8716.64 MWh/period from external)
    ✓ Updated 1c_battery: pool_limit 530.16 → 530.21 (+0.05 MW, per_pool_limit=265.10 MWh/period from external)
    ✓ Updated 0.25c_battery: pool_limit 2120.63 → 2120.84 (+0.21 MW, per_pool_limit=1060.42 MWh/period from external)
    ✓ Updated hydrogen_battery: pool_limit 5.30 → 5.30 (+0.00 MW, per_pool_limit=2.65 MWh/period from external)
    ✓ Updated 0.5c_battery: pool_limit 17433.28 → 17489.69 (+56.41 MW, per_pool_limit=8744.84 MWh/period from external)
    ✓ Updated 1c_battery: pool_limit 530.21 → 531.92 (+1.72 MW, per_pool_limit=265.96 MWh/period from external)
    ✓ Updated 0.25c_battery: pool_limit 2120.84 → 2127.70 (+6.86 MW, per_pool_limit=1063.85 MWh/period from external)
    ✓ Updated hydrogen_battery: pool_limit 5.30 → 5.32 (+0.02 MW, per_pool_limit=2.66 MWh/period from external)
    ✓ Updated 0.5c_battery: pool_limit 17489.69 → 17524.40 (+34.71 MW, per_pool_limit=8762.20 MWh/period from external)
    ✓ Updated 1c_battery: pool_limit 531.92 → 532.98 (+1.06 MW, per_pool_limit=266.49 MWh/period from external)
    ✓ Updated 0.25c_battery: pool_limit 2127.70 → 2131.92 (+4.22 MW, per_pool_limit=1065.96 MWh/period from external)
    ✓ Updated hydrogen_battery: pool_limit 5.32 → 5.33 (+0.01 MW, per_pool_limit=2.66 MWh/period from external)
    ✓ Updated 0.5c_battery: pool_limit 17524.40 → 18001.67 (+477.28 MW, per_pool_limit=9000.84 MWh/period from external)
    ✓ Updated 1c_battery: pool_limit 532.98 → 547.50 (+14.52 MW, per_pool_limit=273.75 MWh/period from external)
    ✓ Updated 0.25c_battery: pool_limit 2131.92 → 2189.98 (+58.06 MW, per_pool_limit=1094.99 MWh/period from external)
    ✓ Updated hydrogen_battery: pool_limit 5.33 → 5.47 (+0.15 MW, per_pool_limit=2.74 MWh/period from external)
    ✓ Updated 0.5c_battery: pool_limit 18001.67 → 18175.23 (+173.56 MW, per_pool_limit=9087.61 MWh/period from external)
    ✓ Updated 1c_battery: pool_limit 547.50 → 552.77 (+5.28 MW, per_pool_limit=276.39 MWh/period from external)
    ✓ Updated 0.25c_battery: pool_limit 2189.98 → 2211.10 (+21.11 MW, per_pool_limit=1105.55 MWh/period from external)
    ✓ Updated hydrogen_battery: pool_limit 5.47 → 5.53 (+0.05 MW, per_pool_limit=2.76 MWh/period from external)
    ✓ Updated 0.5c_battery: pool_limit 18175.23 → 18348.78 (+173.56 MW, per_pool_limit=9174.39 MWh/period from external)
    ✓ Updated 1c_battery: pool_limit 552.77 → 558.05 (+5.28 MW, per_pool_limit=279.03 MWh/period from external)
    ✓ Updated 0.25c_battery: pool_limit 2211.10 → 2232.21 (+21.11 MW, per_pool_limit=1116.11 MWh/period from external)
    ✓ Updated hydrogen_battery: pool_limit 5.53 → 5.58 (+0.05 MW, per_pool_limit=2.79 MWh/period from external)
    ✓ Updated 0.5c_battery: pool_limit 18348.78 → 18374.82 (+26.03 MW, per_pool_limit=9187.41 MWh/period from external)
    ✓ Updated 1c_battery: pool_limit 558.05 → 558.84 (+0.79 MW, per_pool_limit=279.42 MWh/period from external)
    ✓ Updated 0.25c_battery: pool_limit 2232.21 → 2235.38 (+3.17 MW, per_pool_limit=1117.69 MWh/period from external)
    ✓ Updated hydrogen_battery: pool_limit 5.58 → 5.59 (+0.01 MW, per_pool_limit=2.79 MWh/period from external)
    ✓ Updated 0.5c_battery: pool_limit 18374.82 → 18413.87 (+39.05 MW, per_pool_limit=9206.93 MWh/period from external)
    ✓ Updated 1c_battery: pool_limit 558.84 → 560.03 (+1.19 MW, per_pool_limit=280.02 MWh/period from external)
    ✓ Updated 0.25c_battery: pool_limit 2235.38 → 2240.13 (+4.75 MW, per_pool_limit=1120.06 MWh/period from external)
    ✓ Updated hydrogen_battery: pool_limit 5.59 → 5.60 (+0.01 MW, per_pool_limit=2.80 MWh/period from external)
    ✓ Updated 0.5c_battery: pool_limit 18413.87 → 18457.17 (+43.30 MW, per_pool_limit=9228.58 MWh/period from external)
    ✓ Updated 1c_battery: pool_limit 560.03 → 561.35 (+1.32 MW, per_pool_limit=280.67 MWh/period from external)
    ✓ Updated 0.25c_battery: pool_limit 2240.13 → 2245.40 (+5.27 MW, per_pool_limit=1122.70 MWh/period from external)
    ✓ Updated hydrogen_battery: pool_limit 5.60 → 5.61 (+0.01 MW, per_pool_limit=2.81 MWh/period from external)
    ✓ Updated 0.5c_battery: pool_limit 18457.17 → 18804.28 (+347.11 MW, per_pool_limit=9402.14 MWh/period from external)
    ✓ Updated 1c_battery: pool_limit 561.35 → 571.91 (+10.56 MW, per_pool_limit=285.95 MWh/period from external)
    ✓ Updated 0.25c_battery: pool_limit 2245.40 → 2287.63 (+42.23 MW, per_pool_limit=1143.81 MWh/period from external)
    ✓ Updated hydrogen_battery: pool_limit 5.61 → 5.72 (+0.11 MW, per_pool_limit=2.86 MWh/period from external)
    ✓ Updated 0.5c_battery: pool_limit 18804.28 → 18830.31 (+26.03 MW, per_pool_limit=9415.16 MWh/period from external)
    ✓ Updated 1c_battery: pool_limit 571.91 → 572.70 (+0.79 MW, per_pool_limit=286.35 MWh/period from external)
    ✓ Updated 0.25c_battery: pool_limit 2287.63 → 2290.79 (+3.17 MW, per_pool_limit=1145.40 MWh/period from external)
    ✓ Updated hydrogen_battery: pool_limit 5.72 → 5.73 (+0.01 MW, per_pool_limit=2.86 MWh/period from external)
    ✓ Updated 0.5c_battery: pool_limit 18830.31 → 18836.39 (+6.07 MW, per_pool_limit=9418.19 MWh/period from external)
    ✓ Updated 1c_battery: pool_limit 572.70 → 572.88 (+0.18 MW, per_pool_limit=286.44 MWh/period from external)
    ✓ Updated 0.25c_battery: pool_limit 2290.79 → 2291.53 (+0.74 MW, per_pool_limit=1145.77 MWh/period from external)
    ✓ Updated hydrogen_battery: pool_limit 5.73 → 5.73 (+0.00 MW, per_pool_limit=2.86 MWh/period from external)
    ✓ Updated 0.5c_battery: pool_limit 18836.39 → 18923.16 (+86.78 MW, per_pool_limit=9461.58 MWh/period from external)
    ✓ Updated 1c_battery: pool_limit 572.88 → 575.52 (+2.64 MW, per_pool_limit=287.76 MWh/period from external)
    ✓ Updated 0.25c_battery: pool_limit 2291.53 → 2302.09 (+10.56 MW, per_pool_limit=1151.04 MWh/period from external)
    ✓ Updated hydrogen_battery: pool_limit 5.73 → 5.76 (+0.03 MW, per_pool_limit=2.88 MWh/period from external)
    ✓ Updated 0.5c_battery: pool_limit 18923.16 → 18929.67 (+6.51 MW, per_pool_limit=9464.84 MWh/period from external)
    ✓ Updated 1c_battery: pool_limit 575.52 → 575.72 (+0.20 MW, per_pool_limit=287.86 MWh/period from external)
    ✓ Updated 0.25c_battery: pool_limit 2302.09 → 2302.88 (+0.79 MW, per_pool_limit=1151.44 MWh/period from external)
    ✓ Updated hydrogen_battery: pool_limit 5.76 → 5.76 (+0.00 MW, per_pool_limit=2.88 MWh/period from external)
    ✓ Updated 0.5c_battery: pool_limit 18929.67 → 19450.34 (+520.67 MW, per_pool_limit=9725.17 MWh/period from external)
    ✓ Updated 1c_battery: pool_limit 575.72 → 591.56 (+15.84 MW, per_pool_limit=295.78 MWh/period from external)
    ✓ Updated 0.25c_battery: pool_limit 2302.88 → 2366.22 (+63.34 MW, per_pool_limit=1183.11 MWh/period from external)
    ✓ Updated hydrogen_battery: pool_limit 5.76 → 5.92 (+0.16 MW, per_pool_limit=2.96 MWh/period from external)
    ✓ Updated 0.5c_battery: pool_limit 19450.34 → 19493.73 (+43.39 MW, per_pool_limit=9746.86 MWh/period from external)
    ✓ Updated 1c_battery: pool_limit 591.56 → 592.87 (+1.32 MW, per_pool_limit=296.44 MWh/period from external)
    ✓ Updated 0.25c_battery: pool_limit 2366.22 → 2371.50 (+5.28 MW, per_pool_limit=1185.75 MWh/period from external)
    ✓ Updated hydrogen_battery: pool_limit 5.92 → 5.93 (+0.01 MW, per_pool_limit=2.96 MWh/period from external)
    ✓ Updated 0.5c_battery: pool_limit 19493.73 → 19579.64 (+85.91 MW, per_pool_limit=9789.82 MWh/period from external)
    ✓ Updated 1c_battery: pool_limit 592.87 → 595.49 (+2.61 MW, per_pool_limit=297.74 MWh/period from external)
    ✓ Updated 0.25c_battery: pool_limit 2371.50 → 2381.95 (+10.45 MW, per_pool_limit=1190.98 MWh/period from external)
    ✓ Updated hydrogen_battery: pool_limit 5.93 → 5.95 (+0.03 MW, per_pool_limit=2.98 MWh/period from external)
    ✓ Updated 0.5c_battery: pool_limit 19579.64 → 19665.55 (+85.91 MW, per_pool_limit=9832.77 MWh/period from external)
    ✓ Updated 1c_battery: pool_limit 595.49 → 598.10 (+2.61 MW, per_pool_limit=299.05 MWh/period from external)
    ✓ Updated 0.25c_battery: pool_limit 2381.95 → 2392.40 (+10.45 MW, per_pool_limit=1196.20 MWh/period from external)
    ✓ Updated hydrogen_battery: pool_limit 5.95 → 5.98 (+0.03 MW, per_pool_limit=2.99 MWh/period from external)
    ✓ Updated 0.5c_battery: pool_limit 19665.55 → 19710.67 (+45.12 MW, per_pool_limit=9855.34 MWh/period from external)
    ✓ Updated 1c_battery: pool_limit 598.10 → 599.47 (+1.37 MW, per_pool_limit=299.74 MWh/period from external)
    ✓ Updated 0.25c_battery: pool_limit 2392.40 → 2397.89 (+5.49 MW, per_pool_limit=1198.95 MWh/period from external)
    ✓ Updated hydrogen_battery: pool_limit 5.98 → 5.99 (+0.01 MW, per_pool_limit=3.00 MWh/period from external)
    ✓ Updated 0.5c_battery: pool_limit 19710.67 → 19719.35 (+8.68 MW, per_pool_limit=9859.67 MWh/period from external)
    ✓ Updated 1c_battery: pool_limit 599.47 → 599.74 (+0.26 MW, per_pool_limit=299.87 MWh/period from external)
    ✓ Updated 0.25c_battery: pool_limit 2397.89 → 2398.95 (+1.06 MW, per_pool_limit=1199.47 MWh/period from external)
    ✓ Updated hydrogen_battery: pool_limit 5.99 → 6.00 (+0.00 MW, per_pool_limit=3.00 MWh/period from external)
    ✓ Updated 0.5c_battery: pool_limit 19719.35 → 19736.70 (+17.36 MW, per_pool_limit=9868.35 MWh/period from external)
    ✓ Updated 1c_battery: pool_limit 599.74 → 600.26 (+0.53 MW, per_pool_limit=300.13 MWh/period from external)
    ✓ Updated 0.25c_battery: pool_limit 2398.95 → 2401.06 (+2.11 MW, per_pool_limit=1200.53 MWh/period from external)
    ✓ Updated hydrogen_battery: pool_limit 6.00 → 6.00 (+0.01 MW, per_pool_limit=3.00 MWh/period from external)
    ✓ Updated 0.5c_battery: pool_limit 19736.70 → 19741.91 (+5.21 MW, per_pool_limit=9870.96 MWh/period from external)
    ✓ Updated 1c_battery: pool_limit 600.26 → 600.42 (+0.16 MW, per_pool_limit=300.21 MWh/period from external)
    ✓ Updated 0.25c_battery: pool_limit 2401.06 → 2401.69 (+0.63 MW, per_pool_limit=1200.85 MWh/period from external)
    ✓ Updated hydrogen_battery: pool_limit 6.00 → 6.00 (+0.00 MW, per_pool_limit=3.00 MWh/period from external)
    ✓ Updated 0.5c_battery: pool_limit 19741.91 → 20089.02 (+347.11 MW, per_pool_limit=10044.51 MWh/period from external)
    ✓ Updated 1c_battery: pool_limit 600.42 → 610.98 (+10.56 MW, per_pool_limit=305.49 MWh/period from external)
    ✓ Updated 0.25c_battery: pool_limit 2401.69 → 2443.92 (+42.23 MW, per_pool_limit=1221.96 MWh/period from external)
    ✓ Updated hydrogen_battery: pool_limit 6.00 → 6.11 (+0.11 MW, per_pool_limit=3.05 MWh/period from external)
    ✓ Updated 0.5c_battery: pool_limit 20089.02 → 20158.44 (+69.42 MW, per_pool_limit=10079.22 MWh/period from external)
    ✓ Updated 1c_battery: pool_limit 610.98 → 613.09 (+2.11 MW, per_pool_limit=306.55 MWh/period from external)
    ✓ Updated 0.25c_battery: pool_limit 2443.92 → 2452.37 (+8.45 MW, per_pool_limit=1226.18 MWh/period from external)
    ✓ Updated hydrogen_battery: pool_limit 6.11 → 6.13 (+0.02 MW, per_pool_limit=3.07 MWh/period from external)
    ✓ Updated 0.5c_battery: pool_limit 20158.44 → 20175.80 (+17.36 MW, per_pool_limit=10087.90 MWh/period from external)
    ✓ Updated 1c_battery: pool_limit 613.09 → 613.62 (+0.53 MW, per_pool_limit=306.81 MWh/period from external)
    ✓ Updated 0.25c_battery: pool_limit 2452.37 → 2454.48 (+2.11 MW, per_pool_limit=1227.24 MWh/period from external)
    ✓ Updated hydrogen_battery: pool_limit 6.13 → 6.14 (+0.01 MW, per_pool_limit=3.07 MWh/period from external)
    ✓ Updated 0.5c_battery: pool_limit 20175.80 → 20193.15 (+17.36 MW, per_pool_limit=10096.58 MWh/period from external)
    ✓ Updated 1c_battery: pool_limit 613.62 → 614.15 (+0.53 MW, per_pool_limit=307.07 MWh/period from external)
    ✓ Updated 0.25c_battery: pool_limit 2454.48 → 2456.59 (+2.11 MW, per_pool_limit=1228.29 MWh/period from external)
    ✓ Updated hydrogen_battery: pool_limit 6.14 → 6.14 (+0.01 MW, per_pool_limit=3.07 MWh/period from external)
    ✓ Updated 0.5c_battery: pool_limit 20193.15 → 20201.83 (+8.68 MW, per_pool_limit=10100.92 MWh/period from external)
    ✓ Updated 1c_battery: pool_limit 614.15 → 614.41 (+0.26 MW, per_pool_limit=307.21 MWh/period from external)
    ✓ Updated 0.25c_battery: pool_limit 2456.59 → 2457.64 (+1.06 MW, per_pool_limit=1228.82 MWh/period from external)
    ✓ Updated hydrogen_battery: pool_limit 6.14 → 6.14 (+0.00 MW, per_pool_limit=3.07 MWh/period from external)
    ✓ Updated 0.5c_battery: pool_limit 20201.83 → 20635.72 (+433.89 MW, per_pool_limit=10317.86 MWh/period from external)
    ✓ Updated 1c_battery: pool_limit 614.41 → 627.61 (+13.20 MW, per_pool_limit=313.80 MWh/period from external)
    ✓ Updated 0.25c_battery: pool_limit 2457.64 → 2510.43 (+52.78 MW, per_pool_limit=1255.21 MWh/period from external)
    ✓ Updated hydrogen_battery: pool_limit 6.14 → 6.28 (+0.13 MW, per_pool_limit=3.14 MWh/period from external)
    ✓ Updated 0.5c_battery: pool_limit 20635.72 → 20670.43 (+34.71 MW, per_pool_limit=10335.21 MWh/period from external)
    ✓ Updated 1c_battery: pool_limit 627.61 → 628.66 (+1.06 MW, per_pool_limit=314.33 MWh/period from external)
    ✓ Updated 0.25c_battery: pool_limit 2510.43 → 2514.65 (+4.22 MW, per_pool_limit=1257.33 MWh/period from external)
    ✓ Updated hydrogen_battery: pool_limit 6.28 → 6.29 (+0.01 MW, per_pool_limit=3.14 MWh/period from external)
    ✓ Updated 0.5c_battery: pool_limit 20670.43 → 20680.84 (+10.41 MW, per_pool_limit=10340.42 MWh/period from external)
    ✓ Updated 1c_battery: pool_limit 628.66 → 628.98 (+0.32 MW, per_pool_limit=314.49 MWh/period from external)
    ✓ Updated 0.25c_battery: pool_limit 2514.65 → 2515.92 (+1.27 MW, per_pool_limit=1257.96 MWh/period from external)
    ✓ Updated hydrogen_battery: pool_limit 6.29 → 6.29 (+0.00 MW, per_pool_limit=3.14 MWh/period from external)
    ✓ Updated 0.5c_battery: pool_limit 20680.84 → 20682.93 (+2.08 MW, per_pool_limit=10341.46 MWh/period from external)
    ✓ Updated 1c_battery: pool_limit 628.98 → 629.04 (+0.06 MW, per_pool_limit=314.52 MWh/period from external)
    ✓ Updated 0.25c_battery: pool_limit 2515.92 → 2516.17 (+0.25 MW, per_pool_limit=1258.09 MWh/period from external)
    ✓ Updated hydrogen_battery: pool_limit 6.29 → 6.29 (+0.00 MW, per_pool_limit=3.15 MWh/period from external)
    ✓ Updated 0.5c_battery: pool_limit 20682.93 → 20708.96 (+26.03 MW, per_pool_limit=10354.48 MWh/period from external)
    ✓ Updated 1c_battery: pool_limit 629.04 → 629.83 (+0.79 MW, per_pool_limit=314.92 MWh/period from external)
    ✓ Updated 0.25c_battery: pool_limit 2516.17 → 2519.34 (+3.17 MW, per_pool_limit=1259.67 MWh/period from external)
    ✓ Updated hydrogen_battery: pool_limit 6.29 → 6.30 (+0.01 MW, per_pool_limit=3.15 MWh/period from external)
    ✓ Updated 0.5c_battery: pool_limit 20708.96 → 20752.35 (+43.39 MW, per_pool_limit=10376.17 MWh/period from external)
    ✓ Updated 1c_battery: pool_limit 629.83 → 631.15 (+1.32 MW, per_pool_limit=315.58 MWh/period from external)
    ✓ Updated 0.25c_battery: pool_limit 2519.34 → 2524.62 (+5.28 MW, per_pool_limit=1262.31 MWh/period from external)
    ✓ Updated hydrogen_battery: pool_limit 6.30 → 6.31 (+0.01 MW, per_pool_limit=3.16 MWh/period from external)
    ✓ Updated 0.5c_battery: pool_limit 20752.35 → 20787.06 (+34.71 MW, per_pool_limit=10393.53 MWh/period from external)
    ✓ Updated 1c_battery: pool_limit 631.15 → 632.21 (+1.06 MW, per_pool_limit=316.10 MWh/period from external)
    ✓ Updated 0.25c_battery: pool_limit 2524.62 → 2528.84 (+4.22 MW, per_pool_limit=1264.42 MWh/period from external)
    ✓ Updated hydrogen_battery: pool_limit 6.31 → 6.32 (+0.01 MW, per_pool_limit=3.16 MWh/period from external)
    ✓ Updated 0.5c_battery: pool_limit 20787.06 → 20804.41 (+17.36 MW, per_pool_limit=10402.21 MWh/period from external)
    ✓ Updated 1c_battery: pool_limit 632.21 → 632.74 (+0.53 MW, per_pool_limit=316.37 MWh/period from external)
    ✓ Updated 0.25c_battery: pool_limit 2528.84 → 2530.95 (+2.11 MW, per_pool_limit=1265.48 MWh/period from external)
    ✓ Updated hydrogen_battery: pool_limit 6.32 → 6.33 (+0.01 MW, per_pool_limit=3.16 MWh/period from external)
    ✓ Updated 0.5c_battery: pool_limit 20804.41 → 20808.75 (+4.34 MW, per_pool_limit=10404.38 MWh/period from external)
    ✓ Updated 1c_battery: pool_limit 632.74 → 632.87 (+0.13 MW, per_pool_limit=316.43 MWh/period from external)
    ✓ Updated 0.25c_battery: pool_limit 2530.95 → 2531.48 (+0.53 MW, per_pool_limit=1265.74 MWh/period from external)
    ✓ Updated hydrogen_battery: pool_limit 6.33 → 6.33 (+0.00 MW, per_pool_limit=3.16 MWh/period from external)
      ✓ onshore_Edinburgh: 10632.2MW → 10649.0MW (+16.80 MW, location-based assignment, distance: N/A km)
      ✓ onshore_Cardiff: 1217.2MW → 1252.2MW (+35.00 MW, location-based assignment, distance: N/A km)
      ✓ onshore_Edinburgh: 10649.0MW → 10650.0MW (+1.00 MW, location-based assignment, distance: N/A km)
      ✓ onshore_Edinburgh: 10650.0MW → 10670.0MW (+20.00 MW, location-based assignment, distance: N/A km)
      ✓ onshore_Edinburgh: 10670.0MW → 10706.0MW (+36.00 MW, location-based assignment, distance: N/A km)
      ✓ onshore_Edinburgh: 10706.0MW → 10778.6MW (+72.60 MW, location-based assignment, distance: N/A km)
      ✓ onshore_Edinburgh: 10778.6MW → 10787.6MW (+9.00 MW, location-based assignment, distance: N/A km)
      ✓ onshore_Ipswich: 451.7MW → 453.2MW (+1.50 MW, location-based assignment, distance: N/A km)
      ✓ onshore_Edinburgh: 10787.6MW → 10846.1MW (+58.50 MW, location-based assignment, distance: N/A km)
      ✓ onshore_Edinburgh: 10846.1MW → 10851.1MW (+5.00 MW, location-based assignment, distance: N/A km)
      ✓ onshore_Edinburgh: 10851.1MW → 10852.1MW (+1.00 MW, location-based assignment, distance: N/A km)
      ✓ onshore_Edinburgh: 10852.1MW → 10859.1MW (+7.05 MW, location-based assignment, distance: N/A km)
      ✓ onshore_Edinburgh: 10859.1MW → 10863.0MW (+3.90 MW, location-based assignment, distance: N/A km)
      ✓ onshore_Edinburgh: 10863.0MW → 10865.3MW (+2.30 MW, location-based assignment, distance: N/A km)
      ✓ onshore_Birmingham: 8.4MW → 9.4MW (+1.00 MW, location-based assignment, distance: N/A km)

--- Starting Iteration 2: Electricity Market Simulation (Case 3: Decarbonization Cost to VRE + CM Cost to CCGT/OCGT) ---
--- Iteration 2: calling run_simulation(periods=17520, generators=48, batteries=5) ---
尝试打开wind文件: F:\newfinalweather\average_annual_wind_profile.nc
文件是否存在: True
Using cached weather profiles.
--- Iteration 2: run_simulation returned. Processing results. ---
--- Iteration 2: Simulation Finished. Starting Investment Analysis (Case 3) ---
--- Iteration 2: Adding 4 assets with zero income to analysis ---
  ⚠ Warning: Found 3 assets with capacity > 10,000 MW:
      0.5c_battery: 20808.75 MW (asset_type: 0.5c_battery)
      CCGT: 28000.00 MW (asset_type: CCGT)
      onshore_Edinburgh: 10865.35 MW (asset_type: onshore)
✓ Fast investment analysis saved to C:\Users\86150\Desktop\five_scenario_include_uncertain_freq_cap_runs\07_future_subsidy_as_usual_2025_2035_20260718_decarb_virtual_pool_1000twh_scheme_c\investment_analysis_trace.sqlite
  System Cost: £45.51bn | Cost/MWh: £194.96
  📊 Total VRE profiles recorded for year 2026
      CAPACITY EXPANSION:
         - Solar: 14777.49 MW | Onshore: 14982.30 MW | Offshore: 14679.00 MW
         - Total VRE Capacity: 44438.79 MW
      GENERATION:
         - Total VRE Generation: 141.24 TWh
         - Total Thermal Generation: 92.17 TWh
         - Total Generation (VRE+Thermal): 233.41 TWh
         - Total Forecast Demand: 233.11 TWh
      EXCESS ANALYSIS:
         - Excess BEFORE storage/interconn: 0.01 TWh (VRE - Forecast)
         - Excess AFTER storage/interconn: 4.25 TWh (final excess)
         - Absorbed by storage/interconn: 0.00 TWh
         - Storage Capacity: 26907.33 MW
         - Excess/VRE Ratio (after): 3.01%
         - Excess/VRE Ratio (before): 0.01%
  📊 Edinburgh onshore wind generation recorded for year 2026 (Capacity: 10865.35 MW, Generation: 76032033.18 MWh)
    🔋 Battery Investment: 0.25c_battery - Recommendation: Invest_High, Current: 2531.48 MW, Suggested: 3749.86 MW, Add: 1218.38 MW, ROI: 0.1625
✓ Checkpoint saved after 2026: C:\Users\86150\Desktop\five_scenario_include_uncertain_freq_cap_runs\07_future_subsidy_as_usual_2025_2035_20260718_decarb_virtual_pool_1000twh_scheme_c\checkpoints\case3_v2_subsidy_as_usual_checkpoint.pkl

==================== YEAR 2027 (CASE 3) ====================
  📦 Projects completing in 2027: 558 (48087.77 MW)
      - External (REPD): 546 projects (46105.02 MW)
      - Model-driven: 12 projects (1982.75 MW)
      ✓ solar_Bournemouth: 2877.3MW → 2881.6MW (+4.24 MW, location-based assignment, distance: N/A km)
      ✓ solar_Bournemouth: 2881.6MW → 2885.8MW (+4.24 MW, location-based assignment, distance: N/A km)
      ✓ solar_Cardiff: 1003.4MW → 1051.4MW (+48.03 MW, location-based assignment, distance: N/A km)
      ✓ solar_Ipswich: 2081.1MW → 2095.7MW (+14.65 MW, location-based assignment, distance: N/A km)
      ✓ solar_Nottingham: 2103.2MW → 2137.6MW (+34.47 MW, location-based assignment, distance: N/A km)
      ✓ solar_Edinburgh: 613.7MW → 653.7MW (+40.00 MW, location-based assignment, distance: N/A km)
      ✓ solar_Manchester: 375.5MW → 418.4MW (+42.94 MW, location-based assignment, distance: N/A km)
      ✓ solar_Sheffield: 1299.7MW → 1339.6MW (+39.91 MW, location-based assignment, distance: N/A km)
      ✓ solar_Portsmouth: 3068.2MW → 3111.5MW (+43.35 MW, location-based assignment, distance: N/A km)
      ✓ solar_Cardiff: 1051.4MW → 1186.2MW (+134.83 MW, location-based assignment, distance: N/A km)
      ✓ solar_Bournemouth: 2885.8MW → 2897.3MW (+11.46 MW, location-based assignment, distance: N/A km)
      ✓ solar_Ipswich: 2095.7MW → 2145.6MW (+49.90 MW, location-based assignment, distance: N/A km)
      ✓ solar_Birmingham: 1039.3MW → 1083.6MW (+44.25 MW, location-based assignment, distance: N/A km)
      ✓ solar_Nottingham: 2137.6MW → 2637.6MW (+500.00 MW, location-based assignment, distance: N/A km)
      ✓ solar_Nottingham: 2637.6MW → 2687.5MW (+49.90 MW, location-based assignment, distance: N/A km)
      ✓ solar_Cardiff: 1186.2MW → 1203.1MW (+16.85 MW, location-based assignment, distance: N/A km)
      ✓ solar_Bournemouth: 2897.3MW → 2939.6MW (+42.35 MW, location-based assignment, distance: N/A km)
      ✓ solar_Nottingham: 2687.5MW → 2737.4MW (+49.90 MW, location-based assignment, distance: N/A km)
      ✓ solar_Portsmouth: 3111.5MW → 3198.3MW (+86.79 MW, location-based assignment, distance: N/A km)
      ✓ solar_Portsmouth: 3198.3MW → 3241.8MW (+43.43 MW, location-based assignment, distance: N/A km)
      ✓ solar_Cardiff: 1203.1MW → 1245.1MW (+42.05 MW, location-based assignment, distance: N/A km)
      ✓ solar_Cardiff: 1245.1MW → 1350.5MW (+105.34 MW, location-based assignment, distance: N/A km)
      ✓ solar_Ipswich: 2145.6MW → 2162.0MW (+16.37 MW, location-based assignment, distance: N/A km)
      ✓ solar_Birmingham: 1083.6MW → 1127.8MW (+44.25 MW, location-based assignment, distance: N/A km)
      ✓ solar_Bournemouth: 2939.6MW → 2941.4MW (+1.78 MW, location-based assignment, distance: N/A km)
      ✓ solar_Portsmouth: 3241.8MW → 3276.5MW (+34.75 MW, location-based assignment, distance: N/A km)
      ✓ solar_Nottingham: 2737.4MW → 2780.4MW (+43.00 MW, location-based assignment, distance: N/A km)
      ✓ solar_Nottingham: 2780.4MW → 2823.4MW (+43.00 MW, location-based assignment, distance: N/A km)
      ✓ solar_Edinburgh: 653.7MW → 708.2MW (+54.53 MW, location-based assignment, distance: N/A km)
      ✓ solar_Newcastle: 295.2MW → 321.0MW (+25.86 MW, location-based assignment, distance: N/A km)
      ✓ solar_Portsmouth: 3276.5MW → 3283.5MW (+6.95 MW, location-based assignment, distance: N/A km)
      ✓ solar_Ipswich: 2162.0MW → 2162.9MW (+0.89 MW, location-based assignment, distance: N/A km)
      ✓ solar_Sheffield: 1339.6MW → 1386.0MW (+46.40 MW, location-based assignment, distance: N/A km)
      ✓ solar_Bournemouth: 2941.4MW → 2957.1MW (+15.70 MW, location-based assignment, distance: N/A km)
      ✓ solar_Nottingham: 2823.4MW → 3254.3MW (+430.88 MW, location-based assignment, distance: N/A km)
      ✓ solar_Edinburgh: 708.2MW → 762.7MW (+54.53 MW, location-based assignment, distance: N/A km)
      ✓ solar_Newcastle: 321.0MW → 358.9MW (+37.88 MW, location-based assignment, distance: N/A km)
      ✓ solar_Portsmouth: 3283.5MW → 3326.8MW (+43.35 MW, location-based assignment, distance: N/A km)
      ✓ solar_Nottingham: 3254.3MW → 3297.3MW (+43.00 MW, location-based assignment, distance: N/A km)
      ✓ solar_Newcastle: 358.9MW → 529.4MW (+170.48 MW, location-based assignment, distance: N/A km)
      ✓ solar_Sheffield: 1386.0MW → 1432.3MW (+46.32 MW, location-based assignment, distance: N/A km)
      ✓ solar_Ipswich: 2162.9MW → 2180.1MW (+17.23 MW, location-based assignment, distance: N/A km)
      ✓ solar_Ipswich: 2180.1MW → 2197.1MW (+16.97 MW, location-based assignment, distance: N/A km)
      ✓ solar_Sheffield: 1432.3MW → 1460.2MW (+27.85 MW, location-based assignment, distance: N/A km)
      ✓ solar_Bournemouth: 2957.1MW → 2999.4MW (+42.35 MW, location-based assignment, distance: N/A km)
      ✓ solar_Bournemouth: 2999.4MW → 3033.4MW (+33.94 MW, location-based assignment, distance: N/A km)
      ✓ solar_Ipswich: 2197.1MW → 2214.3MW (+17.23 MW, location-based assignment, distance: N/A km)
      ✓ solar_Cardiff: 1350.5MW → 1434.7MW (+84.19 MW, location-based assignment, distance: N/A km)
      ✓ solar_Ipswich: 2214.3MW → 2229.8MW (+15.51 MW, location-based assignment, distance: N/A km)
      ✓ solar_Ipswich: 2229.8MW → 2272.8MW (+43.00 MW, location-based assignment, distance: N/A km)
      ✓ solar_Ipswich: 2272.8MW → 2303.0MW (+30.16 MW, location-based assignment, distance: N/A km)
      ✓ solar_Birmingham: 1127.8MW → 1128.8MW (+0.98 MW, location-based assignment, distance: N/A km)
      ✓ solar_Bournemouth: 3033.4MW → 3046.1MW (+12.73 MW, location-based assignment, distance: N/A km)
      ✓ solar_Edinburgh: 762.7MW → 799.1MW (+36.35 MW, location-based assignment, distance: N/A km)
      ✓ solar_Sheffield: 1460.2MW → 1497.3MW (+37.13 MW, location-based assignment, distance: N/A km)
      ✓ solar_Edinburgh: 799.1MW → 824.1MW (+24.99 MW, location-based assignment, distance: N/A km)
      ✓ solar_Portsmouth: 3326.8MW → 3327.9MW (+1.11 MW, location-based assignment, distance: N/A km)
      ✓ solar_Portsmouth: 3327.9MW → 3358.3MW (+30.41 MW, location-based assignment, distance: N/A km)
      ✓ solar_Portsmouth: 3358.3MW → 3375.7MW (+17.38 MW, location-based assignment, distance: N/A km)
      ✓ solar_Ipswich: 2303.0MW → 2328.9MW (+25.85 MW, location-based assignment, distance: N/A km)
      ✓ solar_Ipswich: 2328.9MW → 2371.9MW (+43.00 MW, location-based assignment, distance: N/A km)
      ✓ solar_Nottingham: 3297.3MW → 3313.5MW (+16.15 MW, location-based assignment, distance: N/A km)
      ✓ solar_Sheffield: 1497.3MW → 1506.6MW (+9.28 MW, location-based assignment, distance: N/A km)
      ✓ solar_Ipswich: 2371.9MW → 2378.2MW (+6.29 MW, location-based assignment, distance: N/A km)
      ✓ solar_Manchester: 418.4MW → 441.6MW (+23.23 MW, location-based assignment, distance: N/A km)
      ✓ solar_Ipswich: 2378.2MW → 2404.0MW (+25.85 MW, location-based assignment, distance: N/A km)
      ✓ solar_Birmingham: 1128.8MW → 1144.8MW (+15.96 MW, location-based assignment, distance: N/A km)
      ✓ solar_Cardiff: 1434.7MW → 1435.5MW (+0.84 MW, location-based assignment, distance: N/A km)
      ✓ solar_Birmingham: 1144.8MW → 1161.6MW (+16.85 MW, location-based assignment, distance: N/A km)
      ✓ solar_Birmingham: 1161.6MW → 1197.1MW (+35.47 MW, location-based assignment, distance: N/A km)
      ✓ solar_Birmingham: 1197.1MW → 1240.5MW (+43.45 MW, location-based assignment, distance: N/A km)
      ✓ solar_Portsmouth: 3375.7MW → 3380.1MW (+4.34 MW, location-based assignment, distance: N/A km)
      ✓ solar_Edinburgh: 824.1MW → 915.0MW (+90.88 MW, location-based assignment, distance: N/A km)
      ✓ solar_Manchester: 441.6MW → 442.5MW (+0.86 MW, location-based assignment, distance: N/A km)
      ✓ solar_Nottingham: 3313.5MW → 3356.5MW (+43.08 MW, location-based assignment, distance: N/A km)
      ✓ solar_Manchester: 442.5MW → 451.1MW (+8.61 MW, location-based assignment, distance: N/A km)
      ✓ solar_Edinburgh: 915.0MW → 983.1MW (+68.16 MW, location-based assignment, distance: N/A km)
      ✓ solar_Ipswich: 2404.0MW → 2424.7MW (+20.68 MW, location-based assignment, distance: N/A km)
      ✓ solar_Bournemouth: 3046.1MW → 3071.6MW (+25.46 MW, location-based assignment, distance: N/A km)
      ✓ solar_Manchester: 451.1MW → 470.9MW (+19.79 MW, location-based assignment, distance: N/A km)
      ✓ solar_Edinburgh: 983.1MW → 1051.3MW (+68.16 MW, location-based assignment, distance: N/A km)
      ✓ solar_Birmingham: 1240.5MW → 1284.8MW (+44.25 MW, location-based assignment, distance: N/A km)
      ✓ solar_Sheffield: 1506.6MW → 1534.2MW (+27.57 MW, location-based assignment, distance: N/A km)
      ✓ solar_Nottingham: 3356.5MW → 3357.4MW (+0.86 MW, location-based assignment, distance: N/A km)
      ✓ solar_Edinburgh: 1051.3MW → 1069.5MW (+18.18 MW, location-based assignment, distance: N/A km)
      ✓ solar_Cardiff: 1435.5MW → 1465.0MW (+29.49 MW, location-based assignment, distance: N/A km)
      ✓ solar_Nottingham: 3357.4MW → 3383.3MW (+25.85 MW, location-based assignment, distance: N/A km)
      ✓ solar_Nottingham: 3383.3MW → 4021.0MW (+637.70 MW, location-based assignment, distance: N/A km)
      ✓ solar_Portsmouth: 3380.1MW → 3388.7MW (+8.69 MW, location-based assignment, distance: N/A km)
      ✓ solar_Portsmouth: 3388.7MW → 3394.0MW (+5.21 MW, location-based assignment, distance: N/A km)
      ✓ solar_Portsmouth: 3394.0MW → 3398.3MW (+4.34 MW, location-based assignment, distance: N/A km)
      ✓ solar_Newcastle: 529.4MW → 576.7MW (+47.26 MW, location-based assignment, distance: N/A km)
      ✓ solar_Edinburgh: 1069.5MW → 1124.0MW (+54.53 MW, location-based assignment, distance: N/A km)
      ✓ solar_Sheffield: 1534.2MW → 1831.2MW (+297.03 MW, location-based assignment, distance: N/A km)
      ✓ solar_Portsmouth: 3398.3MW → 3433.9MW (+35.62 MW, location-based assignment, distance: N/A km)
      ✓ solar_Nottingham: 4021.0MW → 4030.4MW (+9.48 MW, location-based assignment, distance: N/A km)
      ✓ solar_Nottingham: 4030.4MW → 4039.1MW (+8.62 MW, location-based assignment, distance: N/A km)
      ✓ solar_Nottingham: 4039.1MW → 4047.7MW (+8.62 MW, location-based assignment, distance: N/A km)
      ✓ solar_Nottingham: 4047.7MW → 4081.3MW (+33.61 MW, location-based assignment, distance: N/A km)
      ✓ solar_Ipswich: 2424.7MW → 2467.6MW (+42.91 MW, location-based assignment, distance: N/A km)
      ✓ solar_Ipswich: 2467.6MW → 2498.6MW (+31.02 MW, location-based assignment, distance: N/A km)
      ✓ solar_Manchester: 470.9MW → 478.6MW (+7.74 MW, location-based assignment, distance: N/A km)
      ✓ solar_Cardiff: 1465.0MW → 1469.2MW (+4.21 MW, location-based assignment, distance: N/A km)
      ✓ solar_Cardiff: 1469.2MW → 1494.5MW (+25.28 MW, location-based assignment, distance: N/A km)
      ✓ solar_Edinburgh: 1124.0MW → 1126.7MW (+2.73 MW, location-based assignment, distance: N/A km)
      ✓ solar_Bournemouth: 3071.6MW → 3113.9MW (+42.35 MW, location-based assignment, distance: N/A km)
      ✓ solar_Bournemouth: 3113.9MW → 3115.6MW (+1.71 MW, location-based assignment, distance: N/A km)
      ✓ solar_Sheffield: 1831.2MW → 1860.2MW (+28.96 MW, location-based assignment, distance: N/A km)
      ✓ solar_Ipswich: 2498.6MW → 2541.6MW (+43.00 MW, location-based assignment, distance: N/A km)
      ✓ solar_Edinburgh: 1126.7MW → 1146.7MW (+19.99 MW, location-based assignment, distance: N/A km)
      ✓ solar_Bournemouth: 3115.6MW → 3158.0MW (+42.35 MW, location-based assignment, distance: N/A km)
      ✓ solar_Cardiff: 1494.5MW → 1498.7MW (+4.21 MW, location-based assignment, distance: N/A km)
      ✓ solar_Nottingham: 4081.3MW → 4512.2MW (+430.88 MW, location-based assignment, distance: N/A km)
      ✓ solar_Birmingham: 1284.8MW → 1320.3MW (+35.47 MW, location-based assignment, distance: N/A km)
      ✓ solar_Portsmouth: 3433.9MW → 3443.0MW (+9.12 MW, location-based assignment, distance: N/A km)
      ✓ solar_Portsmouth: 3443.0MW → 3460.4MW (+17.38 MW, location-based assignment, distance: N/A km)
      ✓ solar_Nottingham: 4512.2MW → 4555.2MW (+43.00 MW, location-based assignment, distance: N/A km)
      ✓ solar_Edinburgh: 1146.7MW → 1221.7MW (+74.98 MW, location-based assignment, distance: N/A km)
      ✓ solar_Ipswich: 2541.6MW → 2565.8MW (+24.13 MW, location-based assignment, distance: N/A km)
      ✓ solar_Bournemouth: 3158.0MW → 3163.1MW (+5.09 MW, location-based assignment, distance: N/A km)
      ✓ solar_Portsmouth: 3460.4MW → 3477.8MW (+17.38 MW, location-based assignment, distance: N/A km)
      ✓ solar_Portsmouth: 3477.8MW → 3478.9MW (+1.07 MW, location-based assignment, distance: N/A km)
      ✓ solar_Portsmouth: 3478.9MW → 3489.7MW (+10.86 MW, location-based assignment, distance: N/A km)
      ✓ solar_Nottingham: 4555.2MW → 4559.0MW (+3.80 MW, location-based assignment, distance: N/A km)
      ✓ solar_Portsmouth: 3489.7MW → 3497.4MW (+7.65 MW, location-based assignment, distance: N/A km)
      ✓ solar_Portsmouth: 3497.4MW → 3523.4MW (+26.06 MW, location-based assignment, distance: N/A km)
      ✓ solar_Birmingham: 1320.3MW → 1328.1MW (+7.80 MW, location-based assignment, distance: N/A km)
      ✓ solar_Manchester: 478.6MW → 487.2MW (+8.61 MW, location-based assignment, distance: N/A km)
      ✓ solar_Nottingham: 4559.0MW → 4576.2MW (+17.24 MW, location-based assignment, distance: N/A km)
      ✓ solar_Birmingham: 1328.1MW → 1333.4MW (+5.32 MW, location-based assignment, distance: N/A km)
      ✓ solar_Edinburgh: 1221.7MW → 1222.8MW (+1.16 MW, location-based assignment, distance: N/A km)
      ✓ solar_Birmingham: 1333.4MW → 1351.1MW (+17.74 MW, location-based assignment, distance: N/A km)
      ✓ solar_Nottingham: 4576.2MW → 4619.3MW (+43.08 MW, location-based assignment, distance: N/A km)
      ✓ solar_Sheffield: 1860.2MW → 1896.6MW (+36.48 MW, location-based assignment, distance: N/A km)
      ✓ solar_Birmingham: 1351.1MW → 1352.3MW (+1.15 MW, location-based assignment, distance: N/A km)
      ✓ solar_Birmingham: 1352.3MW → 1354.0MW (+1.77 MW, location-based assignment, distance: N/A km)
      ✓ solar_Birmingham: 1354.0MW → 1368.9MW (+14.90 MW, location-based assignment, distance: N/A km)
      ✓ solar_Edinburgh: 1222.8MW → 1250.0MW (+27.17 MW, location-based assignment, distance: N/A km)
      ✓ solar_Birmingham: 1368.9MW → 1373.6MW (+4.61 MW, location-based assignment, distance: N/A km)
      ✓ solar_Sheffield: 1896.6MW → 1913.8MW (+17.17 MW, location-based assignment, distance: N/A km)
      ✓ solar_Sheffield: 1913.8MW → 1960.1MW (+46.32 MW, location-based assignment, distance: N/A km)
      ✓ solar_Portsmouth: 3523.4MW → 3764.1MW (+240.65 MW, location-based assignment, distance: N/A km)
      ✓ solar_Portsmouth: 3764.1MW → 3807.4MW (+43.35 MW, location-based assignment, distance: N/A km)
      ✓ solar_Birmingham: 1373.6MW → 1409.0MW (+35.47 MW, location-based assignment, distance: N/A km)
      ✓ solar_Ipswich: 2565.8MW → 2586.4MW (+20.68 MW, location-based assignment, distance: N/A km)
      ✓ solar_Bournemouth: 3163.1MW → 3183.8MW (+20.79 MW, location-based assignment, distance: N/A km)
      ✓ solar_Nottingham: 4619.3MW → 4634.8MW (+15.51 MW, location-based assignment, distance: N/A km)
      ✓ solar_Sheffield: 1960.1MW → 1992.6MW (+32.49 MW, location-based assignment, distance: N/A km)
      ✓ solar_Ipswich: 2586.4MW → 2603.4MW (+16.97 MW, location-based assignment, distance: N/A km)
      ✓ solar_Newcastle: 576.7MW → 606.5MW (+29.83 MW, location-based assignment, distance: N/A km)
      ✓ solar_Portsmouth: 3807.4MW → 3850.8MW (+43.35 MW, location-based assignment, distance: N/A km)
      ✓ solar_Cardiff: 1498.7MW → 1502.8MW (+4.07 MW, location-based assignment, distance: N/A km)
      ✓ solar_Bournemouth: 3183.8MW → 3186.9MW (+3.05 MW, location-based assignment, distance: N/A km)
      ✓ solar_Ipswich: 2603.4MW → 2646.5MW (+43.08 MW, location-based assignment, distance: N/A km)
      ✓ solar_Manchester: 487.2MW → 495.8MW (+8.61 MW, location-based assignment, distance: N/A km)
      ✓ solar_Bournemouth: 3186.9MW → 3205.6MW (+18.67 MW, location-based assignment, distance: N/A km)
      ✓ solar_Bournemouth: 3205.6MW → 3210.1MW (+4.57 MW, location-based assignment, distance: N/A km)
      ✓ solar_Bournemouth: 3210.1MW → 3220.3MW (+10.18 MW, location-based assignment, distance: N/A km)
      ✓ solar_Portsmouth: 3850.8MW → 3859.9MW (+9.12 MW, location-based assignment, distance: N/A km)
      ✓ solar_Manchester: 495.8MW → 507.0MW (+11.19 MW, location-based assignment, distance: N/A km)
      ✓ solar_Portsmouth: 3859.9MW → 3861.0MW (+1.06 MW, location-based assignment, distance: N/A km)
      ✓ solar_Bournemouth: 3220.3MW → 3230.5MW (+10.18 MW, location-based assignment, distance: N/A km)
      ✓ solar_Bournemouth: 3230.5MW → 3232.1MW (+1.64 MW, location-based assignment, distance: N/A km)
      ✓ solar_Portsmouth: 3861.0MW → 3869.7MW (+8.69 MW, location-based assignment, distance: N/A km)
      ✓ solar_Manchester: 507.0MW → 508.1MW (+1.08 MW, location-based assignment, distance: N/A km)
      ✓ solar_Nottingham: 4634.8MW → 4640.0MW (+5.17 MW, location-based assignment, distance: N/A km)
      ✓ solar_Ipswich: 2646.5MW → 2689.6MW (+43.08 MW, location-based assignment, distance: N/A km)
      ✓ solar_Nottingham: 4640.0MW → 4676.2MW (+36.19 MW, location-based assignment, distance: N/A km)
      ✓ solar_Newcastle: 606.5MW → 652.0MW (+45.46 MW, location-based assignment, distance: N/A km)
      ✓ solar_Nottingham: 4676.2MW → 4693.6MW (+17.41 MW, location-based assignment, distance: N/A km)
      ✓ solar_Ipswich: 2689.6MW → 2711.1MW (+21.54 MW, location-based assignment, distance: N/A km)
      ✓ solar_Portsmouth: 3869.7MW → 3902.7MW (+33.01 MW, location-based assignment, distance: N/A km)
      ✓ solar_Nottingham: 4693.6MW → 4695.0MW (+1.41 MW, location-based assignment, distance: N/A km)
      ✓ solar_Portsmouth: 3902.7MW → 3919.2MW (+16.51 MW, location-based assignment, distance: N/A km)
      ✓ solar_Ipswich: 2711.1MW → 2724.0MW (+12.93 MW, location-based assignment, distance: N/A km)
      ✓ solar_Manchester: 508.1MW → 535.6MW (+27.54 MW, location-based assignment, distance: N/A km)
      ✓ solar_Bournemouth: 3232.1MW → 3240.6MW (+8.49 MW, location-based assignment, distance: N/A km)
      ✓ solar_Birmingham: 1409.0MW → 1453.3MW (+44.25 MW, location-based assignment, distance: N/A km)
      ✓ solar_Sheffield: 1992.6MW → 2020.5MW (+27.85 MW, location-based assignment, distance: N/A km)
      ✓ solar_Bournemouth: 3240.6MW → 3242.5MW (+1.87 MW, location-based assignment, distance: N/A km)
      ✓ solar_Ipswich: 2724.0MW → 2767.1MW (+43.04 MW, location-based assignment, distance: N/A km)
      ✓ solar_Edinburgh: 1250.0MW → 1281.8MW (+31.81 MW, location-based assignment, distance: N/A km)
      ✓ solar_Portsmouth: 3919.2MW → 3933.1MW (+13.90 MW, location-based assignment, distance: N/A km)
      ✓ solar_Manchester: 535.6MW → 536.7MW (+1.02 MW, location-based assignment, distance: N/A km)
      ✓ solar_Birmingham: 1453.3MW → 1465.7MW (+12.42 MW, location-based assignment, distance: N/A km)
      ✓ solar_Portsmouth: 3933.1MW → 3934.5MW (+1.38 MW, location-based assignment, distance: N/A km)
      ✓ solar_Nottingham: 4695.0MW → 4699.3MW (+4.31 MW, location-based assignment, distance: N/A km)
      ✓ solar_Sheffield: 2020.5MW → 2021.8MW (+1.39 MW, location-based assignment, distance: N/A km)
      ✓ solar_Birmingham: 1465.7MW → 1510.0MW (+44.25 MW, location-based assignment, distance: N/A km)
      ✓ solar_Newcastle: 652.0MW → 677.5MW (+25.57 MW, location-based assignment, distance: N/A km)
      ✓ solar_Portsmouth: 3934.5MW → 3935.8MW (+1.30 MW, location-based assignment, distance: N/A km)
      ✓ solar_Bournemouth: 3242.5MW → 3246.1MW (+3.65 MW, location-based assignment, distance: N/A km)
      ✓ solar_Sheffield: 2021.8MW → 2068.2MW (+46.32 MW, location-based assignment, distance: N/A km)
      ✓ solar_Nottingham: 4699.3MW → 4742.3MW (+43.00 MW, location-based assignment, distance: N/A km)
      ✓ solar_Portsmouth: 3935.8MW → 3979.2MW (+43.43 MW, location-based assignment, distance: N/A km)
      ✓ solar_Edinburgh: 1281.8MW → 1327.2MW (+45.35 MW, location-based assignment, distance: N/A km)
      ✓ solar_Birmingham: 1510.0MW → 1511.0MW (+1.06 MW, location-based assignment, distance: N/A km)
      ✓ solar_Sheffield: 2068.2MW → 2069.2MW (+1.02 MW, location-based assignment, distance: N/A km)
      ✓ solar_Bournemouth: 3246.1MW → 3280.1MW (+33.94 MW, location-based assignment, distance: N/A km)
      ✓ solar_Bournemouth: 3280.1MW → 3280.9MW (+0.85 MW, location-based assignment, distance: N/A km)
      ✓ solar_Manchester: 536.7MW → 544.4MW (+7.74 MW, location-based assignment, distance: N/A km)
      ✓ solar_Nottingham: 4742.3MW → 4785.2MW (+42.92 MW, location-based assignment, distance: N/A km)
      ✓ solar_Portsmouth: 3979.2MW → 3981.4MW (+2.17 MW, location-based assignment, distance: N/A km)
      ✓ solar_Birmingham: 1511.0MW → 1533.8MW (+22.75 MW, location-based assignment, distance: N/A km)
      ✓ solar_Ipswich: 2767.1MW → 2788.6MW (+21.54 MW, location-based assignment, distance: N/A km)
      ✓ solar_Ipswich: 2788.6MW → 2831.6MW (+43.00 MW, location-based assignment, distance: N/A km)
      ✓ solar_Nottingham: 4785.2MW → 4795.5MW (+10.34 MW, location-based assignment, distance: N/A km)
      ✓ solar_Portsmouth: 3981.4MW → 3998.7MW (+17.38 MW, location-based assignment, distance: N/A km)
      ✓ solar_Cardiff: 1502.8MW → 1504.5MW (+1.69 MW, location-based assignment, distance: N/A km)
      ✓ solar_Manchester: 544.4MW → 561.6MW (+17.21 MW, location-based assignment, distance: N/A km)
      ✓ solar_Edinburgh: 1327.2MW → 1330.0MW (+2.86 MW, location-based assignment, distance: N/A km)
      ✓ solar_Bournemouth: 3280.9MW → 3294.7MW (+13.75 MW, location-based assignment, distance: N/A km)
      ✓ solar_Sheffield: 2069.2MW → 2115.5MW (+46.32 MW, location-based assignment, distance: N/A km)
      ✓ solar_Portsmouth: 3998.7MW → 4003.1MW (+4.34 MW, location-based assignment, distance: N/A km)
      ✓ solar_Nottingham: 4795.5MW → 4809.4MW (+13.91 MW, location-based assignment, distance: N/A km)
      ✓ solar_Sheffield: 2115.5MW → 2116.9MW (+1.39 MW, location-based assignment, distance: N/A km)
      ✓ solar_Newcastle: 677.5MW → 678.5MW (+0.95 MW, location-based assignment, distance: N/A km)
      ✓ solar_Portsmouth: 4003.1MW → 4022.2MW (+19.11 MW, location-based assignment, distance: N/A km)
      ✓ solar_Portsmouth: 4022.2MW → 4024.5MW (+2.35 MW, location-based assignment, distance: N/A km)
      ✓ solar_Portsmouth: 4024.5MW → 4038.4MW (+13.90 MW, location-based assignment, distance: N/A km)
      ✓ solar_Birmingham: 1533.8MW → 1541.6MW (+7.80 MW, location-based assignment, distance: N/A km)
      ✓ solar_Manchester: 561.6MW → 567.5MW (+5.85 MW, location-based assignment, distance: N/A km)
      ✓ solar_Bournemouth: 3294.7MW → 3337.0MW (+42.35 MW, location-based assignment, distance: N/A km)
      ✓ solar_Birmingham: 1541.6MW → 1542.7MW (+1.14 MW, location-based assignment, distance: N/A km)
      ✓ solar_Ipswich: 2831.6MW → 2874.6MW (+43.00 MW, location-based assignment, distance: N/A km)
      ✓ solar_Bournemouth: 3337.0MW → 3371.0MW (+33.94 MW, location-based assignment, distance: N/A km)
      ✓ solar_Nottingham: 4809.4MW → 4826.9MW (+17.41 MW, location-based assignment, distance: N/A km)
      ✓ solar_Edinburgh: 1330.0MW → 1375.4MW (+45.35 MW, location-based assignment, distance: N/A km)
      ✓ solar_Ipswich: 2874.6MW → 2917.6MW (+43.00 MW, location-based assignment, distance: N/A km)
      ✓ solar_Sheffield: 2116.9MW → 2163.2MW (+46.32 MW, location-based assignment, distance: N/A km)
      ✓ solar_Manchester: 567.5MW → 578.7MW (+11.19 MW, location-based assignment, distance: N/A km)
      ✓ solar_Newcastle: 678.5MW → 708.8MW (+30.31 MW, location-based assignment, distance: N/A km)
      ✓ solar_Bournemouth: 3371.0MW → 3396.4MW (+25.46 MW, location-based assignment, distance: N/A km)
      ✓ solar_Edinburgh: 1375.4MW → 1420.7MW (+45.35 MW, location-based assignment, distance: N/A km)
      ✓ solar_Sheffield: 2163.2MW → 2164.7MW (+1.49 MW, location-based assignment, distance: N/A km)
      ✓ solar_Bournemouth: 3396.4MW → 3398.5MW (+2.04 MW, location-based assignment, distance: N/A km)
      ✓ solar_Newcastle: 708.8MW → 709.7MW (+0.95 MW, location-based assignment, distance: N/A km)
      ✓ solar_Ipswich: 2917.6MW → 2928.0MW (+10.34 MW, location-based assignment, distance: N/A km)
      ✓ solar_London: 21.1MW → 63.6MW (+42.57 MW, location-based assignment, distance: N/A km)
      ✓ solar_Manchester: 578.7MW → 604.5MW (+25.82 MW, location-based assignment, distance: N/A km)
      ✓ solar_Sheffield: 2164.7MW → 2183.3MW (+18.56 MW, location-based assignment, distance: N/A km)
      ✓ solar_Bournemouth: 3398.5MW → 3683.8MW (+285.33 MW, location-based assignment, distance: N/A km)
      ✓ solar_Cardiff: 1504.5MW → 1593.5MW (+88.99 MW, location-based assignment, distance: N/A km)
      ✓ solar_Edinburgh: 1420.7MW → 1449.2MW (+28.47 MW, location-based assignment, distance: N/A km)
      ✓ solar_Ipswich: 2928.0MW → 3116.4MW (+188.43 MW, location-based assignment, distance: N/A km)
      ✓ solar_London: 63.6MW → 64.4MW (+0.76 MW, location-based assignment, distance: N/A km)
      ✓ solar_Manchester: 604.5MW → 625.6MW (+21.10 MW, location-based assignment, distance: N/A km)
      ✓ solar_Newcastle: 709.7MW → 716.0MW (+6.28 MW, location-based assignment, distance: N/A km)
      ✓ solar_Nottingham: 4826.9MW → 4940.0MW (+113.12 MW, location-based assignment, distance: N/A km)
      ✓ solar_Portsmouth: 4038.4MW → 4253.0MW (+214.55 MW, location-based assignment, distance: N/A km)
      ✓ solar_Sheffield: 2183.3MW → 2214.9MW (+31.66 MW, location-based assignment, distance: N/A km)
      ✓ solar_Birmingham: 1542.7MW → 1638.7MW (+96.00 MW, location-based assignment, distance: N/A km)
    📊 Allocating 20.12 MW solar capacity (no location data) across 11 generators (total existing: 24295.41 MW)
      ✓ solar_Birmingham: 1638.7MW → 1640.1MW (+1.36 MW, 6.74% share, proportional)
      ✓ solar_Bournemouth: 3683.8MW → 3686.8MW (+3.05 MW, 15.16% share, proportional)
      ✓ solar_Cardiff: 1593.5MW → 1594.8MW (+1.32 MW, 6.56% share, proportional)
      ✓ solar_Edinburgh: 1449.2MW → 1450.4MW (+1.20 MW, 5.96% share, proportional)
      ✓ solar_Ipswich: 3116.4MW → 3119.0MW (+2.58 MW, 12.83% share, proportional)
      ✓ solar_London: 64.4MW → 64.4MW (+0.05 MW, 0.27% share, proportional)
      ✓ solar_Manchester: 625.6MW → 626.1MW (+0.52 MW, 2.57% share, proportional)
      ✓ solar_Newcastle: 716.0MW → 716.6MW (+0.59 MW, 2.95% share, proportional)
      ✓ solar_Nottingham: 4940.0MW → 4944.1MW (+4.09 MW, 20.33% share, proportional)
      ✓ solar_Portsmouth: 4253.0MW → 4256.5MW (+3.52 MW, 17.51% share, proportional)
      ✓ solar_Sheffield: 2214.9MW → 2216.8MW (+1.83 MW, 9.12% share, proportional)
    ✓ Updated 0.5c_battery: pool_limit 20808.75 → 20852.14 (+43.39 MW, per_pool_limit=10426.07 MWh/period from external)
    ✓ Updated 1c_battery: pool_limit 632.87 → 634.19 (+1.32 MW, per_pool_limit=317.09 MWh/period from external)
    ✓ Updated 0.25c_battery: pool_limit 2531.48 → 2536.76 (+5.28 MW, per_pool_limit=1268.38 MWh/period from external)
    ✓ Updated hydrogen_battery: pool_limit 6.33 → 6.34 (+0.01 MW, per_pool_limit=3.17 MWh/period from external)
    ✓ Updated 0.5c_battery: pool_limit 20852.14 → 20863.10 (+10.96 MW, per_pool_limit=10431.55 MWh/period from external)
    ✓ Updated 1c_battery: pool_limit 634.19 → 634.52 (+0.33 MW, per_pool_limit=317.26 MWh/period from external)
    ✓ Updated 0.25c_battery: pool_limit 2536.76 → 2538.09 (+1.33 MW, per_pool_limit=1269.05 MWh/period from external)
    ✓ Updated hydrogen_battery: pool_limit 6.34 → 6.35 (+0.00 MW, per_pool_limit=3.17 MWh/period from external)
    ✓ Updated 0.5c_battery: pool_limit 20863.10 → 20895.64 (+32.54 MW, per_pool_limit=10447.82 MWh/period from external)
    ✓ Updated 1c_battery: pool_limit 634.52 → 635.51 (+0.99 MW, per_pool_limit=317.76 MWh/period from external)
    ✓ Updated 0.25c_battery: pool_limit 2538.09 → 2542.05 (+3.96 MW, per_pool_limit=1271.02 MWh/period from external)
    ✓ Updated hydrogen_battery: pool_limit 6.35 → 6.36 (+0.01 MW, per_pool_limit=3.18 MWh/period from external)
    ✓ Updated 0.5c_battery: pool_limit 20895.64 → 20955.52 (+59.88 MW, per_pool_limit=10477.76 MWh/period from external)
    ✓ Updated 1c_battery: pool_limit 635.51 → 637.33 (+1.82 MW, per_pool_limit=318.67 MWh/period from external)
    ✓ Updated 0.25c_battery: pool_limit 2542.05 → 2549.33 (+7.28 MW, per_pool_limit=1274.67 MWh/period from external)
    ✓ Updated hydrogen_battery: pool_limit 6.36 → 6.37 (+0.02 MW, per_pool_limit=3.19 MWh/period from external)
    ✓ Updated 0.5c_battery: pool_limit 20955.52 → 21129.08 (+173.56 MW, per_pool_limit=10564.54 MWh/period from external)
    ✓ Updated 1c_battery: pool_limit 637.33 → 642.61 (+5.28 MW, per_pool_limit=321.31 MWh/period from external)
    ✓ Updated 0.25c_battery: pool_limit 2549.33 → 2570.45 (+21.11 MW, per_pool_limit=1285.22 MWh/period from external)
    ✓ Updated hydrogen_battery: pool_limit 6.37 → 6.43 (+0.05 MW, per_pool_limit=3.21 MWh/period from external)
    ✓ Updated 0.5c_battery: pool_limit 21129.08 → 21389.41 (+260.33 MW, per_pool_limit=10694.70 MWh/period from external)
    ✓ Updated 1c_battery: pool_limit 642.61 → 650.53 (+7.92 MW, per_pool_limit=325.26 MWh/period from external)
    ✓ Updated 0.25c_battery: pool_limit 2570.45 → 2602.12 (+31.67 MW, per_pool_limit=1301.06 MWh/period from external)
    ✓ Updated hydrogen_battery: pool_limit 6.43 → 6.51 (+0.08 MW, per_pool_limit=3.25 MWh/period from external)
    ✓ Updated 0.5c_battery: pool_limit 21389.41 → 21396.77 (+7.36 MW, per_pool_limit=10698.38 MWh/period from external)
    ✓ Updated 1c_battery: pool_limit 650.53 → 650.75 (+0.22 MW, per_pool_limit=325.38 MWh/period from external)
    ✓ Updated 0.25c_battery: pool_limit 2602.12 → 2603.01 (+0.90 MW, per_pool_limit=1301.51 MWh/period from external)
    ✓ Updated hydrogen_battery: pool_limit 6.51 → 6.51 (+0.00 MW, per_pool_limit=3.25 MWh/period from external)
    ✓ Updated 0.5c_battery: pool_limit 21396.77 → 21433.51 (+36.74 MW, per_pool_limit=10716.75 MWh/period from external)
    ✓ Updated 1c_battery: pool_limit 650.75 → 651.87 (+1.12 MW, per_pool_limit=325.94 MWh/period from external)
    ✓ Updated 0.25c_battery: pool_limit 2603.01 → 2607.48 (+4.47 MW, per_pool_limit=1303.74 MWh/period from external)
    ✓ Updated hydrogen_battery: pool_limit 6.51 → 6.52 (+0.01 MW, per_pool_limit=3.26 MWh/period from external)
    ✓ Updated 0.5c_battery: pool_limit 21433.51 → 21469.80 (+36.30 MW, per_pool_limit=10734.90 MWh/period from external)
    ✓ Updated 1c_battery: pool_limit 651.87 → 652.97 (+1.10 MW, per_pool_limit=326.49 MWh/period from external)
    ✓ Updated 0.25c_battery: pool_limit 2607.48 → 2611.90 (+4.42 MW, per_pool_limit=1305.95 MWh/period from external)
    ✓ Updated hydrogen_battery: pool_limit 6.52 → 6.53 (+0.01 MW, per_pool_limit=3.26 MWh/period from external)
    ✓ Updated 0.5c_battery: pool_limit 21469.80 → 21542.41 (+72.61 MW, per_pool_limit=10771.21 MWh/period from external)
    ✓ Updated 1c_battery: pool_limit 652.97 → 655.18 (+2.21 MW, per_pool_limit=327.59 MWh/period from external)
    ✓ Updated 0.25c_battery: pool_limit 2611.90 → 2620.73 (+8.83 MW, per_pool_limit=1310.37 MWh/period from external)
    ✓ Updated hydrogen_battery: pool_limit 6.53 → 6.55 (+0.02 MW, per_pool_limit=3.28 MWh/period from external)
    ✓ Updated 0.5c_battery: pool_limit 21542.41 → 21578.57 (+36.16 MW, per_pool_limit=10789.29 MWh/period from external)
    ✓ Updated 1c_battery: pool_limit 655.18 → 656.28 (+1.10 MW, per_pool_limit=328.14 MWh/period from external)
    ✓ Updated 0.25c_battery: pool_limit 2620.73 → 2625.13 (+4.40 MW, per_pool_limit=1312.57 MWh/period from external)
    ✓ Updated hydrogen_battery: pool_limit 6.55 → 6.56 (+0.01 MW, per_pool_limit=3.28 MWh/period from external)
    ✓ Updated 0.5c_battery: pool_limit 21578.57 → 21593.29 (+14.72 MW, per_pool_limit=10796.65 MWh/period from external)
    ✓ Updated 1c_battery: pool_limit 656.28 → 656.73 (+0.45 MW, per_pool_limit=328.37 MWh/period from external)
    ✓ Updated 0.25c_battery: pool_limit 2625.13 → 2626.92 (+1.79 MW, per_pool_limit=1313.46 MWh/period from external)
    ✓ Updated hydrogen_battery: pool_limit 6.56 → 6.57 (+0.00 MW, per_pool_limit=3.28 MWh/period from external)
    ✓ Updated 0.5c_battery: pool_limit 21593.29 → 21617.65 (+24.35 MW, per_pool_limit=10808.82 MWh/period from external)
    ✓ Updated 1c_battery: pool_limit 656.73 → 657.47 (+0.74 MW, per_pool_limit=328.74 MWh/period from external)
    ✓ Updated 0.25c_battery: pool_limit 2626.92 → 2629.88 (+2.96 MW, per_pool_limit=1314.94 MWh/period from external)
    ✓ Updated hydrogen_battery: pool_limit 6.57 → 6.57 (+0.01 MW, per_pool_limit=3.29 MWh/period from external)
    ✓ Updated 0.5c_battery: pool_limit 21617.65 → 21621.22 (+3.57 MW, per_pool_limit=10810.61 MWh/period from external)
    ✓ Updated 1c_battery: pool_limit 657.47 → 657.58 (+0.11 MW, per_pool_limit=328.79 MWh/period from external)
    ✓ Updated 0.25c_battery: pool_limit 2629.88 → 2630.32 (+0.43 MW, per_pool_limit=1315.16 MWh/period from external)
    ✓ Updated hydrogen_battery: pool_limit 6.57 → 6.58 (+0.00 MW, per_pool_limit=3.29 MWh/period from external)
    ✓ Updated 0.5c_battery: pool_limit 21621.22 → 21657.96 (+36.74 MW, per_pool_limit=10828.98 MWh/period from external)
    ✓ Updated 1c_battery: pool_limit 657.58 → 658.70 (+1.12 MW, per_pool_limit=329.35 MWh/period from external)
    ✓ Updated 0.25c_battery: pool_limit 2630.32 → 2634.79 (+4.47 MW, per_pool_limit=1317.39 MWh/period from external)
    ✓ Updated hydrogen_battery: pool_limit 6.58 → 6.59 (+0.01 MW, per_pool_limit=3.29 MWh/period from external)
    ✓ Updated 0.5c_battery: pool_limit 21657.96 → 21677.01 (+19.05 MW, per_pool_limit=10838.50 MWh/period from external)
    ✓ Updated 1c_battery: pool_limit 658.70 → 659.28 (+0.58 MW, per_pool_limit=329.64 MWh/period from external)
    ✓ Updated 0.25c_battery: pool_limit 2634.79 → 2637.11 (+2.32 MW, per_pool_limit=1318.55 MWh/period from external)
    ✓ Updated hydrogen_battery: pool_limit 6.59 → 6.59 (+0.01 MW, per_pool_limit=3.30 MWh/period from external)
    ✓ Updated 0.5c_battery: pool_limit 21677.01 → 21750.63 (+73.62 MW, per_pool_limit=10875.31 MWh/period from external)
    ✓ Updated 1c_battery: pool_limit 659.28 → 661.52 (+2.24 MW, per_pool_limit=330.76 MWh/period from external)
    ✓ Updated 0.25c_battery: pool_limit 2637.11 → 2646.06 (+8.96 MW, per_pool_limit=1323.03 MWh/period from external)
    ✓ Updated hydrogen_battery: pool_limit 6.59 → 6.62 (+0.02 MW, per_pool_limit=3.31 MWh/period from external)
    ✓ Updated 0.5c_battery: pool_limit 21750.63 → 21794.80 (+44.17 MW, per_pool_limit=10897.40 MWh/period from external)
    ✓ Updated 1c_battery: pool_limit 661.52 → 662.86 (+1.34 MW, per_pool_limit=331.43 MWh/period from external)
    ✓ Updated 0.25c_battery: pool_limit 2646.06 → 2651.44 (+5.37 MW, per_pool_limit=1325.72 MWh/period from external)
    ✓ Updated hydrogen_battery: pool_limit 6.62 → 6.63 (+0.01 MW, per_pool_limit=3.31 MWh/period from external)
    ✓ Updated 0.5c_battery: pool_limit 21794.80 → 21809.52 (+14.72 MW, per_pool_limit=10904.76 MWh/period from external)
    ✓ Updated 1c_battery: pool_limit 662.86 → 663.31 (+0.45 MW, per_pool_limit=331.65 MWh/period from external)
    ✓ Updated 0.25c_battery: pool_limit 2651.44 → 2653.23 (+1.79 MW, per_pool_limit=1326.61 MWh/period from external)
    ✓ Updated hydrogen_battery: pool_limit 6.63 → 6.63 (+0.00 MW, per_pool_limit=3.32 MWh/period from external)
    ✓ Updated 0.5c_battery: pool_limit 21809.52 → 21813.20 (+3.68 MW, per_pool_limit=10906.60 MWh/period from external)
    ✓ Updated 1c_battery: pool_limit 663.31 → 663.42 (+0.11 MW, per_pool_limit=331.71 MWh/period from external)
    ✓ Updated 0.25c_battery: pool_limit 2653.23 → 2653.67 (+0.45 MW, per_pool_limit=1326.84 MWh/period from external)
    ✓ Updated hydrogen_battery: pool_limit 6.63 → 6.63 (+0.00 MW, per_pool_limit=3.32 MWh/period from external)
    ✓ Updated 0.5c_battery: pool_limit 21813.20 → 21886.82 (+73.62 MW, per_pool_limit=10943.41 MWh/period from external)
    ✓ Updated 1c_battery: pool_limit 663.42 → 665.66 (+2.24 MW, per_pool_limit=332.83 MWh/period from external)
    ✓ Updated 0.25c_battery: pool_limit 2653.67 → 2662.63 (+8.96 MW, per_pool_limit=1331.32 MWh/period from external)
    ✓ Updated hydrogen_battery: pool_limit 6.63 → 6.66 (+0.02 MW, per_pool_limit=3.33 MWh/period from external)
    ✓ Updated 0.5c_battery: pool_limit 21886.82 → 22052.47 (+165.64 MW, per_pool_limit=11026.23 MWh/period from external)
    ✓ Updated 1c_battery: pool_limit 665.66 → 670.70 (+5.04 MW, per_pool_limit=335.35 MWh/period from external)
    ✓ Updated 0.25c_battery: pool_limit 2662.63 → 2682.78 (+20.15 MW, per_pool_limit=1341.39 MWh/period from external)
    ✓ Updated hydrogen_battery: pool_limit 6.66 → 6.71 (+0.05 MW, per_pool_limit=3.35 MWh/period from external)
    ✓ Updated 0.5c_battery: pool_limit 22052.47 → 22061.68 (+9.21 MW, per_pool_limit=11030.84 MWh/period from external)
    ✓ Updated 1c_battery: pool_limit 670.70 → 670.98 (+0.28 MW, per_pool_limit=335.49 MWh/period from external)
    ✓ Updated 0.25c_battery: pool_limit 2682.78 → 2683.90 (+1.12 MW, per_pool_limit=1341.95 MWh/period from external)
    ✓ Updated hydrogen_battery: pool_limit 6.71 → 6.71 (+0.00 MW, per_pool_limit=3.35 MWh/period from external)
    ✓ Updated 0.5c_battery: pool_limit 22061.68 → 23094.11 (+1032.43 MW, per_pool_limit=11547.05 MWh/period from external)
    ✓ Updated 1c_battery: pool_limit 670.98 → 702.38 (+31.40 MW, per_pool_limit=351.19 MWh/period from external)
    ✓ Updated 0.25c_battery: pool_limit 2683.90 → 2809.50 (+125.60 MW, per_pool_limit=1404.75 MWh/period from external)
    ✓ Updated hydrogen_battery: pool_limit 6.71 → 7.02 (+0.31 MW, per_pool_limit=3.51 MWh/period from external)
    ✓ Updated 0.5c_battery: pool_limit 23094.11 → 23357.09 (+262.99 MW, per_pool_limit=11678.55 MWh/period from external)
    ✓ Updated 1c_battery: pool_limit 702.38 → 710.37 (+8.00 MW, per_pool_limit=355.19 MWh/period from external)
    ✓ Updated 0.25c_battery: pool_limit 2809.50 → 2841.50 (+31.99 MW, per_pool_limit=1420.75 MWh/period from external)
    ✓ Updated hydrogen_battery: pool_limit 7.02 → 7.10 (+0.08 MW, per_pool_limit=3.55 MWh/period from external)
    ✓ Updated 0.5c_battery: pool_limit 23357.09 → 23388.75 (+31.66 MW, per_pool_limit=11694.38 MWh/period from external)
    ✓ Updated 1c_battery: pool_limit 710.37 → 711.34 (+0.96 MW, per_pool_limit=355.67 MWh/period from external)
    ✓ Updated 0.25c_battery: pool_limit 2841.50 → 2845.35 (+3.85 MW, per_pool_limit=1422.67 MWh/period from external)
    ✓ Updated hydrogen_battery: pool_limit 7.10 → 7.11 (+0.01 MW, per_pool_limit=3.56 MWh/period from external)
    ✓ Updated 0.5c_battery: pool_limit 23388.75 → 23427.23 (+38.48 MW, per_pool_limit=11713.62 MWh/period from external)
    ✓ Updated 1c_battery: pool_limit 711.34 → 712.51 (+1.17 MW, per_pool_limit=356.25 MWh/period from external)
    ✓ Updated 0.25c_battery: pool_limit 2845.35 → 2850.03 (+4.68 MW, per_pool_limit=1425.01 MWh/period from external)
    ✓ Updated hydrogen_battery: pool_limit 7.11 → 7.13 (+0.01 MW, per_pool_limit=3.56 MWh/period from external)
    ✓ Updated 0.5c_battery: pool_limit 23427.23 → 23448.60 (+21.36 MW, per_pool_limit=11724.30 MWh/period from external)
    ✓ Updated 1c_battery: pool_limit 712.51 → 713.16 (+0.65 MW, per_pool_limit=356.58 MWh/period from external)
    ✓ Updated 0.25c_battery: pool_limit 2850.03 → 2852.63 (+2.60 MW, per_pool_limit=1426.31 MWh/period from external)
    ✓ Updated hydrogen_battery: pool_limit 7.13 → 7.13 (+0.01 MW, per_pool_limit=3.57 MWh/period from external)
    ✓ Updated 0.5c_battery: pool_limit 23448.60 → 23480.34 (+31.75 MW, per_pool_limit=11740.17 MWh/period from external)
    ✓ Updated 1c_battery: pool_limit 713.16 → 714.12 (+0.97 MW, per_pool_limit=357.06 MWh/period from external)
    ✓ Updated 0.25c_battery: pool_limit 2852.63 → 2856.49 (+3.86 MW, per_pool_limit=1428.24 MWh/period from external)
    ✓ Updated hydrogen_battery: pool_limit 7.13 → 7.14 (+0.01 MW, per_pool_limit=3.57 MWh/period from external)
    ✓ Updated 0.5c_battery: pool_limit 23480.34 → 23733.93 (+253.59 MW, per_pool_limit=11866.97 MWh/period from external)
    ✓ Updated 1c_battery: pool_limit 714.12 → 721.83 (+7.71 MW, per_pool_limit=360.92 MWh/period from external)
    ✓ Updated 0.25c_battery: pool_limit 2856.49 → 2887.34 (+30.85 MW, per_pool_limit=1443.67 MWh/period from external)
    ✓ Updated hydrogen_battery: pool_limit 7.14 → 7.22 (+0.08 MW, per_pool_limit=3.61 MWh/period from external)
    ✓ Updated 0.5c_battery: pool_limit 23733.93 → 23790.90 (+56.96 MW, per_pool_limit=11895.45 MWh/period from external)
    ✓ Updated 1c_battery: pool_limit 721.83 → 723.57 (+1.73 MW, per_pool_limit=361.78 MWh/period from external)
    ✓ Updated 0.25c_battery: pool_limit 2887.34 → 2894.27 (+6.93 MW, per_pool_limit=1447.13 MWh/period from external)
    ✓ Updated hydrogen_battery: pool_limit 7.22 → 7.24 (+0.02 MW, per_pool_limit=3.62 MWh/period from external)
    ✓ Updated 0.5c_battery: pool_limit 23790.90 → 23795.96 (+5.06 MW, per_pool_limit=11897.98 MWh/period from external)
    ✓ Updated 1c_battery: pool_limit 723.57 → 723.72 (+0.15 MW, per_pool_limit=361.86 MWh/period from external)
    ✓ Updated 0.25c_battery: pool_limit 2894.27 → 2894.89 (+0.62 MW, per_pool_limit=1447.44 MWh/period from external)
    ✓ Updated hydrogen_battery: pool_limit 7.24 → 7.24 (+0.00 MW, per_pool_limit=3.62 MWh/period from external)
    ✓ Updated 0.5c_battery: pool_limit 23795.96 → 23832.77 (+36.81 MW, per_pool_limit=11916.38 MWh/period from external)
    ✓ Updated 1c_battery: pool_limit 723.72 → 724.84 (+1.12 MW, per_pool_limit=362.42 MWh/period from external)
    ✓ Updated 0.25c_battery: pool_limit 2894.89 → 2899.36 (+4.48 MW, per_pool_limit=1449.68 MWh/period from external)
    ✓ Updated hydrogen_battery: pool_limit 7.24 → 7.25 (+0.01 MW, per_pool_limit=3.62 MWh/period from external)
    ✓ Updated 0.5c_battery: pool_limit 23832.77 → 23847.49 (+14.72 MW, per_pool_limit=11923.75 MWh/period from external)
    ✓ Updated 1c_battery: pool_limit 724.84 → 725.29 (+0.45 MW, per_pool_limit=362.64 MWh/period from external)
    ✓ Updated 0.25c_battery: pool_limit 2899.36 → 2901.15 (+1.79 MW, per_pool_limit=1450.58 MWh/period from external)
    ✓ Updated hydrogen_battery: pool_limit 7.25 → 7.25 (+0.00 MW, per_pool_limit=3.63 MWh/period from external)
    ✓ Updated 0.5c_battery: pool_limit 23847.49 → 24065.32 (+217.83 MW, per_pool_limit=12032.66 MWh/period from external)
    ✓ Updated 1c_battery: pool_limit 725.29 → 731.91 (+6.62 MW, per_pool_limit=365.96 MWh/period from external)
    ✓ Updated 0.25c_battery: pool_limit 2901.15 → 2927.65 (+26.50 MW, per_pool_limit=1463.83 MWh/period from external)
    ✓ Updated hydrogen_battery: pool_limit 7.25 → 7.32 (+0.07 MW, per_pool_limit=3.66 MWh/period from external)
    ✓ Updated 0.5c_battery: pool_limit 24065.32 → 24127.55 (+62.23 MW, per_pool_limit=12063.77 MWh/period from external)
    ✓ Updated 1c_battery: pool_limit 731.91 → 733.81 (+1.89 MW, per_pool_limit=366.90 MWh/period from external)
    ✓ Updated 0.25c_battery: pool_limit 2927.65 → 2935.22 (+7.57 MW, per_pool_limit=1467.61 MWh/period from external)
    ✓ Updated hydrogen_battery: pool_limit 7.32 → 7.34 (+0.02 MW, per_pool_limit=3.67 MWh/period from external)
    ✓ Updated 0.5c_battery: pool_limit 24127.55 → 24163.63 (+36.08 MW, per_pool_limit=12081.82 MWh/period from external)
    ✓ Updated 1c_battery: pool_limit 733.81 → 734.90 (+1.10 MW, per_pool_limit=367.45 MWh/period from external)
    ✓ Updated 0.25c_battery: pool_limit 2935.22 → 2939.61 (+4.39 MW, per_pool_limit=1469.81 MWh/period from external)
    ✓ Updated hydrogen_battery: pool_limit 7.34 → 7.35 (+0.01 MW, per_pool_limit=3.67 MWh/period from external)
    ✓ Updated 0.5c_battery: pool_limit 24163.63 → 24166.85 (+3.22 MW, per_pool_limit=12083.42 MWh/period from external)
    ✓ Updated 1c_battery: pool_limit 734.90 → 735.00 (+0.10 MW, per_pool_limit=367.50 MWh/period from external)
    ✓ Updated 0.25c_battery: pool_limit 2939.61 → 2940.01 (+0.39 MW, per_pool_limit=1470.00 MWh/period from external)
    ✓ Updated hydrogen_battery: pool_limit 7.35 → 7.35 (+0.00 MW, per_pool_limit=3.68 MWh/period from external)
    ✓ Updated 0.5c_battery: pool_limit 24166.85 → 24203.58 (+36.74 MW, per_pool_limit=12101.79 MWh/period from external)
    ✓ Updated 1c_battery: pool_limit 735.00 → 736.12 (+1.12 MW, per_pool_limit=368.06 MWh/period from external)
    ✓ Updated 0.25c_battery: pool_limit 2940.01 → 2944.47 (+4.47 MW, per_pool_limit=1472.24 MWh/period from external)
    ✓ Updated hydrogen_battery: pool_limit 7.35 → 7.36 (+0.01 MW, per_pool_limit=3.68 MWh/period from external)
    ✓ Updated 0.5c_battery: pool_limit 24203.58 → 24240.39 (+36.81 MW, per_pool_limit=12120.20 MWh/period from external)
    ✓ Updated 1c_battery: pool_limit 736.12 → 737.24 (+1.12 MW, per_pool_limit=368.62 MWh/period from external)
    ✓ Updated 0.25c_battery: pool_limit 2944.47 → 2948.95 (+4.48 MW, per_pool_limit=1474.48 MWh/period from external)
    ✓ Updated hydrogen_battery: pool_limit 7.36 → 7.37 (+0.01 MW, per_pool_limit=3.69 MWh/period from external)
    ✓ Updated 0.5c_battery: pool_limit 24240.39 → 24277.20 (+36.81 MW, per_pool_limit=12138.60 MWh/period from external)
    ✓ Updated 1c_battery: pool_limit 737.24 → 738.36 (+1.12 MW, per_pool_limit=369.18 MWh/period from external)
    ✓ Updated 0.25c_battery: pool_limit 2948.95 → 2953.43 (+4.48 MW, per_pool_limit=1476.72 MWh/period from external)
    ✓ Updated hydrogen_battery: pool_limit 7.37 → 7.38 (+0.01 MW, per_pool_limit=3.69 MWh/period from external)
    ✓ Updated 0.5c_battery: pool_limit 24277.20 → 24314.01 (+36.81 MW, per_pool_limit=12157.01 MWh/period from external)
    ✓ Updated 1c_battery: pool_limit 738.36 → 739.48 (+1.12 MW, per_pool_limit=369.74 MWh/period from external)
    ✓ Updated 0.25c_battery: pool_limit 2953.43 → 2957.91 (+4.48 MW, per_pool_limit=1478.95 MWh/period from external)
    ✓ Updated hydrogen_battery: pool_limit 7.38 → 7.39 (+0.01 MW, per_pool_limit=3.70 MWh/period from external)
    ✓ Updated 0.5c_battery: pool_limit 24314.01 → 24321.30 (+7.29 MW, per_pool_limit=12160.65 MWh/period from external)
    ✓ Updated 1c_battery: pool_limit 739.48 → 739.70 (+0.22 MW, per_pool_limit=369.85 MWh/period from external)
    ✓ Updated 0.25c_battery: pool_limit 2957.91 → 2958.80 (+0.89 MW, per_pool_limit=1479.40 MWh/period from external)
    ✓ Updated hydrogen_battery: pool_limit 7.39 → 7.40 (+0.00 MW, per_pool_limit=3.70 MWh/period from external)
    ✓ Updated 0.5c_battery: pool_limit 24321.30 → 24397.50 (+76.19 MW, per_pool_limit=12198.75 MWh/period from external)
    ✓ Updated 1c_battery: pool_limit 739.70 → 742.02 (+2.32 MW, per_pool_limit=371.01 MWh/period from external)
    ✓ Updated 0.25c_battery: pool_limit 2958.80 → 2968.07 (+9.27 MW, per_pool_limit=1484.03 MWh/period from external)
    ✓ Updated hydrogen_battery: pool_limit 7.40 → 7.42 (+0.02 MW, per_pool_limit=3.71 MWh/period from external)
    ✓ Updated 0.5c_battery: pool_limit 24397.50 → 24398.45 (+0.95 MW, per_pool_limit=12199.22 MWh/period from external)
    ✓ Updated 1c_battery: pool_limit 742.02 → 742.05 (+0.03 MW, per_pool_limit=371.02 MWh/period from external)
    ✓ Updated 0.25c_battery: pool_limit 2968.07 → 2968.18 (+0.12 MW, per_pool_limit=1484.09 MWh/period from external)
    ✓ Updated hydrogen_battery: pool_limit 7.42 → 7.42 (+0.00 MW, per_pool_limit=3.71 MWh/period from external)
    ✓ Updated 0.5c_battery: pool_limit 24398.45 → 24435.26 (+36.81 MW, per_pool_limit=12217.63 MWh/period from external)
    ✓ Updated 1c_battery: pool_limit 742.05 → 743.16 (+1.12 MW, per_pool_limit=371.58 MWh/period from external)
    ✓ Updated 0.25c_battery: pool_limit 2968.18 → 2972.66 (+4.48 MW, per_pool_limit=1486.33 MWh/period from external)
    ✓ Updated hydrogen_battery: pool_limit 7.42 → 7.43 (+0.01 MW, per_pool_limit=3.72 MWh/period from external)
    ✓ Updated 0.5c_battery: pool_limit 24435.26 → 24582.62 (+147.36 MW, per_pool_limit=12291.31 MWh/period from external)
    ✓ Updated 1c_battery: pool_limit 743.16 → 747.65 (+4.48 MW, per_pool_limit=373.82 MWh/period from external)
    ✓ Updated 0.25c_battery: pool_limit 2972.66 → 2990.59 (+17.93 MW, per_pool_limit=1495.29 MWh/period from external)
    ✓ Updated hydrogen_battery: pool_limit 7.43 → 7.48 (+0.04 MW, per_pool_limit=3.74 MWh/period from external)
    ✓ Updated 0.5c_battery: pool_limit 24582.62 → 24629.00 (+46.38 MW, per_pool_limit=12314.50 MWh/period from external)
    ✓ Updated 1c_battery: pool_limit 747.65 → 749.06 (+1.41 MW, per_pool_limit=374.53 MWh/period from external)
    ✓ Updated 0.25c_battery: pool_limit 2990.59 → 2996.23 (+5.64 MW, per_pool_limit=1498.11 MWh/period from external)
    ✓ Updated hydrogen_battery: pool_limit 7.48 → 7.49 (+0.01 MW, per_pool_limit=3.75 MWh/period from external)
    ✓ Updated 0.5c_battery: pool_limit 24629.00 → 24683.12 (+54.12 MW, per_pool_limit=12341.56 MWh/period from external)
    ✓ Updated 1c_battery: pool_limit 749.06 → 750.70 (+1.65 MW, per_pool_limit=375.35 MWh/period from external)
    ✓ Updated 0.25c_battery: pool_limit 2996.23 → 3002.81 (+6.58 MW, per_pool_limit=1501.41 MWh/period from external)
    ✓ Updated hydrogen_battery: pool_limit 7.49 → 7.51 (+0.02 MW, per_pool_limit=3.75 MWh/period from external)
    ✓ Updated 0.5c_battery: pool_limit 24683.12 → 24827.75 (+144.63 MW, per_pool_limit=12413.87 MWh/period from external)
    ✓ Updated 1c_battery: pool_limit 750.70 → 755.10 (+4.40 MW, per_pool_limit=377.55 MWh/period from external)
    ✓ Updated 0.25c_battery: pool_limit 3002.81 → 3020.41 (+17.59 MW, per_pool_limit=1510.20 MWh/period from external)
    ✓ Updated hydrogen_battery: pool_limit 7.51 → 7.55 (+0.04 MW, per_pool_limit=3.78 MWh/period from external)
    ✓ Updated 0.5c_battery: pool_limit 24827.75 → 24858.67 (+30.92 MW, per_pool_limit=12429.33 MWh/period from external)
    ✓ Updated 1c_battery: pool_limit 755.10 → 756.04 (+0.94 MW, per_pool_limit=378.02 MWh/period from external)
    ✓ Updated 0.25c_battery: pool_limit 3020.41 → 3024.17 (+3.76 MW, per_pool_limit=1512.08 MWh/period from external)
    ✓ Updated hydrogen_battery: pool_limit 7.55 → 7.56 (+0.01 MW, per_pool_limit=3.78 MWh/period from external)
    ✓ Updated 0.5c_battery: pool_limit 24858.67 → 24862.28 (+3.62 MW, per_pool_limit=12431.14 MWh/period from external)
    ✓ Updated 1c_battery: pool_limit 756.04 → 756.15 (+0.11 MW, per_pool_limit=378.08 MWh/period from external)
    ✓ Updated 0.25c_battery: pool_limit 3024.17 → 3024.61 (+0.44 MW, per_pool_limit=1512.30 MWh/period from external)
    ✓ Updated hydrogen_battery: pool_limit 7.56 → 7.56 (+0.00 MW, per_pool_limit=3.78 MWh/period from external)
    ✓ Updated 0.5c_battery: pool_limit 24862.28 → 24898.37 (+36.08 MW, per_pool_limit=12449.18 MWh/period from external)
    ✓ Updated 1c_battery: pool_limit 756.15 → 757.25 (+1.10 MW, per_pool_limit=378.62 MWh/period from external)
    ✓ Updated 0.25c_battery: pool_limit 3024.61 → 3029.00 (+4.39 MW, per_pool_limit=1514.50 MWh/period from external)
    ✓ Updated hydrogen_battery: pool_limit 7.56 → 7.57 (+0.01 MW, per_pool_limit=3.79 MWh/period from external)
    ✓ Updated 0.5c_battery: pool_limit 24898.37 → 25188.81 (+290.44 MW, per_pool_limit=12594.40 MWh/period from external)
    ✓ Updated 1c_battery: pool_limit 757.25 → 766.08 (+8.83 MW, per_pool_limit=383.04 MWh/period from external)
    ✓ Updated 0.25c_battery: pool_limit 3029.00 → 3064.33 (+35.33 MW, per_pool_limit=1532.17 MWh/period from external)
    ✓ Updated hydrogen_battery: pool_limit 7.57 → 7.66 (+0.09 MW, per_pool_limit=3.83 MWh/period from external)
    ✓ Updated 0.5c_battery: pool_limit 25188.81 → 25210.59 (+21.78 MW, per_pool_limit=12605.29 MWh/period from external)
    ✓ Updated 1c_battery: pool_limit 766.08 → 766.75 (+0.66 MW, per_pool_limit=383.37 MWh/period from external)
    ✓ Updated 0.25c_battery: pool_limit 3064.33 → 3066.98 (+2.65 MW, per_pool_limit=1533.49 MWh/period from external)
    ✓ Updated hydrogen_battery: pool_limit 7.66 → 7.67 (+0.01 MW, per_pool_limit=3.83 MWh/period from external)
    ✓ Updated 0.5c_battery: pool_limit 25210.59 → 25242.27 (+31.68 MW, per_pool_limit=12621.14 MWh/period from external)
    ✓ Updated 1c_battery: pool_limit 766.75 → 767.71 (+0.96 MW, per_pool_limit=383.85 MWh/period from external)
    ✓ Updated 0.25c_battery: pool_limit 3066.98 → 3070.84 (+3.85 MW, per_pool_limit=1535.42 MWh/period from external)
    ✓ Updated hydrogen_battery: pool_limit 7.67 → 7.68 (+0.01 MW, per_pool_limit=3.84 MWh/period from external)
    ✓ Updated 0.5c_battery: pool_limit 25242.27 → 25986.52 (+744.25 MW, per_pool_limit=12993.26 MWh/period from external)
    ✓ Updated 1c_battery: pool_limit 767.71 → 790.34 (+22.64 MW, per_pool_limit=395.17 MWh/period from external)
    ✓ Updated 0.25c_battery: pool_limit 3070.84 → 3161.38 (+90.54 MW, per_pool_limit=1580.69 MWh/period from external)
    ✓ Updated hydrogen_battery: pool_limit 7.68 → 7.90 (+0.23 MW, per_pool_limit=3.95 MWh/period from external)
    ✓ Updated 0.5c_battery: pool_limit 25986.52 → 26088.00 (+101.47 MW, per_pool_limit=13044.00 MWh/period from external)
    ✓ Updated 1c_battery: pool_limit 790.34 → 793.43 (+3.09 MW, per_pool_limit=396.72 MWh/period from external)
    ✓ Updated 0.25c_battery: pool_limit 3161.38 → 3173.72 (+12.34 MW, per_pool_limit=1586.86 MWh/period from external)
    ✓ Updated hydrogen_battery: pool_limit 7.90 → 7.93 (+0.03 MW, per_pool_limit=3.97 MWh/period from external)
    ✓ Updated 0.5c_battery: pool_limit 26088.00 → 26116.92 (+28.93 MW, per_pool_limit=13058.46 MWh/period from external)
    ✓ Updated 1c_battery: pool_limit 793.43 → 794.31 (+0.88 MW, per_pool_limit=397.16 MWh/period from external)
    ✓ Updated 0.25c_battery: pool_limit 3173.72 → 3177.24 (+3.52 MW, per_pool_limit=1588.62 MWh/period from external)
    ✓ Updated hydrogen_battery: pool_limit 7.93 → 7.94 (+0.01 MW, per_pool_limit=3.97 MWh/period from external)
    ✓ Updated 0.5c_battery: pool_limit 26116.92 → 26125.02 (+8.10 MW, per_pool_limit=13062.51 MWh/period from external)
    ✓ Updated 1c_battery: pool_limit 794.31 → 794.56 (+0.25 MW, per_pool_limit=397.28 MWh/period from external)
    ✓ Updated 0.25c_battery: pool_limit 3177.24 → 3178.23 (+0.99 MW, per_pool_limit=1589.11 MWh/period from external)
    ✓ Updated hydrogen_battery: pool_limit 7.94 → 7.95 (+0.00 MW, per_pool_limit=3.97 MWh/period from external)
    ✓ Updated 0.5c_battery: pool_limit 26125.02 → 26138.55 (+13.53 MW, per_pool_limit=13069.28 MWh/period from external)
    ✓ Updated 1c_battery: pool_limit 794.56 → 794.97 (+0.41 MW, per_pool_limit=397.48 MWh/period from external)
    ✓ Updated 0.25c_battery: pool_limit 3178.23 → 3179.87 (+1.65 MW, per_pool_limit=1589.94 MWh/period from external)
    ✓ Updated hydrogen_battery: pool_limit 7.95 → 7.95 (+0.00 MW, per_pool_limit=3.97 MWh/period from external)
    ✓ Updated 0.5c_battery: pool_limit 26138.55 → 26212.17 (+73.62 MW, per_pool_limit=13106.09 MWh/period from external)
    ✓ Updated 1c_battery: pool_limit 794.97 → 797.21 (+2.24 MW, per_pool_limit=398.60 MWh/period from external)
    ✓ Updated 0.25c_battery: pool_limit 3179.87 → 3188.83 (+8.96 MW, per_pool_limit=1594.41 MWh/period from external)
    ✓ Updated hydrogen_battery: pool_limit 7.95 → 7.97 (+0.02 MW, per_pool_limit=3.99 MWh/period from external)
    ✓ Updated 0.5c_battery: pool_limit 26212.17 → 26237.34 (+25.17 MW, per_pool_limit=13118.67 MWh/period from external)
    ✓ Updated 1c_battery: pool_limit 797.21 → 797.97 (+0.77 MW, per_pool_limit=398.99 MWh/period from external)
    ✓ Updated 0.25c_battery: pool_limit 3188.83 → 3191.89 (+3.06 MW, per_pool_limit=1595.95 MWh/period from external)
    ✓ Updated hydrogen_battery: pool_limit 7.97 → 7.98 (+0.01 MW, per_pool_limit=3.99 MWh/period from external)
    ✓ Updated 0.5c_battery: pool_limit 26237.34 → 26255.74 (+18.40 MW, per_pool_limit=13127.87 MWh/period from external)
    ✓ Updated 1c_battery: pool_limit 797.97 → 798.53 (+0.56 MW, per_pool_limit=399.27 MWh/period from external)
    ✓ Updated 0.25c_battery: pool_limit 3191.89 → 3194.13 (+2.24 MW, per_pool_limit=1597.06 MWh/period from external)
    ✓ Updated hydrogen_battery: pool_limit 7.98 → 7.99 (+0.01 MW, per_pool_limit=3.99 MWh/period from external)
    ✓ Updated 0.5c_battery: pool_limit 26255.74 → 26270.47 (+14.72 MW, per_pool_limit=13135.23 MWh/period from external)
    ✓ Updated 1c_battery: pool_limit 798.53 → 798.98 (+0.45 MW, per_pool_limit=399.49 MWh/period from external)
    ✓ Updated 0.25c_battery: pool_limit 3194.13 → 3195.92 (+1.79 MW, per_pool_limit=1597.96 MWh/period from external)
    ✓ Updated hydrogen_battery: pool_limit 7.99 → 7.99 (+0.00 MW, per_pool_limit=3.99 MWh/period from external)
    ✓ Updated 0.5c_battery: pool_limit 26270.47 → 26288.87 (+18.40 MW, per_pool_limit=13144.44 MWh/period from external)
    ✓ Updated 1c_battery: pool_limit 798.98 → 799.54 (+0.56 MW, per_pool_limit=399.77 MWh/period from external)
    ✓ Updated 0.25c_battery: pool_limit 3195.92 → 3198.16 (+2.24 MW, per_pool_limit=1599.08 MWh/period from external)
    ✓ Updated hydrogen_battery: pool_limit 7.99 → 8.00 (+0.01 MW, per_pool_limit=4.00 MWh/period from external)
    ✓ Updated 0.5c_battery: pool_limit 26288.87 → 26325.17 (+36.30 MW, per_pool_limit=13162.58 MWh/period from external)
    ✓ Updated 1c_battery: pool_limit 799.54 → 800.64 (+1.10 MW, per_pool_limit=400.32 MWh/period from external)
    ✓ Updated 0.25c_battery: pool_limit 3198.16 → 3202.58 (+4.42 MW, per_pool_limit=1601.29 MWh/period from external)
    ✓ Updated hydrogen_battery: pool_limit 8.00 → 8.01 (+0.01 MW, per_pool_limit=4.00 MWh/period from external)
    ✓ Updated 0.5c_battery: pool_limit 26325.17 → 26397.41 (+72.24 MW, per_pool_limit=13198.71 MWh/period from external)
    ✓ Updated 1c_battery: pool_limit 800.64 → 802.84 (+2.20 MW, per_pool_limit=401.42 MWh/period from external)
    ✓ Updated 0.25c_battery: pool_limit 3202.58 → 3211.36 (+8.79 MW, per_pool_limit=1605.68 MWh/period from external)
    ✓ Updated hydrogen_battery: pool_limit 8.01 → 8.03 (+0.02 MW, per_pool_limit=4.01 MWh/period from external)
    ✓ Updated 0.5c_battery: pool_limit 26397.41 → 26434.15 (+36.74 MW, per_pool_limit=13217.07 MWh/period from external)
    ✓ Updated 1c_battery: pool_limit 802.84 → 803.96 (+1.12 MW, per_pool_limit=401.98 MWh/period from external)
    ✓ Updated 0.25c_battery: pool_limit 3211.36 → 3215.83 (+4.47 MW, per_pool_limit=1607.92 MWh/period from external)
    ✓ Updated hydrogen_battery: pool_limit 8.03 → 8.04 (+0.01 MW, per_pool_limit=4.02 MWh/period from external)
    ✓ Updated 0.5c_battery: pool_limit 26434.15 → 26437.83 (+3.68 MW, per_pool_limit=13218.91 MWh/period from external)
    ✓ Updated 1c_battery: pool_limit 803.96 → 804.07 (+0.11 MW, per_pool_limit=402.04 MWh/period from external)
    ✓ Updated 0.25c_battery: pool_limit 3215.83 → 3216.28 (+0.45 MW, per_pool_limit=1608.14 MWh/period from external)
    ✓ Updated hydrogen_battery: pool_limit 8.04 → 8.04 (+0.00 MW, per_pool_limit=4.02 MWh/period from external)
    ✓ Updated 0.5c_battery: pool_limit 26437.83 → 26438.57 (+0.75 MW, per_pool_limit=13219.29 MWh/period from external)
    ✓ Updated 1c_battery: pool_limit 804.07 → 804.09 (+0.02 MW, per_pool_limit=402.05 MWh/period from external)
    ✓ Updated 0.25c_battery: pool_limit 3216.28 → 3216.37 (+0.09 MW, per_pool_limit=1608.19 MWh/period from external)
    ✓ Updated hydrogen_battery: pool_limit 8.04 → 8.04 (+0.00 MW, per_pool_limit=4.02 MWh/period from external)
    ✓ Updated 0.5c_battery: pool_limit 26438.57 → 26510.89 (+72.31 MW, per_pool_limit=13255.44 MWh/period from external)
    ✓ Updated 1c_battery: pool_limit 804.09 → 806.29 (+2.20 MW, per_pool_limit=403.15 MWh/period from external)
    ✓ Updated 0.25c_battery: pool_limit 3216.37 → 3225.17 (+8.80 MW, per_pool_limit=1612.58 MWh/period from external)
    ✓ Updated hydrogen_battery: pool_limit 8.04 → 8.06 (+0.02 MW, per_pool_limit=4.03 MWh/period from external)
    ✓ Updated 0.5c_battery: pool_limit 26510.89 → 26540.34 (+29.45 MW, per_pool_limit=13270.17 MWh/period from external)
    ✓ Updated 1c_battery: pool_limit 806.29 → 807.19 (+0.90 MW, per_pool_limit=403.59 MWh/period from external)
    ✓ Updated 0.25c_battery: pool_limit 3225.17 → 3228.75 (+3.58 MW, per_pool_limit=1614.38 MWh/period from external)
    ✓ Updated hydrogen_battery: pool_limit 8.06 → 8.07 (+0.01 MW, per_pool_limit=4.04 MWh/period from external)
    ✓ Updated 0.5c_battery: pool_limit 26540.34 → 26576.42 (+36.08 MW, per_pool_limit=13288.21 MWh/period from external)
    ✓ Updated 1c_battery: pool_limit 807.19 → 808.29 (+1.10 MW, per_pool_limit=404.14 MWh/period from external)
    ✓ Updated 0.25c_battery: pool_limit 3228.75 → 3233.14 (+4.39 MW, per_pool_limit=1616.57 MWh/period from external)
    ✓ Updated hydrogen_battery: pool_limit 8.07 → 8.08 (+0.01 MW, per_pool_limit=4.04 MWh/period from external)
    ✓ Updated 0.5c_battery: pool_limit 26576.42 → 26591.15 (+14.72 MW, per_pool_limit=13295.57 MWh/period from external)
    ✓ Updated 1c_battery: pool_limit 808.29 → 808.73 (+0.45 MW, per_pool_limit=404.37 MWh/period from external)
    ✓ Updated 0.25c_battery: pool_limit 3233.14 → 3234.93 (+1.79 MW, per_pool_limit=1617.47 MWh/period from external)
    ✓ Updated hydrogen_battery: pool_limit 8.08 → 8.09 (+0.00 MW, per_pool_limit=4.04 MWh/period from external)
    ✓ Updated 0.5c_battery: pool_limit 26591.15 → 26657.40 (+66.26 MW, per_pool_limit=13328.70 MWh/period from external)
    ✓ Updated 1c_battery: pool_limit 808.73 → 810.75 (+2.02 MW, per_pool_limit=405.37 MWh/period from external)
    ✓ Updated 0.25c_battery: pool_limit 3234.93 → 3242.99 (+8.06 MW, per_pool_limit=1621.50 MWh/period from external)
    ✓ Updated hydrogen_battery: pool_limit 8.09 → 8.11 (+0.02 MW, per_pool_limit=4.05 MWh/period from external)
    ✓ Updated 0.5c_battery: pool_limit 26657.40 → 26745.75 (+88.34 MW, per_pool_limit=13372.87 MWh/period from external)
    ✓ Updated 1c_battery: pool_limit 810.75 → 813.44 (+2.69 MW, per_pool_limit=406.72 MWh/period from external)
    ✓ Updated 0.25c_battery: pool_limit 3242.99 → 3253.74 (+10.75 MW, per_pool_limit=1626.87 MWh/period from external)
    ✓ Updated hydrogen_battery: pool_limit 8.11 → 8.13 (+0.03 MW, per_pool_limit=4.07 MWh/period from external)
    ✓ Updated 0.5c_battery: pool_limit 26745.75 → 26922.44 (+176.69 MW, per_pool_limit=13461.22 MWh/period from external)
    ✓ Updated 1c_battery: pool_limit 813.44 → 818.81 (+5.37 MW, per_pool_limit=409.40 MWh/period from external)
    ✓ Updated 0.25c_battery: pool_limit 3253.74 → 3275.24 (+21.49 MW, per_pool_limit=1637.62 MWh/period from external)
    ✓ Updated hydrogen_battery: pool_limit 8.13 → 8.19 (+0.05 MW, per_pool_limit=4.09 MWh/period from external)
    ✓ Updated 0.5c_battery: pool_limit 26922.44 → 26940.84 (+18.40 MW, per_pool_limit=13470.42 MWh/period from external)
    ✓ Updated 1c_battery: pool_limit 818.81 → 819.37 (+0.56 MW, per_pool_limit=409.68 MWh/period from external)
    ✓ Updated 0.25c_battery: pool_limit 3275.24 → 3277.47 (+2.24 MW, per_pool_limit=1638.74 MWh/period from external)
    ✓ Updated hydrogen_battery: pool_limit 8.19 → 8.19 (+0.01 MW, per_pool_limit=4.10 MWh/period from external)
    ✓ Updated 0.5c_battery: pool_limit 26940.84 → 27191.15 (+250.31 MW, per_pool_limit=13595.57 MWh/period from external)
    ✓ Updated 1c_battery: pool_limit 819.37 → 826.98 (+7.61 MW, per_pool_limit=413.49 MWh/period from external)
    ✓ Updated 0.25c_battery: pool_limit 3277.47 → 3307.93 (+30.45 MW, per_pool_limit=1653.96 MWh/period from external)
    ✓ Updated hydrogen_battery: pool_limit 8.19 → 8.27 (+0.08 MW, per_pool_limit=4.13 MWh/period from external)
    ✓ Updated 0.5c_battery: pool_limit 27191.15 → 27220.60 (+29.45 MW, per_pool_limit=13610.30 MWh/period from external)
    ✓ Updated 1c_battery: pool_limit 826.98 → 827.88 (+0.90 MW, per_pool_limit=413.94 MWh/period from external)
    ✓ Updated 0.25c_battery: pool_limit 3307.93 → 3311.51 (+3.58 MW, per_pool_limit=1655.75 MWh/period from external)
    ✓ Updated hydrogen_battery: pool_limit 8.27 → 8.28 (+0.01 MW, per_pool_limit=4.14 MWh/period from external)
    ✓ Updated 0.5c_battery: pool_limit 27220.60 → 27235.32 (+14.72 MW, per_pool_limit=13617.66 MWh/period from external)
    ✓ Updated 1c_battery: pool_limit 827.88 → 828.32 (+0.45 MW, per_pool_limit=414.16 MWh/period from external)
    ✓ Updated 0.25c_battery: pool_limit 3311.51 → 3313.30 (+1.79 MW, per_pool_limit=1656.65 MWh/period from external)
    ✓ Updated hydrogen_battery: pool_limit 8.28 → 8.28 (+0.00 MW, per_pool_limit=4.14 MWh/period from external)
    ✓ Updated 0.5c_battery: pool_limit 27235.32 → 27272.06 (+36.74 MW, per_pool_limit=13636.03 MWh/period from external)
    ✓ Updated 1c_battery: pool_limit 828.32 → 829.44 (+1.12 MW, per_pool_limit=414.72 MWh/period from external)
    ✓ Updated 0.25c_battery: pool_limit 3313.30 → 3317.77 (+4.47 MW, per_pool_limit=1658.88 MWh/period from external)
    ✓ Updated hydrogen_battery: pool_limit 8.28 → 8.29 (+0.01 MW, per_pool_limit=4.15 MWh/period from external)
    ✓ Updated 0.5c_battery: pool_limit 27272.06 → 27510.73 (+238.67 MW, per_pool_limit=13755.37 MWh/period from external)
    ✓ Updated 1c_battery: pool_limit 829.44 → 836.70 (+7.26 MW, per_pool_limit=418.35 MWh/period from external)
    ✓ Updated 0.25c_battery: pool_limit 3317.77 → 3346.80 (+29.04 MW, per_pool_limit=1673.40 MWh/period from external)
    ✓ Updated hydrogen_battery: pool_limit 8.29 → 8.37 (+0.07 MW, per_pool_limit=4.18 MWh/period from external)
    ✓ Updated 0.5c_battery: pool_limit 27510.73 → 27657.97 (+147.24 MW, per_pool_limit=13828.98 MWh/period from external)
    ✓ Updated 1c_battery: pool_limit 836.70 → 841.18 (+4.48 MW, per_pool_limit=420.59 MWh/period from external)
    ✓ Updated 0.25c_battery: pool_limit 3346.80 → 3364.72 (+17.91 MW, per_pool_limit=1682.36 MWh/period from external)
    ✓ Updated hydrogen_battery: pool_limit 8.37 → 8.41 (+0.04 MW, per_pool_limit=4.21 MWh/period from external)
    ✓ Updated 0.5c_battery: pool_limit 27657.97 → 27729.17 (+71.20 MW, per_pool_limit=13864.59 MWh/period from external)
    ✓ Updated 1c_battery: pool_limit 841.18 → 843.34 (+2.17 MW, per_pool_limit=421.67 MWh/period from external)
    ✓ Updated 0.25c_battery: pool_limit 3364.72 → 3373.38 (+8.66 MW, per_pool_limit=1686.69 MWh/period from external)
    ✓ Updated hydrogen_battery: pool_limit 8.41 → 8.43 (+0.02 MW, per_pool_limit=4.22 MWh/period from external)
    ✓ Updated 0.5c_battery: pool_limit 27729.17 → 27743.90 (+14.72 MW, per_pool_limit=13871.95 MWh/period from external)
    ✓ Updated 1c_battery: pool_limit 843.34 → 843.79 (+0.45 MW, per_pool_limit=421.90 MWh/period from external)
    ✓ Updated 0.25c_battery: pool_limit 3373.38 → 3375.17 (+1.79 MW, per_pool_limit=1687.58 MWh/period from external)
    ✓ Updated hydrogen_battery: pool_limit 8.43 → 8.44 (+0.00 MW, per_pool_limit=4.22 MWh/period from external)
    ✓ Updated 0.5c_battery: pool_limit 27743.90 → 27781.19 (+37.29 MW, per_pool_limit=13890.59 MWh/period from external)
    ✓ Updated 1c_battery: pool_limit 843.79 → 844.93 (+1.13 MW, per_pool_limit=422.46 MWh/period from external)
    ✓ Updated 0.25c_battery: pool_limit 3375.17 → 3379.71 (+4.54 MW, per_pool_limit=1689.85 MWh/period from external)
    ✓ Updated hydrogen_battery: pool_limit 8.44 → 8.45 (+0.01 MW, per_pool_limit=4.22 MWh/period from external)
    ✓ Updated 0.5c_battery: pool_limit 27781.19 → 28002.05 (+220.86 MW, per_pool_limit=14001.02 MWh/period from external)
    ✓ Updated 1c_battery: pool_limit 844.93 → 851.64 (+6.72 MW, per_pool_limit=425.82 MWh/period from external)
    ✓ Updated 0.25c_battery: pool_limit 3379.71 → 3406.58 (+26.87 MW, per_pool_limit=1703.29 MWh/period from external)
    ✓ Updated hydrogen_battery: pool_limit 8.45 → 8.52 (+0.07 MW, per_pool_limit=4.26 MWh/period from external)
    ✓ Updated 0.5c_battery: pool_limit 28002.05 → 28075.67 (+73.62 MW, per_pool_limit=14037.83 MWh/period from external)
    ✓ Updated 1c_battery: pool_limit 851.64 → 853.88 (+2.24 MW, per_pool_limit=426.94 MWh/period from external)
    ✓ Updated 0.25c_battery: pool_limit 3406.58 → 3415.53 (+8.96 MW, per_pool_limit=1707.77 MWh/period from external)
    ✓ Updated hydrogen_battery: pool_limit 8.52 → 8.54 (+0.02 MW, per_pool_limit=4.27 MWh/period from external)
    ✓ Updated 0.5c_battery: pool_limit 28075.67 → 28112.48 (+36.81 MW, per_pool_limit=14056.24 MWh/period from external)
    ✓ Updated 1c_battery: pool_limit 853.88 → 855.00 (+1.12 MW, per_pool_limit=427.50 MWh/period from external)
    ✓ Updated 0.25c_battery: pool_limit 3415.53 → 3420.01 (+4.48 MW, per_pool_limit=1710.00 MWh/period from external)
    ✓ Updated hydrogen_battery: pool_limit 8.54 → 8.55 (+0.01 MW, per_pool_limit=4.28 MWh/period from external)
    ✓ Updated 0.5c_battery: pool_limit 28112.48 → 28134.56 (+22.09 MW, per_pool_limit=14067.28 MWh/period from external)
    ✓ Updated 1c_battery: pool_limit 855.00 → 855.67 (+0.67 MW, per_pool_limit=427.84 MWh/period from external)
    ✓ Updated 0.25c_battery: pool_limit 3420.01 → 3422.70 (+2.69 MW, per_pool_limit=1711.35 MWh/period from external)
    ✓ Updated hydrogen_battery: pool_limit 8.55 → 8.56 (+0.01 MW, per_pool_limit=4.28 MWh/period from external)
    ✓ Updated 0.5c_battery: pool_limit 28134.56 → 28141.93 (+7.36 MW, per_pool_limit=14070.96 MWh/period from external)
    ✓ Updated 1c_battery: pool_limit 855.67 → 855.90 (+0.22 MW, per_pool_limit=427.95 MWh/period from external)
    ✓ Updated 0.25c_battery: pool_limit 3422.70 → 3423.59 (+0.90 MW, per_pool_limit=1711.80 MWh/period from external)
    ✓ Updated hydrogen_battery: pool_limit 8.56 → 8.56 (+0.00 MW, per_pool_limit=4.28 MWh/period from external)
    ✓ Updated 0.5c_battery: pool_limit 28141.93 → 28284.33 (+142.40 MW, per_pool_limit=14142.17 MWh/period from external)
    ✓ Updated 1c_battery: pool_limit 855.90 → 860.23 (+4.33 MW, per_pool_limit=430.11 MWh/period from external)
    ✓ Updated 0.25c_battery: pool_limit 3423.59 → 3440.92 (+17.32 MW, per_pool_limit=1720.46 MWh/period from external)
    ✓ Updated hydrogen_battery: pool_limit 8.56 → 8.60 (+0.04 MW, per_pool_limit=4.30 MWh/period from external)
    ✓ Updated 0.5c_battery: pool_limit 28284.33 → 28318.16 (+33.82 MW, per_pool_limit=14159.08 MWh/period from external)
    ✓ Updated 1c_battery: pool_limit 860.23 → 861.26 (+1.03 MW, per_pool_limit=430.63 MWh/period from external)
    ✓ Updated 0.25c_battery: pool_limit 3440.92 → 3445.03 (+4.11 MW, per_pool_limit=1722.52 MWh/period from external)
    ✓ Updated hydrogen_battery: pool_limit 8.60 → 8.61 (+0.01 MW, per_pool_limit=4.31 MWh/period from external)
    ✓ Updated 0.5c_battery: pool_limit 28318.16 → 28796.68 (+478.53 MW, per_pool_limit=14398.34 MWh/period from external)
    ✓ Updated 1c_battery: pool_limit 861.26 → 875.81 (+14.55 MW, per_pool_limit=437.91 MWh/period from external)
    ✓ Updated 0.25c_battery: pool_limit 3445.03 → 3503.25 (+58.22 MW, per_pool_limit=1751.62 MWh/period from external)
    ✓ Updated hydrogen_battery: pool_limit 8.61 → 8.76 (+0.15 MW, per_pool_limit=4.38 MWh/period from external)
    ✓ Updated 0.5c_battery: pool_limit 28796.68 → 28821.72 (+25.03 MW, per_pool_limit=14410.86 MWh/period from external)
    ✓ Updated 1c_battery: pool_limit 875.81 → 876.57 (+0.76 MW, per_pool_limit=438.29 MWh/period from external)
    ✓ Updated 0.25c_battery: pool_limit 3503.25 → 3506.29 (+3.05 MW, per_pool_limit=1753.15 MWh/period from external)
    ✓ Updated hydrogen_battery: pool_limit 8.76 → 8.77 (+0.01 MW, per_pool_limit=4.38 MWh/period from external)
    ✓ Updated 0.5c_battery: pool_limit 28821.72 → 28836.44 (+14.72 MW, per_pool_limit=14418.22 MWh/period from external)
    ✓ Updated 1c_battery: pool_limit 876.57 → 877.02 (+0.45 MW, per_pool_limit=438.51 MWh/period from external)
    ✓ Updated 0.25c_battery: pool_limit 3506.29 → 3508.08 (+1.79 MW, per_pool_limit=1754.04 MWh/period from external)
    ✓ Updated hydrogen_battery: pool_limit 8.77 → 8.77 (+0.00 MW, per_pool_limit=4.39 MWh/period from external)
    ✓ Updated 0.5c_battery: pool_limit 28836.44 → 28841.59 (+5.15 MW, per_pool_limit=14420.80 MWh/period from external)
    ✓ Updated 1c_battery: pool_limit 877.02 → 877.18 (+0.16 MW, per_pool_limit=438.59 MWh/period from external)
    ✓ Updated 0.25c_battery: pool_limit 3508.08 → 3508.71 (+0.63 MW, per_pool_limit=1754.35 MWh/period from external)
    ✓ Updated hydrogen_battery: pool_limit 8.77 → 8.77 (+0.00 MW, per_pool_limit=4.39 MWh/period from external)
    ✓ Updated 0.5c_battery: pool_limit 28841.59 → 28877.19 (+35.60 MW, per_pool_limit=14438.60 MWh/period from external)
    ✓ Updated 1c_battery: pool_limit 877.18 → 878.26 (+1.08 MW, per_pool_limit=439.13 MWh/period from external)
    ✓ Updated 0.25c_battery: pool_limit 3508.71 → 3513.04 (+4.33 MW, per_pool_limit=1756.52 MWh/period from external)
    ✓ Updated hydrogen_battery: pool_limit 8.77 → 8.78 (+0.01 MW, per_pool_limit=4.39 MWh/period from external)
    ✓ Updated 0.5c_battery: pool_limit 28877.19 → 28913.93 (+36.74 MW, per_pool_limit=14456.97 MWh/period from external)
    ✓ Updated 1c_battery: pool_limit 878.26 → 879.38 (+1.12 MW, per_pool_limit=439.69 MWh/period from external)
    ✓ Updated 0.25c_battery: pool_limit 3513.04 → 3517.51 (+4.47 MW, per_pool_limit=1758.75 MWh/period from external)
    ✓ Updated hydrogen_battery: pool_limit 8.78 → 8.79 (+0.01 MW, per_pool_limit=4.40 MWh/period from external)
    ✓ Updated 0.5c_battery: pool_limit 28913.93 → 28921.19 (+7.26 MW, per_pool_limit=14460.60 MWh/period from external)
    ✓ Updated 1c_battery: pool_limit 879.38 → 879.60 (+0.22 MW, per_pool_limit=439.80 MWh/period from external)
    ✓ Updated 0.25c_battery: pool_limit 3517.51 → 3518.39 (+0.88 MW, per_pool_limit=1759.20 MWh/period from external)
    ✓ Updated hydrogen_battery: pool_limit 8.79 → 8.80 (+0.00 MW, per_pool_limit=4.40 MWh/period from external)
    ✓ Updated 0.5c_battery: pool_limit 28921.19 → 28942.63 (+21.44 MW, per_pool_limit=14471.32 MWh/period from external)
    ✓ Updated 1c_battery: pool_limit 879.60 → 880.25 (+0.65 MW, per_pool_limit=440.13 MWh/period from external)
    ✓ Updated 0.25c_battery: pool_limit 3518.39 → 3521.00 (+2.61 MW, per_pool_limit=1760.50 MWh/period from external)
    ✓ Updated hydrogen_battery: pool_limit 8.80 → 8.80 (+0.01 MW, per_pool_limit=4.40 MWh/period from external)
    ✓ Updated 0.5c_battery: pool_limit 28942.63 → 28971.67 (+29.04 MW, per_pool_limit=14485.84 MWh/period from external)
    ✓ Updated 1c_battery: pool_limit 880.25 → 881.13 (+0.88 MW, per_pool_limit=440.57 MWh/period from external)
    ✓ Updated 0.25c_battery: pool_limit 3521.00 → 3524.53 (+3.53 MW, per_pool_limit=1762.27 MWh/period from external)
    ✓ Updated hydrogen_battery: pool_limit 8.80 → 8.81 (+0.01 MW, per_pool_limit=4.41 MWh/period from external)
    ✓ Updated 0.5c_battery: pool_limit 28971.67 → 29001.12 (+29.45 MW, per_pool_limit=14500.56 MWh/period from external)
    ✓ Updated 1c_battery: pool_limit 881.13 → 882.03 (+0.90 MW, per_pool_limit=441.01 MWh/period from external)
    ✓ Updated 0.25c_battery: pool_limit 3524.53 → 3528.12 (+3.58 MW, per_pool_limit=1764.06 MWh/period from external)
    ✓ Updated hydrogen_battery: pool_limit 8.81 → 8.82 (+0.01 MW, per_pool_limit=4.41 MWh/period from external)
    ✓ Updated 0.5c_battery: pool_limit 29001.12 → 29073.44 (+72.31 MW, per_pool_limit=14536.72 MWh/period from external)
    ✓ Updated 1c_battery: pool_limit 882.03 → 884.23 (+2.20 MW, per_pool_limit=442.11 MWh/period from external)
    ✓ Updated 0.25c_battery: pool_limit 3528.12 → 3536.91 (+8.80 MW, per_pool_limit=1768.46 MWh/period from external)
    ✓ Updated hydrogen_battery: pool_limit 8.82 → 8.84 (+0.02 MW, per_pool_limit=4.42 MWh/period from external)
    ✓ Updated 0.5c_battery: pool_limit 29073.44 → 29215.84 (+142.40 MW, per_pool_limit=14607.92 MWh/period from external)
    ✓ Updated 1c_battery: pool_limit 884.23 → 888.56 (+4.33 MW, per_pool_limit=444.28 MWh/period from external)
    ✓ Updated 0.25c_battery: pool_limit 3536.91 → 3554.24 (+17.32 MW, per_pool_limit=1777.12 MWh/period from external)
    ✓ Updated hydrogen_battery: pool_limit 8.84 → 8.89 (+0.04 MW, per_pool_limit=4.44 MWh/period from external)
    ✓ Updated 0.5c_battery: pool_limit 29215.84 → 29315.96 (+100.12 MW, per_pool_limit=14657.98 MWh/period from external)
    ✓ Updated 1c_battery: pool_limit 888.56 → 891.60 (+3.05 MW, per_pool_limit=445.80 MWh/period from external)
    ✓ Updated 0.25c_battery: pool_limit 3554.24 → 3566.42 (+12.18 MW, per_pool_limit=1783.21 MWh/period from external)
    ✓ Updated hydrogen_battery: pool_limit 8.89 → 8.92 (+0.03 MW, per_pool_limit=4.46 MWh/period from external)
    ✓ Updated 0.5c_battery: pool_limit 29315.96 → 29352.70 (+36.74 MW, per_pool_limit=14676.35 MWh/period from external)
    ✓ Updated 1c_battery: pool_limit 891.60 → 892.72 (+1.12 MW, per_pool_limit=446.36 MWh/period from external)
    ✓ Updated 0.25c_battery: pool_limit 3566.42 → 3570.89 (+4.47 MW, per_pool_limit=1785.44 MWh/period from external)
    ✓ Updated hydrogen_battery: pool_limit 8.92 → 8.93 (+0.01 MW, per_pool_limit=4.46 MWh/period from external)
    ✓ Updated 0.5c_battery: pool_limit 29352.70 → 29368.42 (+15.72 MW, per_pool_limit=14684.21 MWh/period from external)
    ✓ Updated 1c_battery: pool_limit 892.72 → 893.20 (+0.48 MW, per_pool_limit=446.60 MWh/period from external)
    ✓ Updated 0.25c_battery: pool_limit 3570.89 → 3572.80 (+1.91 MW, per_pool_limit=1786.40 MWh/period from external)
    ✓ Updated hydrogen_battery: pool_limit 8.93 → 8.93 (+0.00 MW, per_pool_limit=4.47 MWh/period from external)
    ✓ Updated 0.5c_battery: pool_limit 29368.42 → 29620.20 (+251.78 MW, per_pool_limit=14810.10 MWh/period from external)
    ✓ Updated 1c_battery: pool_limit 893.20 → 900.86 (+7.66 MW, per_pool_limit=450.43 MWh/period from external)
    ✓ Updated 0.25c_battery: pool_limit 3572.80 → 3603.43 (+30.63 MW, per_pool_limit=1801.72 MWh/period from external)
    ✓ Updated hydrogen_battery: pool_limit 8.93 → 9.01 (+0.08 MW, per_pool_limit=4.50 MWh/period from external)
    ✓ Updated 0.5c_battery: pool_limit 29620.20 → 29629.04 (+8.83 MW, per_pool_limit=14814.52 MWh/period from external)
    ✓ Updated 1c_battery: pool_limit 900.86 → 901.13 (+0.27 MW, per_pool_limit=450.56 MWh/period from external)
    ✓ Updated 0.25c_battery: pool_limit 3603.43 → 3604.51 (+1.07 MW, per_pool_limit=1802.25 MWh/period from external)
    ✓ Updated hydrogen_battery: pool_limit 9.01 → 9.01 (+0.00 MW, per_pool_limit=4.51 MWh/period from external)
    ✓ Updated 0.5c_battery: pool_limit 29629.04 → 29709.04 (+80.00 MW, per_pool_limit=14854.52 MWh/period from external)
    ✓ Updated 1c_battery: pool_limit 901.13 → 903.56 (+2.43 MW, per_pool_limit=451.78 MWh/period from external)
    ✓ Updated 0.25c_battery: pool_limit 3604.51 → 3614.24 (+9.73 MW, per_pool_limit=1807.12 MWh/period from external)
    ✓ Updated hydrogen_battery: pool_limit 9.01 → 9.04 (+0.02 MW, per_pool_limit=4.52 MWh/period from external)
    ✓ Updated 0.5c_battery: pool_limit 29709.04 → 29887.70 (+178.66 MW, per_pool_limit=14943.85 MWh/period from external)
    ✓ Updated 1c_battery: pool_limit 903.56 → 908.99 (+5.43 MW, per_pool_limit=454.50 MWh/period from external)
    ✓ Updated 0.25c_battery: pool_limit 3614.24 → 3635.97 (+21.73 MW, per_pool_limit=1817.99 MWh/period from external)
    ✓ Updated hydrogen_battery: pool_limit 9.04 → 9.09 (+0.05 MW, per_pool_limit=4.54 MWh/period from external)
    ✓ Updated 0.5c_battery: pool_limit 29887.70 → 30030.63 (+142.93 MW, per_pool_limit=15015.31 MWh/period from external)
    ✓ Updated 1c_battery: pool_limit 908.99 → 913.34 (+4.35 MW, per_pool_limit=456.67 MWh/period from external)
    ✓ Updated 0.25c_battery: pool_limit 3635.97 → 3653.36 (+17.39 MW, per_pool_limit=1826.68 MWh/period from external)
    ✓ Updated hydrogen_battery: pool_limit 9.09 → 9.13 (+0.04 MW, per_pool_limit=4.57 MWh/period from external)
    ✓ Updated 0.5c_battery: pool_limit 30030.63 → 30067.36 (+36.74 MW, per_pool_limit=15033.68 MWh/period from external)
    ✓ Updated 1c_battery: pool_limit 913.34 → 914.46 (+1.12 MW, per_pool_limit=457.23 MWh/period from external)
    ✓ Updated 0.25c_battery: pool_limit 3653.36 → 3657.83 (+4.47 MW, per_pool_limit=1828.92 MWh/period from external)
    ✓ Updated hydrogen_battery: pool_limit 9.13 → 9.14 (+0.01 MW, per_pool_limit=4.57 MWh/period from external)
    ✓ Updated 0.5c_battery: pool_limit 30067.36 → 30080.62 (+13.25 MW, per_pool_limit=15040.31 MWh/period from external)
    ✓ Updated 1c_battery: pool_limit 914.46 → 914.86 (+0.40 MW, per_pool_limit=457.43 MWh/period from external)
    ✓ Updated 0.25c_battery: pool_limit 3657.83 → 3659.44 (+1.61 MW, per_pool_limit=1829.72 MWh/period from external)
    ✓ Updated hydrogen_battery: pool_limit 9.14 → 9.15 (+0.00 MW, per_pool_limit=4.57 MWh/period from external)
    ✓ Updated 0.5c_battery: pool_limit 30080.62 → 30443.67 (+363.05 MW, per_pool_limit=15221.83 MWh/period from external)
    ✓ Updated 1c_battery: pool_limit 914.86 → 925.90 (+11.04 MW, per_pool_limit=462.95 MWh/period from external)
    ✓ Updated 0.25c_battery: pool_limit 3659.44 → 3703.61 (+44.17 MW, per_pool_limit=1851.80 MWh/period from external)
    ✓ Updated hydrogen_battery: pool_limit 9.15 → 9.26 (+0.11 MW, per_pool_limit=4.63 MWh/period from external)
    ✓ Updated 0.5c_battery: pool_limit 30443.67 → 30480.48 (+36.81 MW, per_pool_limit=15240.24 MWh/period from external)
    ✓ Updated 1c_battery: pool_limit 925.90 → 927.02 (+1.12 MW, per_pool_limit=463.51 MWh/period from external)
    ✓ Updated 0.25c_battery: pool_limit 3703.61 → 3708.09 (+4.48 MW, per_pool_limit=1854.04 MWh/period from external)
    ✓ Updated hydrogen_battery: pool_limit 9.26 → 9.27 (+0.01 MW, per_pool_limit=4.64 MWh/period from external)
    ✓ Updated 0.5c_battery: pool_limit 30480.48 → 30892.75 (+412.27 MW, per_pool_limit=15446.37 MWh/period from external)
    ✓ Updated 1c_battery: pool_limit 927.02 → 939.56 (+12.54 MW, per_pool_limit=469.78 MWh/period from external)
    ✓ Updated 0.25c_battery: pool_limit 3708.09 → 3758.24 (+50.15 MW, per_pool_limit=1879.12 MWh/period from external)
    ✓ Updated hydrogen_battery: pool_limit 9.27 → 9.40 (+0.13 MW, per_pool_limit=4.70 MWh/period from external)
    ✓ Updated 0.5c_battery: pool_limit 30892.75 → 30926.57 (+33.82 MW, per_pool_limit=15463.29 MWh/period from external)
    ✓ Updated 1c_battery: pool_limit 939.56 → 940.59 (+1.03 MW, per_pool_limit=470.29 MWh/period from external)
    ✓ Updated 0.25c_battery: pool_limit 3758.24 → 3762.36 (+4.11 MW, per_pool_limit=1881.18 MWh/period from external)
    ✓ Updated hydrogen_battery: pool_limit 9.40 → 9.41 (+0.01 MW, per_pool_limit=4.70 MWh/period from external)
    ✓ Updated 0.5c_battery: pool_limit 30926.57 → 31000.19 (+73.62 MW, per_pool_limit=15500.10 MWh/period from external)
    ✓ Updated 1c_battery: pool_limit 940.59 → 942.83 (+2.24 MW, per_pool_limit=471.41 MWh/period from external)
    ✓ Updated 0.25c_battery: pool_limit 3762.36 → 3771.31 (+8.96 MW, per_pool_limit=1885.66 MWh/period from external)
    ✓ Updated hydrogen_battery: pool_limit 9.41 → 9.43 (+0.02 MW, per_pool_limit=4.71 MWh/period from external)
    ✓ Updated 0.5c_battery: pool_limit 31000.19 → 31251.97 (+251.78 MW, per_pool_limit=15625.99 MWh/period from external)
    ✓ Updated 1c_battery: pool_limit 942.83 → 950.49 (+7.66 MW, per_pool_limit=475.24 MWh/period from external)
    ✓ Updated 0.25c_battery: pool_limit 3771.31 → 3801.94 (+30.63 MW, per_pool_limit=1900.97 MWh/period from external)
    ✓ Updated hydrogen_battery: pool_limit 9.43 → 9.50 (+0.08 MW, per_pool_limit=4.75 MWh/period from external)
    ✓ Updated 0.5c_battery: pool_limit 31251.97 → 31288.78 (+36.81 MW, per_pool_limit=15644.39 MWh/period from external)
    ✓ Updated 1c_battery: pool_limit 950.49 → 951.61 (+1.12 MW, per_pool_limit=475.80 MWh/period from external)
    ✓ Updated 0.25c_battery: pool_limit 3801.94 → 3806.42 (+4.48 MW, per_pool_limit=1903.21 MWh/period from external)
    ✓ Updated hydrogen_battery: pool_limit 9.50 → 9.52 (+0.01 MW, per_pool_limit=4.76 MWh/period from external)
    ✓ Updated 0.5c_battery: pool_limit 31288.78 → 31291.32 (+2.54 MW, per_pool_limit=15645.66 MWh/period from external)
    ✓ Updated 1c_battery: pool_limit 951.61 → 951.68 (+0.08 MW, per_pool_limit=475.84 MWh/period from external)
    ✓ Updated 0.25c_battery: pool_limit 3806.42 → 3806.73 (+0.31 MW, per_pool_limit=1903.37 MWh/period from external)
    ✓ Updated hydrogen_battery: pool_limit 9.52 → 9.52 (+0.00 MW, per_pool_limit=4.76 MWh/period from external)
    ✓ Updated 0.5c_battery: pool_limit 31291.32 → 31353.04 (+61.72 MW, per_pool_limit=15676.52 MWh/period from external)
    ✓ Updated 1c_battery: pool_limit 951.68 → 953.56 (+1.88 MW, per_pool_limit=476.78 MWh/period from external)
    ✓ Updated 0.25c_battery: pool_limit 3806.73 → 3814.24 (+7.51 MW, per_pool_limit=1907.12 MWh/period from external)
    ✓ Updated hydrogen_battery: pool_limit 9.52 → 9.54 (+0.02 MW, per_pool_limit=4.77 MWh/period from external)
    ✓ Updated 0.5c_battery: pool_limit 31353.04 → 31389.85 (+36.81 MW, per_pool_limit=15694.92 MWh/period from external)
    ✓ Updated 1c_battery: pool_limit 953.56 → 954.68 (+1.12 MW, per_pool_limit=477.34 MWh/period from external)
    ✓ Updated 0.25c_battery: pool_limit 3814.24 → 3818.72 (+4.48 MW, per_pool_limit=1909.36 MWh/period from external)
    ✓ Updated hydrogen_battery: pool_limit 9.54 → 9.55 (+0.01 MW, per_pool_limit=4.77 MWh/period from external)
    ✓ Updated 0.5c_battery: pool_limit 31389.85 → 31392.56 (+2.71 MW, per_pool_limit=15696.28 MWh/period from external)
    ✓ Updated 1c_battery: pool_limit 954.68 → 954.76 (+0.08 MW, per_pool_limit=477.38 MWh/period from external)
    ✓ Updated 0.25c_battery: pool_limit 3818.72 → 3819.05 (+0.33 MW, per_pool_limit=1909.52 MWh/period from external)
    ✓ Updated hydrogen_battery: pool_limit 9.55 → 9.55 (+0.00 MW, per_pool_limit=4.77 MWh/period from external)
    ✓ Updated 0.5c_battery: pool_limit 31392.56 → 31463.76 (+71.20 MW, per_pool_limit=15731.88 MWh/period from external)
    ✓ Updated 1c_battery: pool_limit 954.76 → 956.93 (+2.17 MW, per_pool_limit=478.46 MWh/period from external)
    ✓ Updated 0.25c_battery: pool_limit 3819.05 → 3827.71 (+8.66 MW, per_pool_limit=1913.85 MWh/period from external)
    ✓ Updated hydrogen_battery: pool_limit 9.55 → 9.57 (+0.02 MW, per_pool_limit=4.78 MWh/period from external)
    ✓ Updated 0.5c_battery: pool_limit 31463.76 → 31474.60 (+10.85 MW, per_pool_limit=15737.30 MWh/period from external)
    ✓ Updated 1c_battery: pool_limit 956.93 → 957.26 (+0.33 MW, per_pool_limit=478.63 MWh/period from external)
    ✓ Updated 0.25c_battery: pool_limit 3827.71 → 3829.03 (+1.32 MW, per_pool_limit=1914.51 MWh/period from external)
    ✓ Updated hydrogen_battery: pool_limit 9.57 → 9.57 (+0.00 MW, per_pool_limit=4.79 MWh/period from external)
    ✓ Updated 0.5c_battery: pool_limit 31474.60 → 31706.96 (+232.35 MW, per_pool_limit=15853.48 MWh/period from external)
    ✓ Updated 1c_battery: pool_limit 957.26 → 964.32 (+7.07 MW, per_pool_limit=482.16 MWh/period from external)
    ✓ Updated 0.25c_battery: pool_limit 3829.03 → 3857.29 (+28.27 MW, per_pool_limit=1928.65 MWh/period from external)
    ✓ Updated hydrogen_battery: pool_limit 9.57 → 9.64 (+0.07 MW, per_pool_limit=4.82 MWh/period from external)
    ✓ Updated 0.5c_battery: pool_limit 31706.96 → 31724.62 (+17.67 MW, per_pool_limit=15862.31 MWh/period from external)
    ✓ Updated 1c_battery: pool_limit 964.32 → 964.86 (+0.54 MW, per_pool_limit=482.43 MWh/period from external)
    ✓ Updated 0.25c_battery: pool_limit 3857.29 → 3859.44 (+2.15 MW, per_pool_limit=1929.72 MWh/period from external)
    ✓ Updated hydrogen_battery: pool_limit 9.64 → 9.65 (+0.01 MW, per_pool_limit=4.82 MWh/period from external)
    ✓ Updated 0.5c_battery: pool_limit 31724.62 → 32013.88 (+289.26 MW, per_pool_limit=16006.94 MWh/period from external)
    ✓ Updated 1c_battery: pool_limit 964.86 → 973.66 (+8.80 MW, per_pool_limit=486.83 MWh/period from external)
    ✓ Updated 0.25c_battery: pool_limit 3859.44 → 3894.63 (+35.19 MW, per_pool_limit=1947.32 MWh/period from external)
    ✓ Updated hydrogen_battery: pool_limit 9.65 → 9.74 (+0.09 MW, per_pool_limit=4.87 MWh/period from external)
    ✓ Updated 0.5c_battery: pool_limit 32013.88 → 32056.40 (+42.51 MW, per_pool_limit=16028.20 MWh/period from external)
    ✓ Updated 1c_battery: pool_limit 973.66 → 974.95 (+1.29 MW, per_pool_limit=487.48 MWh/period from external)
    ✓ Updated 0.25c_battery: pool_limit 3894.63 → 3899.80 (+5.17 MW, per_pool_limit=1949.90 MWh/period from external)
    ✓ Updated hydrogen_battery: pool_limit 9.74 → 9.75 (+0.01 MW, per_pool_limit=4.87 MWh/period from external)
    ✓ Updated 0.5c_battery: pool_limit 32056.40 → 32078.48 (+22.09 MW, per_pool_limit=16039.24 MWh/period from external)
    ✓ Updated 1c_battery: pool_limit 974.95 → 975.62 (+0.67 MW, per_pool_limit=487.81 MWh/period from external)
    ✓ Updated 0.25c_battery: pool_limit 3899.80 → 3902.49 (+2.69 MW, per_pool_limit=1951.25 MWh/period from external)
    ✓ Updated hydrogen_battery: pool_limit 9.75 → 9.76 (+0.01 MW, per_pool_limit=4.88 MWh/period from external)
    ✓ Updated 0.5c_battery: pool_limit 32078.48 → 32100.57 (+22.09 MW, per_pool_limit=16050.28 MWh/period from external)
    ✓ Updated 1c_battery: pool_limit 975.62 → 976.29 (+0.67 MW, per_pool_limit=488.15 MWh/period from external)
    ✓ Updated 0.25c_battery: pool_limit 3902.49 → 3905.18 (+2.69 MW, per_pool_limit=1952.59 MWh/period from external)
    ✓ Updated hydrogen_battery: pool_limit 9.76 → 9.76 (+0.01 MW, per_pool_limit=4.88 MWh/period from external)
    ✓ Updated 0.5c_battery: pool_limit 32100.57 → 32152.88 (+52.31 MW, per_pool_limit=16076.44 MWh/period from external)
    ✓ Updated 1c_battery: pool_limit 976.29 → 977.89 (+1.59 MW, per_pool_limit=488.94 MWh/period from external)
    ✓ Updated 0.25c_battery: pool_limit 3905.18 → 3911.54 (+6.36 MW, per_pool_limit=1955.77 MWh/period from external)
    ✓ Updated hydrogen_battery: pool_limit 9.76 → 9.78 (+0.02 MW, per_pool_limit=4.89 MWh/period from external)
    ✓ Updated 0.5c_battery: pool_limit 32152.88 → 32188.95 (+36.07 MW, per_pool_limit=16094.48 MWh/period from external)
    ✓ Updated 1c_battery: pool_limit 977.89 → 978.98 (+1.10 MW, per_pool_limit=489.49 MWh/period from external)
    ✓ Updated 0.25c_battery: pool_limit 3911.54 → 3915.93 (+4.39 MW, per_pool_limit=1957.97 MWh/period from external)
    ✓ Updated hydrogen_battery: pool_limit 9.78 → 9.79 (+0.01 MW, per_pool_limit=4.89 MWh/period from external)
    ✓ Updated 0.5c_battery: pool_limit 32188.95 → 32442.94 (+253.98 MW, per_pool_limit=16221.47 MWh/period from external)
    ✓ Updated 1c_battery: pool_limit 978.98 → 986.71 (+7.72 MW, per_pool_limit=493.35 MWh/period from external)
    ✓ Updated 0.25c_battery: pool_limit 3915.93 → 3946.83 (+30.90 MW, per_pool_limit=1973.41 MWh/period from external)
    ✓ Updated hydrogen_battery: pool_limit 9.79 → 9.87 (+0.08 MW, per_pool_limit=4.93 MWh/period from external)
    ✓ Updated 0.5c_battery: pool_limit 32442.94 → 32461.99 (+19.05 MW, per_pool_limit=16230.99 MWh/period from external)
    ✓ Updated 1c_battery: pool_limit 986.71 → 987.29 (+0.58 MW, per_pool_limit=493.64 MWh/period from external)
    ✓ Updated 0.25c_battery: pool_limit 3946.83 → 3949.15 (+2.32 MW, per_pool_limit=1974.57 MWh/period from external)
    ✓ Updated hydrogen_battery: pool_limit 9.87 → 9.87 (+0.01 MW, per_pool_limit=4.94 MWh/period from external)
    ✓ Updated 0.5c_battery: pool_limit 32461.99 → 32534.60 (+72.61 MW, per_pool_limit=16267.30 MWh/period from external)
    ✓ Updated 1c_battery: pool_limit 987.29 → 989.50 (+2.21 MW, per_pool_limit=494.75 MWh/period from external)
    ✓ Updated 0.25c_battery: pool_limit 3949.15 → 3957.98 (+8.83 MW, per_pool_limit=1978.99 MWh/period from external)
    ✓ Updated hydrogen_battery: pool_limit 9.87 → 9.89 (+0.02 MW, per_pool_limit=4.95 MWh/period from external)
    ✓ Updated 0.5c_battery: pool_limit 32534.60 → 32755.46 (+220.86 MW, per_pool_limit=16377.73 MWh/period from external)
    ✓ Updated 1c_battery: pool_limit 989.50 → 996.21 (+6.72 MW, per_pool_limit=498.11 MWh/period from external)
    ✓ Updated 0.25c_battery: pool_limit 3957.98 → 3984.85 (+26.87 MW, per_pool_limit=1992.42 MWh/period from external)
    ✓ Updated hydrogen_battery: pool_limit 9.89 → 9.96 (+0.07 MW, per_pool_limit=4.98 MWh/period from external)
    ✓ Updated 0.5c_battery: pool_limit 32755.46 → 32791.19 (+35.73 MW, per_pool_limit=16395.59 MWh/period from external)
    ✓ Updated 1c_battery: pool_limit 996.21 → 997.30 (+1.09 MW, per_pool_limit=498.65 MWh/period from external)
    ✓ Updated 0.25c_battery: pool_limit 3984.85 → 3989.20 (+4.35 MW, per_pool_limit=1994.60 MWh/period from external)
    ✓ Updated hydrogen_battery: pool_limit 9.96 → 9.97 (+0.01 MW, per_pool_limit=4.99 MWh/period from external)
    ✓ Updated 0.5c_battery: pool_limit 32791.19 → 32828.00 (+36.81 MW, per_pool_limit=16414.00 MWh/period from external)
    ✓ Updated 1c_battery: pool_limit 997.30 → 998.42 (+1.12 MW, per_pool_limit=499.21 MWh/period from external)
    ✓ Updated 0.25c_battery: pool_limit 3989.20 → 3993.67 (+4.48 MW, per_pool_limit=1996.84 MWh/period from external)
    ✓ Updated hydrogen_battery: pool_limit 9.97 → 9.98 (+0.01 MW, per_pool_limit=4.99 MWh/period from external)
    ✓ Updated 0.5c_battery: pool_limit 32828.00 → 33113.85 (+285.86 MW, per_pool_limit=16556.93 MWh/period from external)
    ✓ Updated 1c_battery: pool_limit 998.42 → 1007.11 (+8.69 MW, per_pool_limit=503.56 MWh/period from external)
    ✓ Updated 0.25c_battery: pool_limit 3993.67 → 4028.45 (+34.78 MW, per_pool_limit=2014.22 MWh/period from external)
    ✓ Updated hydrogen_battery: pool_limit 9.98 → 10.07 (+0.09 MW, per_pool_limit=5.04 MWh/period from external)
    ✓ Updated 0.5c_battery: pool_limit 33113.85 → 33189.78 (+75.93 MW, per_pool_limit=16594.89 MWh/period from external)
    ✓ Updated 1c_battery: pool_limit 1007.11 → 1009.42 (+2.31 MW, per_pool_limit=504.71 MWh/period from external)
    ✓ Updated 0.25c_battery: pool_limit 4028.45 → 4037.69 (+9.24 MW, per_pool_limit=2018.84 MWh/period from external)
    ✓ Updated hydrogen_battery: pool_limit 10.07 → 10.09 (+0.02 MW, per_pool_limit=5.05 MWh/period from external)
    ✓ Updated 0.5c_battery: pool_limit 33189.78 → 33225.31 (+35.53 MW, per_pool_limit=16612.66 MWh/period from external)
    ✓ Updated 1c_battery: pool_limit 1009.42 → 1010.50 (+1.08 MW, per_pool_limit=505.25 MWh/period from external)
    ✓ Updated 0.25c_battery: pool_limit 4037.69 → 4042.01 (+4.32 MW, per_pool_limit=2021.00 MWh/period from external)
    ✓ Updated hydrogen_battery: pool_limit 10.09 → 10.11 (+0.01 MW, per_pool_limit=5.05 MWh/period from external)
    ✓ Updated 0.5c_battery: pool_limit 33225.31 → 33962.10 (+736.79 MW, per_pool_limit=16981.05 MWh/period from external)
    ✓ Updated 1c_battery: pool_limit 1010.50 → 1032.91 (+22.41 MW, per_pool_limit=516.46 MWh/period from external)
    ✓ Updated 0.25c_battery: pool_limit 4042.01 → 4131.64 (+89.63 MW, per_pool_limit=2065.82 MWh/period from external)
    ✓ Updated hydrogen_battery: pool_limit 10.11 → 10.33 (+0.22 MW, per_pool_limit=5.16 MWh/period from external)
    ✓ Updated 0.5c_battery: pool_limit 33962.10 → 34034.71 (+72.61 MW, per_pool_limit=17017.36 MWh/period from external)
    ✓ Updated 1c_battery: pool_limit 1032.91 → 1035.12 (+2.21 MW, per_pool_limit=517.56 MWh/period from external)
    ✓ Updated 0.25c_battery: pool_limit 4131.64 → 4140.48 (+8.83 MW, per_pool_limit=2070.24 MWh/period from external)
    ✓ Updated hydrogen_battery: pool_limit 10.33 → 10.35 (+0.02 MW, per_pool_limit=5.18 MWh/period from external)
    ✓ Updated 0.5c_battery: pool_limit 34034.71 → 34098.15 (+63.43 MW, per_pool_limit=17049.07 MWh/period from external)
    ✓ Updated 1c_battery: pool_limit 1035.12 → 1037.05 (+1.93 MW, per_pool_limit=518.52 MWh/period from external)
    ✓ Updated 0.25c_battery: pool_limit 4140.48 → 4148.19 (+7.72 MW, per_pool_limit=2074.10 MWh/period from external)
    ✓ Updated hydrogen_battery: pool_limit 10.35 → 10.37 (+0.02 MW, per_pool_limit=5.19 MWh/period from external)
    ✓ Updated 0.5c_battery: pool_limit 34098.15 → 34466.24 (+368.10 MW, per_pool_limit=17233.12 MWh/period from external)
    ✓ Updated 1c_battery: pool_limit 1037.05 → 1048.24 (+11.20 MW, per_pool_limit=524.12 MWh/period from external)
    ✓ Updated 0.25c_battery: pool_limit 4148.19 → 4192.97 (+44.78 MW, per_pool_limit=2096.49 MWh/period from external)
    ✓ Updated hydrogen_battery: pool_limit 10.37 → 10.48 (+0.11 MW, per_pool_limit=5.24 MWh/period from external)
    ✓ Updated 0.5c_battery: pool_limit 34466.24 → 34473.61 (+7.36 MW, per_pool_limit=17236.80 MWh/period from external)
    ✓ Updated 1c_battery: pool_limit 1048.24 → 1048.47 (+0.22 MW, per_pool_limit=524.23 MWh/period from external)
    ✓ Updated 0.25c_battery: pool_limit 4192.97 → 4193.87 (+0.90 MW, per_pool_limit=2096.93 MWh/period from external)
    ✓ Updated hydrogen_battery: pool_limit 10.48 → 10.48 (+0.00 MW, per_pool_limit=5.24 MWh/period from external)
    ✓ Updated 0.5c_battery: pool_limit 34473.61 → 34545.20 (+71.59 MW, per_pool_limit=17272.60 MWh/period from external)
    ✓ Updated 1c_battery: pool_limit 1048.47 → 1050.64 (+2.18 MW, per_pool_limit=525.32 MWh/period from external)
    ✓ Updated 0.25c_battery: pool_limit 4193.87 → 4202.58 (+8.71 MW, per_pool_limit=2101.29 MWh/period from external)
    ✓ Updated hydrogen_battery: pool_limit 10.48 → 10.51 (+0.02 MW, per_pool_limit=5.25 MWh/period from external)
    ✓ Updated 0.5c_battery: pool_limit 34545.20 → 34581.93 (+36.74 MW, per_pool_limit=17290.97 MWh/period from external)
    ✓ Updated 1c_battery: pool_limit 1050.64 → 1051.76 (+1.12 MW, per_pool_limit=525.88 MWh/period from external)
    ✓ Updated 0.25c_battery: pool_limit 4202.58 → 4207.05 (+4.47 MW, per_pool_limit=2103.52 MWh/period from external)
    ✓ Updated hydrogen_battery: pool_limit 10.51 → 10.52 (+0.01 MW, per_pool_limit=5.26 MWh/period from external)
    ✓ Updated 0.5c_battery: pool_limit 34581.93 → 34744.87 (+162.94 MW, per_pool_limit=17372.44 MWh/period from external)
    ✓ Updated 1c_battery: pool_limit 1051.76 → 1056.72 (+4.96 MW, per_pool_limit=528.36 MWh/period from external)
    ✓ Updated 0.25c_battery: pool_limit 4207.05 → 4226.87 (+19.82 MW, per_pool_limit=2113.44 MWh/period from external)
    ✓ Updated hydrogen_battery: pool_limit 10.52 → 10.57 (+0.05 MW, per_pool_limit=5.28 MWh/period from external)
    ✓ Updated 0.5c_battery: pool_limit 34744.87 → 34780.47 (+35.60 MW, per_pool_limit=17390.24 MWh/period from external)
    ✓ Updated 1c_battery: pool_limit 1056.72 → 1057.80 (+1.08 MW, per_pool_limit=528.90 MWh/period from external)
    ✓ Updated 0.25c_battery: pool_limit 4226.87 → 4231.20 (+4.33 MW, per_pool_limit=2115.60 MWh/period from external)
    ✓ Updated hydrogen_battery: pool_limit 10.57 → 10.58 (+0.01 MW, per_pool_limit=5.29 MWh/period from external)
    ✓ Updated 0.5c_battery: pool_limit 34780.47 → 34847.60 (+67.13 MW, per_pool_limit=17423.80 MWh/period from external)
    ✓ Updated 1c_battery: pool_limit 1057.80 → 1059.84 (+2.04 MW, per_pool_limit=529.92 MWh/period from external)
    ✓ Updated 0.25c_battery: pool_limit 4231.20 → 4239.37 (+8.17 MW, per_pool_limit=2119.68 MWh/period from external)
    ✓ Updated hydrogen_battery: pool_limit 10.58 → 10.60 (+0.02 MW, per_pool_limit=5.30 MWh/period from external)
    ✓ Updated 0.5c_battery: pool_limit 34847.60 → 34890.99 (+43.39 MW, per_pool_limit=17445.49 MWh/period from external)
    ✓ Updated 1c_battery: pool_limit 1059.84 → 1061.16 (+1.32 MW, per_pool_limit=530.58 MWh/period from external)
    ✓ Updated 0.25c_battery: pool_limit 4239.37 → 4244.65 (+5.28 MW, per_pool_limit=2122.32 MWh/period from external)
    ✓ Updated hydrogen_battery: pool_limit 10.60 → 10.61 (+0.01 MW, per_pool_limit=5.31 MWh/period from external)
    ✓ Updated 0.5c_battery: pool_limit 34890.99 → 34957.30 (+66.31 MW, per_pool_limit=17478.65 MWh/period from external)
    ✓ Updated 1c_battery: pool_limit 1061.16 → 1063.18 (+2.02 MW, per_pool_limit=531.59 MWh/period from external)
    ✓ Updated 0.25c_battery: pool_limit 4244.65 → 4252.71 (+8.07 MW, per_pool_limit=2126.36 MWh/period from external)
    ✓ Updated hydrogen_battery: pool_limit 10.61 → 10.63 (+0.02 MW, per_pool_limit=5.32 MWh/period from external)
    ✓ Updated 0.5c_battery: pool_limit 34957.30 → 34994.04 (+36.74 MW, per_pool_limit=17497.02 MWh/period from external)
    ✓ Updated 1c_battery: pool_limit 1063.18 → 1064.30 (+1.12 MW, per_pool_limit=532.15 MWh/period from external)
    ✓ Updated 0.25c_battery: pool_limit 4252.71 → 4257.18 (+4.47 MW, per_pool_limit=2128.59 MWh/period from external)
    ✓ Updated hydrogen_battery: pool_limit 10.63 → 10.64 (+0.01 MW, per_pool_limit=5.32 MWh/period from external)
    ✓ Updated 0.5c_battery: pool_limit 34994.04 → 34997.38 (+3.35 MW, per_pool_limit=17498.69 MWh/period from external)
    ✓ Updated 1c_battery: pool_limit 1064.30 → 1064.40 (+0.10 MW, per_pool_limit=532.20 MWh/period from external)
    ✓ Updated 0.25c_battery: pool_limit 4257.18 → 4257.59 (+0.41 MW, per_pool_limit=2128.79 MWh/period from external)
    ✓ Updated hydrogen_battery: pool_limit 10.64 → 10.64 (+0.00 MW, per_pool_limit=5.32 MWh/period from external)
    ✓ Updated 0.5c_battery: pool_limit 34997.38 → 35034.12 (+36.74 MW, per_pool_limit=17517.06 MWh/period from external)
    ✓ Updated 1c_battery: pool_limit 1064.40 → 1065.51 (+1.12 MW, per_pool_limit=532.76 MWh/period from external)
    ✓ Updated 0.25c_battery: pool_limit 4257.59 → 4262.06 (+4.47 MW, per_pool_limit=2131.03 MWh/period from external)
    ✓ Updated hydrogen_battery: pool_limit 10.64 → 10.66 (+0.01 MW, per_pool_limit=5.33 MWh/period from external)
    ✓ Updated 0.5c_battery: pool_limit 35034.12 → 35056.34 (+22.22 MW, per_pool_limit=17528.17 MWh/period from external)
    ✓ Updated 1c_battery: pool_limit 1065.51 → 1066.19 (+0.68 MW, per_pool_limit=533.10 MWh/period from external)
    ✓ Updated 0.25c_battery: pool_limit 4262.06 → 4264.76 (+2.70 MW, per_pool_limit=2132.38 MWh/period from external)
    ✓ Updated hydrogen_battery: pool_limit 10.66 → 10.66 (+0.01 MW, per_pool_limit=5.33 MWh/period from external)
    ✓ Updated 0.5c_battery: pool_limit 35056.34 → 35065.55 (+9.20 MW, per_pool_limit=17532.77 MWh/period from external)
    ✓ Updated 1c_battery: pool_limit 1066.19 → 1066.47 (+0.28 MW, per_pool_limit=533.24 MWh/period from external)
    ✓ Updated 0.25c_battery: pool_limit 4264.76 → 4265.88 (+1.12 MW, per_pool_limit=2132.94 MWh/period from external)
    ✓ Updated hydrogen_battery: pool_limit 10.66 → 10.66 (+0.00 MW, per_pool_limit=5.33 MWh/period from external)
    ✓ Updated 0.5c_battery: pool_limit 35065.55 → 35121.48 (+55.94 MW, per_pool_limit=17560.74 MWh/period from external)
    ✓ Updated 1c_battery: pool_limit 1066.47 → 1068.17 (+1.70 MW, per_pool_limit=534.09 MWh/period from external)
    ✓ Updated 0.25c_battery: pool_limit 4265.88 → 4272.69 (+6.81 MW, per_pool_limit=2136.34 MWh/period from external)
    ✓ Updated hydrogen_battery: pool_limit 10.66 → 10.68 (+0.02 MW, per_pool_limit=5.34 MWh/period from external)
    ✓ Updated 0.5c_battery: pool_limit 35121.48 → 35411.92 (+290.44 MW, per_pool_limit=17705.96 MWh/period from external)
    ✓ Updated 1c_battery: pool_limit 1068.17 → 1077.00 (+8.83 MW, per_pool_limit=538.50 MWh/period from external)
    ✓ Updated 0.25c_battery: pool_limit 4272.69 → 4308.02 (+35.33 MW, per_pool_limit=2154.01 MWh/period from external)
    ✓ Updated hydrogen_battery: pool_limit 10.68 → 10.77 (+0.09 MW, per_pool_limit=5.39 MWh/period from external)
    ✓ Updated 0.5c_battery: pool_limit 35411.92 → 35774.97 (+363.05 MW, per_pool_limit=17887.49 MWh/period from external)
    ✓ Updated 1c_battery: pool_limit 1077.00 → 1088.05 (+11.04 MW, per_pool_limit=544.02 MWh/period from external)
    ✓ Updated 0.25c_battery: pool_limit 4308.02 → 4352.19 (+44.17 MW, per_pool_limit=2176.09 MWh/period from external)
    ✓ Updated hydrogen_battery: pool_limit 10.77 → 10.88 (+0.11 MW, per_pool_limit=5.44 MWh/period from external)
    ✓ Updated 0.5c_battery: pool_limit 35774.97 → 35848.59 (+73.62 MW, per_pool_limit=17924.30 MWh/period from external)
    ✓ Updated 1c_battery: pool_limit 1088.05 → 1090.29 (+2.24 MW, per_pool_limit=545.14 MWh/period from external)
    ✓ Updated 0.25c_battery: pool_limit 4352.19 → 4361.14 (+8.96 MW, per_pool_limit=2180.57 MWh/period from external)
    ✓ Updated hydrogen_battery: pool_limit 10.88 → 10.90 (+0.02 MW, per_pool_limit=5.45 MWh/period from external)
    ✓ Updated 0.5c_battery: pool_limit 35848.59 → 35852.17 (+3.57 MW, per_pool_limit=17926.08 MWh/period from external)
    ✓ Updated 1c_battery: pool_limit 1090.29 → 1090.39 (+0.11 MW, per_pool_limit=545.20 MWh/period from external)
    ✓ Updated 0.25c_battery: pool_limit 4361.14 → 4361.58 (+0.43 MW, per_pool_limit=2180.79 MWh/period from external)
    ✓ Updated hydrogen_battery: pool_limit 10.90 → 10.90 (+0.00 MW, per_pool_limit=5.45 MWh/period from external)
    ✓ Updated 0.5c_battery: pool_limit 35852.17 → 35888.90 (+36.74 MW, per_pool_limit=17944.45 MWh/period from external)
    ✓ Updated 1c_battery: pool_limit 1090.39 → 1091.51 (+1.12 MW, per_pool_limit=545.76 MWh/period from external)
    ✓ Updated 0.25c_battery: pool_limit 4361.58 → 4366.05 (+4.47 MW, per_pool_limit=2183.02 MWh/period from external)
    ✓ Updated hydrogen_battery: pool_limit 10.90 → 10.92 (+0.01 MW, per_pool_limit=5.46 MWh/period from external)
    ✓ Updated 0.5c_battery: pool_limit 35888.90 → 35925.34 (+36.44 MW, per_pool_limit=17962.67 MWh/period from external)
    ✓ Updated 1c_battery: pool_limit 1091.51 → 1092.62 (+1.11 MW, per_pool_limit=546.31 MWh/period from external)
    ✓ Updated 0.25c_battery: pool_limit 4366.05 → 4370.48 (+4.43 MW, per_pool_limit=2185.24 MWh/period from external)
    ✓ Updated hydrogen_battery: pool_limit 10.92 → 10.93 (+0.01 MW, per_pool_limit=5.46 MWh/period from external)
    ✓ Updated 0.5c_battery: pool_limit 35925.34 → 35954.79 (+29.45 MW, per_pool_limit=17977.40 MWh/period from external)
    ✓ Updated 1c_battery: pool_limit 1092.62 → 1093.52 (+0.90 MW, per_pool_limit=546.76 MWh/period from external)
    ✓ Updated 0.25c_battery: pool_limit 4370.48 → 4374.06 (+3.58 MW, per_pool_limit=2187.03 MWh/period from external)
    ✓ Updated hydrogen_battery: pool_limit 10.93 → 10.94 (+0.01 MW, per_pool_limit=5.47 MWh/period from external)
    ✓ Updated 0.5c_battery: pool_limit 35954.79 → 35991.53 (+36.74 MW, per_pool_limit=17995.76 MWh/period from external)
    ✓ Updated 1c_battery: pool_limit 1093.52 → 1094.63 (+1.12 MW, per_pool_limit=547.32 MWh/period from external)
    ✓ Updated 0.25c_battery: pool_limit 4374.06 → 4378.53 (+4.47 MW, per_pool_limit=2189.27 MWh/period from external)
    ✓ Updated hydrogen_battery: pool_limit 10.94 → 10.95 (+0.01 MW, per_pool_limit=5.47 MWh/period from external)
    ✓ Updated 0.5c_battery: pool_limit 35991.53 → 36334.55 (+343.03 MW, per_pool_limit=18167.28 MWh/period from external)
    ✓ Updated 1c_battery: pool_limit 1094.63 → 1105.07 (+10.43 MW, per_pool_limit=552.53 MWh/period from external)
    ✓ Updated 0.25c_battery: pool_limit 4378.53 → 4420.26 (+41.73 MW, per_pool_limit=2210.13 MWh/period from external)
    ✓ Updated hydrogen_battery: pool_limit 10.95 → 11.05 (+0.10 MW, per_pool_limit=5.53 MWh/period from external)
    ✓ Updated 0.5c_battery: pool_limit 36334.55 → 36347.25 (+12.70 MW, per_pool_limit=18173.63 MWh/period from external)
    ✓ Updated 1c_battery: pool_limit 1105.07 → 1105.45 (+0.39 MW, per_pool_limit=552.73 MWh/period from external)
    ✓ Updated 0.25c_battery: pool_limit 4420.26 → 4421.81 (+1.54 MW, per_pool_limit=2210.90 MWh/period from external)
    ✓ Updated hydrogen_battery: pool_limit 11.05 → 11.05 (+0.00 MW, per_pool_limit=5.53 MWh/period from external)
    ✓ Updated 0.5c_battery: pool_limit 36347.25 → 36354.62 (+7.36 MW, per_pool_limit=18177.31 MWh/period from external)
    ✓ Updated 1c_battery: pool_limit 1105.45 → 1105.68 (+0.22 MW, per_pool_limit=552.84 MWh/period from external)
    ✓ Updated 0.25c_battery: pool_limit 4421.81 → 4422.70 (+0.90 MW, per_pool_limit=2211.35 MWh/period from external)
    ✓ Updated hydrogen_battery: pool_limit 11.05 → 11.06 (+0.00 MW, per_pool_limit=5.53 MWh/period from external)
    ✓ Updated 0.5c_battery: pool_limit 36354.62 → 36390.70 (+36.08 MW, per_pool_limit=18195.35 MWh/period from external)
    ✓ Updated 1c_battery: pool_limit 1105.68 → 1106.77 (+1.10 MW, per_pool_limit=553.39 MWh/period from external)
    ✓ Updated 0.25c_battery: pool_limit 4422.70 → 4427.09 (+4.39 MW, per_pool_limit=2213.55 MWh/period from external)
    ✓ Updated hydrogen_battery: pool_limit 11.06 → 11.07 (+0.01 MW, per_pool_limit=5.53 MWh/period from external)
    ✓ Updated 0.5c_battery: pool_limit 36390.70 → 36426.43 (+35.73 MW, per_pool_limit=18213.22 MWh/period from external)
    ✓ Updated 1c_battery: pool_limit 1106.77 → 1107.86 (+1.09 MW, per_pool_limit=553.93 MWh/period from external)
    ✓ Updated 0.25c_battery: pool_limit 4427.09 → 4431.44 (+4.35 MW, per_pool_limit=2215.72 MWh/period from external)
    ✓ Updated hydrogen_battery: pool_limit 11.07 → 11.08 (+0.01 MW, per_pool_limit=5.54 MWh/period from external)
    ✓ Updated 0.5c_battery: pool_limit 36426.43 → 36498.97 (+72.54 MW, per_pool_limit=18249.48 MWh/period from external)
    ✓ Updated 1c_battery: pool_limit 1107.86 → 1110.07 (+2.21 MW, per_pool_limit=555.03 MWh/period from external)
    ✓ Updated 0.25c_battery: pool_limit 4431.44 → 4440.26 (+8.82 MW, per_pool_limit=2220.13 MWh/period from external)
    ✓ Updated hydrogen_battery: pool_limit 11.08 → 11.10 (+0.02 MW, per_pool_limit=5.55 MWh/period from external)
    ✓ Updated 0.5c_battery: pool_limit 36498.97 → 36646.33 (+147.36 MW, per_pool_limit=18323.16 MWh/period from external)
    ✓ Updated 1c_battery: pool_limit 1110.07 → 1114.55 (+4.48 MW, per_pool_limit=557.27 MWh/period from external)
    ✓ Updated 0.25c_battery: pool_limit 4440.26 → 4458.19 (+17.93 MW, per_pool_limit=2229.10 MWh/period from external)
    ✓ Updated hydrogen_battery: pool_limit 11.10 → 11.15 (+0.04 MW, per_pool_limit=5.57 MWh/period from external)
    ✓ Updated 0.5c_battery: pool_limit 36646.33 → 36793.57 (+147.24 MW, per_pool_limit=18396.78 MWh/period from external)
    ✓ Updated 1c_battery: pool_limit 1114.55 → 1119.03 (+4.48 MW, per_pool_limit=559.51 MWh/period from external)
    ✓ Updated 0.25c_battery: pool_limit 4458.19 → 4476.10 (+17.91 MW, per_pool_limit=2238.05 MWh/period from external)
    ✓ Updated hydrogen_battery: pool_limit 11.15 → 11.19 (+0.04 MW, per_pool_limit=5.60 MWh/period from external)
    ✓ Updated 0.5c_battery: pool_limit 36793.57 → 37101.49 (+307.92 MW, per_pool_limit=18550.74 MWh/period from external)
    ✓ Updated 1c_battery: pool_limit 1119.03 → 1128.39 (+9.36 MW, per_pool_limit=564.20 MWh/period from external)
    ✓ Updated 0.25c_battery: pool_limit 4476.10 → 4513.56 (+37.46 MW, per_pool_limit=2256.78 MWh/period from external)
    ✓ Updated hydrogen_battery: pool_limit 11.19 → 11.28 (+0.09 MW, per_pool_limit=5.64 MWh/period from external)
    ✓ Updated 0.5c_battery: pool_limit 37101.49 → 37138.48 (+36.99 MW, per_pool_limit=18569.24 MWh/period from external)
    ✓ Updated 1c_battery: pool_limit 1128.39 → 1129.52 (+1.13 MW, per_pool_limit=564.76 MWh/period from external)
    ✓ Updated 0.25c_battery: pool_limit 4513.56 → 4518.06 (+4.50 MW, per_pool_limit=2259.03 MWh/period from external)
    ✓ Updated hydrogen_battery: pool_limit 11.28 → 11.30 (+0.01 MW, per_pool_limit=5.65 MWh/period from external)
    ✓ Updated 0.5c_battery: pool_limit 37138.48 → 37166.96 (+28.48 MW, per_pool_limit=18583.48 MWh/period from external)
    ✓ Updated 1c_battery: pool_limit 1129.52 → 1130.38 (+0.87 MW, per_pool_limit=565.19 MWh/period from external)
    ✓ Updated 0.25c_battery: pool_limit 4518.06 → 4521.53 (+3.46 MW, per_pool_limit=2260.76 MWh/period from external)
    ✓ Updated hydrogen_battery: pool_limit 11.30 → 11.30 (+0.01 MW, per_pool_limit=5.65 MWh/period from external)
    ✓ Updated 0.5c_battery: pool_limit 37166.96 → 37183.90 (+16.93 MW, per_pool_limit=18591.95 MWh/period from external)
    ✓ Updated 1c_battery: pool_limit 1130.38 → 1130.90 (+0.51 MW, per_pool_limit=565.45 MWh/period from external)
    ✓ Updated 0.25c_battery: pool_limit 4521.53 → 4523.59 (+2.06 MW, per_pool_limit=2261.79 MWh/period from external)
    ✓ Updated hydrogen_battery: pool_limit 11.30 → 11.31 (+0.01 MW, per_pool_limit=5.65 MWh/period from external)
    ✓ Updated 0.5c_battery: pool_limit 37183.90 → 37184.57 (+0.68 MW, per_pool_limit=18592.29 MWh/period from external)
    ✓ Updated 1c_battery: pool_limit 1130.90 → 1130.92 (+0.02 MW, per_pool_limit=565.46 MWh/period from external)
    ✓ Updated 0.25c_battery: pool_limit 4523.59 → 4523.67 (+0.08 MW, per_pool_limit=2261.84 MWh/period from external)
    ✓ Updated hydrogen_battery: pool_limit 11.31 → 11.31 (+0.00 MW, per_pool_limit=5.65 MWh/period from external)
    ✓ Updated 0.5c_battery: pool_limit 37184.57 → 37194.10 (+9.52 MW, per_pool_limit=18597.05 MWh/period from external)
    ✓ Updated 1c_battery: pool_limit 1130.92 → 1131.21 (+0.29 MW, per_pool_limit=565.60 MWh/period from external)
    ✓ Updated 0.25c_battery: pool_limit 4523.67 → 4524.83 (+1.16 MW, per_pool_limit=2262.41 MWh/period from external)
    ✓ Updated hydrogen_battery: pool_limit 11.31 → 11.31 (+0.00 MW, per_pool_limit=5.66 MWh/period from external)
    ✓ Updated 0.5c_battery: pool_limit 37194.10 → 37225.84 (+31.75 MW, per_pool_limit=18612.92 MWh/period from external)
    ✓ Updated 1c_battery: pool_limit 1131.21 → 1132.17 (+0.97 MW, per_pool_limit=566.09 MWh/period from external)
    ✓ Updated 0.25c_battery: pool_limit 4524.83 → 4528.69 (+3.86 MW, per_pool_limit=2264.35 MWh/period from external)
    ✓ Updated hydrogen_battery: pool_limit 11.31 → 11.32 (+0.01 MW, per_pool_limit=5.66 MWh/period from external)
    ✓ Updated 0.5c_battery: pool_limit 37225.84 → 37262.58 (+36.74 MW, per_pool_limit=18631.29 MWh/period from external)
    ✓ Updated 1c_battery: pool_limit 1132.17 → 1133.29 (+1.12 MW, per_pool_limit=566.65 MWh/period from external)
    ✓ Updated 0.25c_battery: pool_limit 4528.69 → 4533.16 (+4.47 MW, per_pool_limit=2266.58 MWh/period from external)
    ✓ Updated hydrogen_battery: pool_limit 11.32 → 11.33 (+0.01 MW, per_pool_limit=5.67 MWh/period from external)
    ✓ Updated 0.5c_battery: pool_limit 37262.58 → 37334.90 (+72.31 MW, per_pool_limit=18667.45 MWh/period from external)
    ✓ Updated 1c_battery: pool_limit 1133.29 → 1135.49 (+2.20 MW, per_pool_limit=567.74 MWh/period from external)
    ✓ Updated 0.25c_battery: pool_limit 4533.16 → 4541.96 (+8.80 MW, per_pool_limit=2270.98 MWh/period from external)
    ✓ Updated hydrogen_battery: pool_limit 11.33 → 11.35 (+0.02 MW, per_pool_limit=5.68 MWh/period from external)
    ✓ Updated 0.5c_battery: pool_limit 37334.90 → 37379.34 (+44.45 MW, per_pool_limit=18689.67 MWh/period from external)
    ✓ Updated 1c_battery: pool_limit 1135.49 → 1136.84 (+1.35 MW, per_pool_limit=568.42 MWh/period from external)
    ✓ Updated 0.25c_battery: pool_limit 4541.96 → 4547.37 (+5.41 MW, per_pool_limit=2273.68 MWh/period from external)
    ✓ Updated hydrogen_battery: pool_limit 11.35 → 11.37 (+0.01 MW, per_pool_limit=5.68 MWh/period from external)
    ✓ Updated 0.5c_battery: pool_limit 37379.34 → 37429.96 (+50.62 MW, per_pool_limit=18714.98 MWh/period from external)
    ✓ Updated 1c_battery: pool_limit 1136.84 → 1138.38 (+1.54 MW, per_pool_limit=569.19 MWh/period from external)
    ✓ Updated 0.25c_battery: pool_limit 4547.37 → 4553.52 (+6.16 MW, per_pool_limit=2276.76 MWh/period from external)
    ✓ Updated hydrogen_battery: pool_limit 11.37 → 11.38 (+0.02 MW, per_pool_limit=5.69 MWh/period from external)
    ✓ Updated 0.5c_battery: pool_limit 37429.96 → 37463.78 (+33.82 MW, per_pool_limit=18731.89 MWh/period from external)
    ✓ Updated 1c_battery: pool_limit 1138.38 → 1139.41 (+1.03 MW, per_pool_limit=569.70 MWh/period from external)
    ✓ Updated 0.25c_battery: pool_limit 4553.52 → 4557.64 (+4.11 MW, per_pool_limit=2278.82 MWh/period from external)
    ✓ Updated hydrogen_battery: pool_limit 11.38 → 11.39 (+0.01 MW, per_pool_limit=5.70 MWh/period from external)
    ✓ Updated 0.5c_battery: pool_limit 37463.78 → 37499.87 (+36.08 MW, per_pool_limit=18749.93 MWh/period from external)
    ✓ Updated 1c_battery: pool_limit 1139.41 → 1140.51 (+1.10 MW, per_pool_limit=570.25 MWh/period from external)
    ✓ Updated 0.25c_battery: pool_limit 4557.64 → 4562.03 (+4.39 MW, per_pool_limit=2281.01 MWh/period from external)
    ✓ Updated hydrogen_battery: pool_limit 11.39 → 11.41 (+0.01 MW, per_pool_limit=5.70 MWh/period from external)
    ✓ Updated 0.5c_battery: pool_limit 37499.87 → 37649.04 (+149.17 MW, per_pool_limit=18824.52 MWh/period from external)
    ✓ Updated 1c_battery: pool_limit 1140.51 → 1145.04 (+4.54 MW, per_pool_limit=572.52 MWh/period from external)
    ✓ Updated 0.25c_battery: pool_limit 4562.03 → 4580.17 (+18.15 MW, per_pool_limit=2290.09 MWh/period from external)
    ✓ Updated hydrogen_battery: pool_limit 11.41 → 11.45 (+0.05 MW, per_pool_limit=5.73 MWh/period from external)
    ✓ Updated 0.5c_battery: pool_limit 37649.04 → 37770.53 (+121.49 MW, per_pool_limit=18885.26 MWh/period from external)
    ✓ Updated 1c_battery: pool_limit 1145.04 → 1148.74 (+3.69 MW, per_pool_limit=574.37 MWh/period from external)
    ✓ Updated 0.25c_battery: pool_limit 4580.17 → 4594.95 (+14.78 MW, per_pool_limit=2297.48 MWh/period from external)
    ✓ Updated hydrogen_battery: pool_limit 11.45 → 11.49 (+0.04 MW, per_pool_limit=5.74 MWh/period from external)
    ✓ Updated 0.5c_battery: pool_limit 37770.53 → 37841.73 (+71.20 MW, per_pool_limit=18920.86 MWh/period from external)
    ✓ Updated 1c_battery: pool_limit 1148.74 → 1150.90 (+2.17 MW, per_pool_limit=575.45 MWh/period from external)
    ✓ Updated 0.25c_battery: pool_limit 4594.95 → 4603.62 (+8.66 MW, per_pool_limit=2301.81 MWh/period from external)
    ✓ Updated hydrogen_battery: pool_limit 11.49 → 11.51 (+0.02 MW, per_pool_limit=5.75 MWh/period from external)
    ✓ Updated 0.5c_battery: pool_limit 37841.73 → 37909.14 (+67.41 MW, per_pool_limit=18954.57 MWh/period from external)
    ✓ Updated 1c_battery: pool_limit 1150.90 → 1152.95 (+2.05 MW, per_pool_limit=576.48 MWh/period from external)
    ✓ Updated 0.25c_battery: pool_limit 4603.62 → 4611.82 (+8.20 MW, per_pool_limit=2305.91 MWh/period from external)
    ✓ Updated hydrogen_battery: pool_limit 11.51 → 11.53 (+0.02 MW, per_pool_limit=5.76 MWh/period from external)
    ✓ Updated 0.5c_battery: pool_limit 37909.14 → 38051.54 (+142.40 MW, per_pool_limit=19025.77 MWh/period from external)
    ✓ Updated 1c_battery: pool_limit 1152.95 → 1157.29 (+4.33 MW, per_pool_limit=578.64 MWh/period from external)
    ✓ Updated 0.25c_battery: pool_limit 4611.82 → 4629.14 (+17.32 MW, per_pool_limit=2314.57 MWh/period from external)
    ✓ Updated hydrogen_battery: pool_limit 11.53 → 11.57 (+0.04 MW, per_pool_limit=5.79 MWh/period from external)
    ✓ Updated 0.5c_battery: pool_limit 38051.54 → 38060.48 (+8.93 MW, per_pool_limit=19030.24 MWh/period from external)
    ✓ Updated 1c_battery: pool_limit 1157.29 → 1157.56 (+0.27 MW, per_pool_limit=578.78 MWh/period from external)
    ✓ Updated 0.25c_battery: pool_limit 4629.14 → 4630.23 (+1.09 MW, per_pool_limit=2315.11 MWh/period from external)
    ✓ Updated hydrogen_battery: pool_limit 11.57 → 11.58 (+0.00 MW, per_pool_limit=5.79 MWh/period from external)
    ✓ Updated 0.5c_battery: pool_limit 38060.48 → 38088.47 (+28.00 MW, per_pool_limit=19044.24 MWh/period from external)
    ✓ Updated 1c_battery: pool_limit 1157.56 → 1158.41 (+0.85 MW, per_pool_limit=579.20 MWh/period from external)
    ✓ Updated 0.25c_battery: pool_limit 4630.23 → 4633.63 (+3.41 MW, per_pool_limit=2316.82 MWh/period from external)
    ✓ Updated hydrogen_battery: pool_limit 11.58 → 11.58 (+0.01 MW, per_pool_limit=5.79 MWh/period from external)
    ✓ Updated 0.5c_battery: pool_limit 38088.47 → 38156.12 (+67.65 MW, per_pool_limit=19078.06 MWh/period from external)
    ✓ Updated 1c_battery: pool_limit 1158.41 → 1160.47 (+2.06 MW, per_pool_limit=580.23 MWh/period from external)
    ✓ Updated 0.25c_battery: pool_limit 4633.63 → 4641.86 (+8.23 MW, per_pool_limit=2320.93 MWh/period from external)
    ✓ Updated hydrogen_battery: pool_limit 11.58 → 11.60 (+0.02 MW, per_pool_limit=5.80 MWh/period from external)
    ✓ Updated 0.5c_battery: pool_limit 38156.12 → 38298.53 (+142.40 MW, per_pool_limit=19149.26 MWh/period from external)
    ✓ Updated 1c_battery: pool_limit 1160.47 → 1164.80 (+4.33 MW, per_pool_limit=582.40 MWh/period from external)
    ✓ Updated 0.25c_battery: pool_limit 4641.86 → 4659.19 (+17.32 MW, per_pool_limit=2329.59 MWh/period from external)
    ✓ Updated hydrogen_battery: pool_limit 11.60 → 11.65 (+0.04 MW, per_pool_limit=5.82 MWh/period from external)
    ✓ Updated 0.5c_battery: pool_limit 38298.53 → 38425.52 (+126.99 MW, per_pool_limit=19212.76 MWh/period from external)
    ✓ Updated 1c_battery: pool_limit 1164.80 → 1168.66 (+3.86 MW, per_pool_limit=584.33 MWh/period from external)
    ✓ Updated 0.25c_battery: pool_limit 4659.19 → 4674.64 (+15.45 MW, per_pool_limit=2337.32 MWh/period from external)
    ✓ Updated hydrogen_battery: pool_limit 11.65 → 11.69 (+0.04 MW, per_pool_limit=5.84 MWh/period from external)
    ✓ Updated 0.5c_battery: pool_limit 38425.52 → 38466.62 (+41.11 MW, per_pool_limit=19233.31 MWh/period from external)
    ✓ Updated 1c_battery: pool_limit 1168.66 → 1169.91 (+1.25 MW, per_pool_limit=584.95 MWh/period from external)
    ✓ Updated 0.25c_battery: pool_limit 4674.64 → 4679.64 (+5.00 MW, per_pool_limit=2339.82 MWh/period from external)
    ✓ Updated hydrogen_battery: pool_limit 11.69 → 11.70 (+0.01 MW, per_pool_limit=5.85 MWh/period from external)
    ✓ Updated 0.5c_battery: pool_limit 38466.62 → 38657.11 (+190.49 MW, per_pool_limit=19328.56 MWh/period from external)
    ✓ Updated 1c_battery: pool_limit 1169.91 → 1175.70 (+5.79 MW, per_pool_limit=587.85 MWh/period from external)
    ✓ Updated 0.25c_battery: pool_limit 4679.64 → 4702.81 (+23.17 MW, per_pool_limit=2351.41 MWh/period from external)
    ✓ Updated hydrogen_battery: pool_limit 11.70 → 11.76 (+0.06 MW, per_pool_limit=5.88 MWh/period from external)
    ✓ Updated 0.5c_battery: pool_limit 38657.11 → 39025.21 (+368.10 MW, per_pool_limit=19512.61 MWh/period from external)
    ✓ Updated 1c_battery: pool_limit 1175.70 → 1186.90 (+11.20 MW, per_pool_limit=593.45 MWh/period from external)
    ✓ Updated 0.25c_battery: pool_limit 4702.81 → 4747.59 (+44.78 MW, per_pool_limit=2373.80 MWh/period from external)
    ✓ Updated hydrogen_battery: pool_limit 11.76 → 11.87 (+0.11 MW, per_pool_limit=5.93 MWh/period from external)
    ✓ Updated 0.5c_battery: pool_limit 39025.21 → 39100.30 (+75.09 MW, per_pool_limit=19550.15 MWh/period from external)
    ✓ Updated 1c_battery: pool_limit 1186.90 → 1189.18 (+2.28 MW, per_pool_limit=594.59 MWh/period from external)
    ✓ Updated 0.25c_battery: pool_limit 4747.59 → 4756.73 (+9.14 MW, per_pool_limit=2378.36 MWh/period from external)
    ✓ Updated hydrogen_battery: pool_limit 11.87 → 11.89 (+0.02 MW, per_pool_limit=5.95 MWh/period from external)
    ✓ Updated 0.5c_battery: pool_limit 39100.30 → 39172.19 (+71.88 MW, per_pool_limit=19586.09 MWh/period from external)
    ✓ Updated 1c_battery: pool_limit 1189.18 → 1191.37 (+2.19 MW, per_pool_limit=595.68 MWh/period from external)
    ✓ Updated 0.25c_battery: pool_limit 4756.73 → 4765.47 (+8.74 MW, per_pool_limit=2382.74 MWh/period from external)
    ✓ Updated hydrogen_battery: pool_limit 11.89 → 11.91 (+0.02 MW, per_pool_limit=5.96 MWh/period from external)
    ✓ Updated 0.5c_battery: pool_limit 39172.19 → 39208.49 (+36.30 MW, per_pool_limit=19604.25 MWh/period from external)
    ✓ Updated 1c_battery: pool_limit 1191.37 → 1192.47 (+1.10 MW, per_pool_limit=596.24 MWh/period from external)
    ✓ Updated 0.25c_battery: pool_limit 4765.47 → 4769.89 (+4.42 MW, per_pool_limit=2384.94 MWh/period from external)
    ✓ Updated hydrogen_battery: pool_limit 11.91 → 11.92 (+0.01 MW, per_pool_limit=5.96 MWh/period from external)
    ✓ Updated 0.5c_battery: pool_limit 39208.49 → 39233.89 (+25.40 MW, per_pool_limit=19616.95 MWh/period from external)
    ✓ Updated 1c_battery: pool_limit 1192.47 → 1193.24 (+0.77 MW, per_pool_limit=596.62 MWh/period from external)
    ✓ Updated 0.25c_battery: pool_limit 4769.89 → 4772.98 (+3.09 MW, per_pool_limit=2386.49 MWh/period from external)
    ✓ Updated hydrogen_battery: pool_limit 11.92 → 11.93 (+0.01 MW, per_pool_limit=5.97 MWh/period from external)
    ✓ Updated 0.5c_battery: pool_limit 39233.89 → 39502.40 (+268.51 MW, per_pool_limit=19751.20 MWh/period from external)
    ✓ Updated 1c_battery: pool_limit 1193.24 → 1201.41 (+8.17 MW, per_pool_limit=600.71 MWh/period from external)
    ✓ Updated 0.25c_battery: pool_limit 4772.98 → 4805.64 (+32.67 MW, per_pool_limit=2402.82 MWh/period from external)
    ✓ Updated hydrogen_battery: pool_limit 11.93 → 12.01 (+0.08 MW, per_pool_limit=6.01 MWh/period from external)
    ✓ Updated 0.5c_battery: pool_limit 39502.40 → 39656.36 (+153.96 MW, per_pool_limit=19828.18 MWh/period from external)
    ✓ Updated 1c_battery: pool_limit 1201.41 → 1206.09 (+4.68 MW, per_pool_limit=603.05 MWh/period from external)
    ✓ Updated 0.25c_battery: pool_limit 4805.64 → 4824.37 (+18.73 MW, per_pool_limit=2412.19 MWh/period from external)
    ✓ Updated hydrogen_battery: pool_limit 12.01 → 12.06 (+0.05 MW, per_pool_limit=6.03 MWh/period from external)
    ✓ Updated 0.5c_battery: pool_limit 39656.36 → 39697.46 (+41.11 MW, per_pool_limit=19848.73 MWh/period from external)
    ✓ Updated 1c_battery: pool_limit 1206.09 → 1207.34 (+1.25 MW, per_pool_limit=603.67 MWh/period from external)
    ✓ Updated 0.25c_battery: pool_limit 4824.37 → 4829.38 (+5.00 MW, per_pool_limit=2414.69 MWh/period from external)
    ✓ Updated hydrogen_battery: pool_limit 12.06 → 12.07 (+0.01 MW, per_pool_limit=6.04 MWh/period from external)
    ✓ Updated 0.5c_battery: pool_limit 39697.46 → 39710.99 (+13.53 MW, per_pool_limit=19855.50 MWh/period from external)
    ✓ Updated 1c_battery: pool_limit 1207.34 → 1207.76 (+0.41 MW, per_pool_limit=603.88 MWh/period from external)
    ✓ Updated 0.25c_battery: pool_limit 4829.38 → 4831.02 (+1.65 MW, per_pool_limit=2415.51 MWh/period from external)
    ✓ Updated hydrogen_battery: pool_limit 12.07 → 12.08 (+0.00 MW, per_pool_limit=6.04 MWh/period from external)
    ✓ Updated 0.5c_battery: pool_limit 39710.99 → 39747.73 (+36.74 MW, per_pool_limit=19873.87 MWh/period from external)
    ✓ Updated 1c_battery: pool_limit 1207.76 → 1208.87 (+1.12 MW, per_pool_limit=604.44 MWh/period from external)
    ✓ Updated 0.25c_battery: pool_limit 4831.02 → 4835.49 (+4.47 MW, per_pool_limit=2417.75 MWh/period from external)
    ✓ Updated hydrogen_battery: pool_limit 12.08 → 12.09 (+0.01 MW, per_pool_limit=6.04 MWh/period from external)
    ✓ Updated 0.5c_battery: pool_limit 39747.73 → 39778.52 (+30.79 MW, per_pool_limit=19889.26 MWh/period from external)
    ✓ Updated 1c_battery: pool_limit 1208.87 → 1209.81 (+0.94 MW, per_pool_limit=604.90 MWh/period from external)
    ✓ Updated 0.25c_battery: pool_limit 4835.49 → 4839.24 (+3.75 MW, per_pool_limit=2419.62 MWh/period from external)
    ✓ Updated hydrogen_battery: pool_limit 12.09 → 12.10 (+0.01 MW, per_pool_limit=6.05 MWh/period from external)
    ✓ Updated 0.5c_battery: pool_limit 39778.52 → 40031.50 (+252.98 MW, per_pool_limit=20015.75 MWh/period from external)
    ✓ Updated 1c_battery: pool_limit 1209.81 → 1217.50 (+7.69 MW, per_pool_limit=608.75 MWh/period from external)
    ✓ Updated 0.25c_battery: pool_limit 4839.24 → 4870.01 (+30.78 MW, per_pool_limit=2435.01 MWh/period from external)
    ✓ Updated hydrogen_battery: pool_limit 12.10 → 12.18 (+0.08 MW, per_pool_limit=6.09 MWh/period from external)
    ✓ Updated 0.5c_battery: pool_limit 40031.50 → 40095.00 (+63.50 MW, per_pool_limit=20047.50 MWh/period from external)
    ✓ Updated 1c_battery: pool_limit 1217.50 → 1219.43 (+1.93 MW, per_pool_limit=609.72 MWh/period from external)
    ✓ Updated 0.25c_battery: pool_limit 4870.01 → 4877.74 (+7.72 MW, per_pool_limit=2438.87 MWh/period from external)
    ✓ Updated hydrogen_battery: pool_limit 12.18 → 12.19 (+0.02 MW, per_pool_limit=6.10 MWh/period from external)
    ✓ Updated 0.5c_battery: pool_limit 40095.00 → 40145.62 (+50.62 MW, per_pool_limit=20072.81 MWh/period from external)
    ✓ Updated 1c_battery: pool_limit 1219.43 → 1220.97 (+1.54 MW, per_pool_limit=610.49 MWh/period from external)
    ✓ Updated 0.25c_battery: pool_limit 4877.74 → 4883.90 (+6.16 MW, per_pool_limit=2441.95 MWh/period from external)
    ✓ Updated hydrogen_battery: pool_limit 12.19 → 12.21 (+0.02 MW, per_pool_limit=6.10 MWh/period from external)
    ✓ Updated 0.5c_battery: pool_limit 40145.62 → 40148.42 (+2.80 MW, per_pool_limit=20074.21 MWh/period from external)
    ✓ Updated 1c_battery: pool_limit 1220.97 → 1221.06 (+0.09 MW, per_pool_limit=610.53 MWh/period from external)
    ✓ Updated 0.25c_battery: pool_limit 4883.90 → 4884.24 (+0.34 MW, per_pool_limit=2442.12 MWh/period from external)
    ✓ Updated hydrogen_battery: pool_limit 12.21 → 12.21 (+0.00 MW, per_pool_limit=6.11 MWh/period from external)
    ✓ Updated 0.5c_battery: pool_limit 40148.42 → 40220.60 (+72.18 MW, per_pool_limit=20110.30 MWh/period from external)
    ✓ Updated 1c_battery: pool_limit 1221.06 → 1223.25 (+2.20 MW, per_pool_limit=611.63 MWh/period from external)
    ✓ Updated 0.25c_battery: pool_limit 4884.24 → 4893.02 (+8.78 MW, per_pool_limit=2446.51 MWh/period from external)
    ✓ Updated hydrogen_battery: pool_limit 12.21 → 12.23 (+0.02 MW, per_pool_limit=6.12 MWh/period from external)
    ✓ Updated 0.5c_battery: pool_limit 40220.60 → 40372.99 (+152.39 MW, per_pool_limit=20186.49 MWh/period from external)
    ✓ Updated 1c_battery: pool_limit 1223.25 → 1227.89 (+4.63 MW, per_pool_limit=613.94 MWh/period from external)
    ✓ Updated 0.25c_battery: pool_limit 4893.02 → 4911.56 (+18.54 MW, per_pool_limit=2455.78 MWh/period from external)
    ✓ Updated hydrogen_battery: pool_limit 12.23 → 12.28 (+0.05 MW, per_pool_limit=6.14 MWh/period from external)
    ✓ Updated 0.5c_battery: pool_limit 40372.99 → 40515.92 (+142.93 MW, per_pool_limit=20257.96 MWh/period from external)
    ✓ Updated 1c_battery: pool_limit 1227.89 → 1232.24 (+4.35 MW, per_pool_limit=616.12 MWh/period from external)
    ✓ Updated 0.25c_battery: pool_limit 4911.56 → 4928.94 (+17.39 MW, per_pool_limit=2464.47 MWh/period from external)
    ✓ Updated hydrogen_battery: pool_limit 12.28 → 12.32 (+0.04 MW, per_pool_limit=6.16 MWh/period from external)
    ✓ Updated 0.5c_battery: pool_limit 40515.92 → 40706.40 (+190.49 MW, per_pool_limit=20353.20 MWh/period from external)
    ✓ Updated 1c_battery: pool_limit 1232.24 → 1238.03 (+5.79 MW, per_pool_limit=619.01 MWh/period from external)
    ✓ Updated 0.25c_battery: pool_limit 4928.94 → 4952.12 (+23.17 MW, per_pool_limit=2476.06 MWh/period from external)
    ✓ Updated hydrogen_battery: pool_limit 12.32 → 12.38 (+0.06 MW, per_pool_limit=6.19 MWh/period from external)
    ✓ Updated 0.5c_battery: pool_limit 40706.40 → 40877.29 (+170.88 MW, per_pool_limit=20438.64 MWh/period from external)
    ✓ Updated 1c_battery: pool_limit 1238.03 → 1243.23 (+5.20 MW, per_pool_limit=621.61 MWh/period from external)
    ✓ Updated 0.25c_battery: pool_limit 4952.12 → 4972.91 (+20.79 MW, per_pool_limit=2486.45 MWh/period from external)
    ✓ Updated hydrogen_battery: pool_limit 12.38 → 12.43 (+0.05 MW, per_pool_limit=6.22 MWh/period from external)
    ✓ Updated 0.5c_battery: pool_limit 40877.29 → 40920.68 (+43.39 MW, per_pool_limit=20460.34 MWh/period from external)
    ✓ Updated 1c_battery: pool_limit 1243.23 → 1244.55 (+1.32 MW, per_pool_limit=622.27 MWh/period from external)
    ✓ Updated 0.25c_battery: pool_limit 4972.91 → 4978.18 (+5.28 MW, per_pool_limit=2489.09 MWh/period from external)
    ✓ Updated hydrogen_battery: pool_limit 12.43 → 12.45 (+0.01 MW, per_pool_limit=6.22 MWh/period from external)
    ✓ Updated 0.5c_battery: pool_limit 40920.68 → 41035.77 (+115.09 MW, per_pool_limit=20517.89 MWh/period from external)
    ✓ Updated 1c_battery: pool_limit 1244.55 → 1248.05 (+3.50 MW, per_pool_limit=624.02 MWh/period from external)
    ✓ Updated 0.25c_battery: pool_limit 4978.18 → 4992.19 (+14.00 MW, per_pool_limit=2496.09 MWh/period from external)
    ✓ Updated hydrogen_battery: pool_limit 12.45 → 12.48 (+0.04 MW, per_pool_limit=6.24 MWh/period from external)
    ✓ Updated 0.5c_battery: pool_limit 41035.77 → 41321.63 (+285.86 MW, per_pool_limit=20660.81 MWh/period from external)
    ✓ Updated 1c_battery: pool_limit 1248.05 → 1256.74 (+8.69 MW, per_pool_limit=628.37 MWh/period from external)
    ✓ Updated 0.25c_battery: pool_limit 4992.19 → 5026.96 (+34.78 MW, per_pool_limit=2513.48 MWh/period from external)
    ✓ Updated hydrogen_battery: pool_limit 12.48 → 12.57 (+0.09 MW, per_pool_limit=6.28 MWh/period from external)
    ✓ Updated 0.5c_battery: pool_limit 41321.63 → 41357.78 (+36.16 MW, per_pool_limit=20678.89 MWh/period from external)
    ✓ Updated 1c_battery: pool_limit 1256.74 → 1257.84 (+1.10 MW, per_pool_limit=628.92 MWh/period from external)
    ✓ Updated 0.25c_battery: pool_limit 5026.96 → 5031.36 (+4.40 MW, per_pool_limit=2515.68 MWh/period from external)
    ✓ Updated hydrogen_battery: pool_limit 12.57 → 12.58 (+0.01 MW, per_pool_limit=6.29 MWh/period from external)
    ✓ Updated 0.5c_battery: pool_limit 41357.78 → 41421.18 (+63.40 MW, per_pool_limit=20710.59 MWh/period from external)
    ✓ Updated 1c_battery: pool_limit 1257.84 → 1259.77 (+1.93 MW, per_pool_limit=629.88 MWh/period from external)
    ✓ Updated 0.25c_battery: pool_limit 5031.36 → 5039.07 (+7.71 MW, per_pool_limit=2519.54 MWh/period from external)
    ✓ Updated hydrogen_battery: pool_limit 12.58 → 12.60 (+0.02 MW, per_pool_limit=6.30 MWh/period from external)
    ✓ Updated 0.5c_battery: pool_limit 41421.18 → 42147.28 (+726.10 MW, per_pool_limit=21073.64 MWh/period from external)
    ✓ Updated 1c_battery: pool_limit 1259.77 → 1281.85 (+22.08 MW, per_pool_limit=640.93 MWh/period from external)
    ✓ Updated 0.25c_battery: pool_limit 5039.07 → 5127.41 (+88.33 MW, per_pool_limit=2563.70 MWh/period from external)
    ✓ Updated hydrogen_battery: pool_limit 12.60 → 12.82 (+0.22 MW, per_pool_limit=6.41 MWh/period from external)
    ✓ Updated 0.5c_battery: pool_limit 42147.28 → 42292.50 (+145.22 MW, per_pool_limit=21146.25 MWh/period from external)
    ✓ Updated 1c_battery: pool_limit 1281.85 → 1286.27 (+4.42 MW, per_pool_limit=643.13 MWh/period from external)
    ✓ Updated 0.25c_battery: pool_limit 5127.41 → 5145.07 (+17.67 MW, per_pool_limit=2572.54 MWh/period from external)
    ✓ Updated hydrogen_battery: pool_limit 12.82 → 12.86 (+0.04 MW, per_pool_limit=6.43 MWh/period from external)
    ✓ Updated 0.5c_battery: pool_limit 42292.50 → 42329.24 (+36.74 MW, per_pool_limit=21164.62 MWh/period from external)
    ✓ Updated 1c_battery: pool_limit 1286.27 → 1287.39 (+1.12 MW, per_pool_limit=643.69 MWh/period from external)
    ✓ Updated 0.25c_battery: pool_limit 5145.07 → 5149.54 (+4.47 MW, per_pool_limit=2574.77 MWh/period from external)
    ✓ Updated hydrogen_battery: pool_limit 12.86 → 12.87 (+0.01 MW, per_pool_limit=6.44 MWh/period from external)
    ✓ Updated 0.5c_battery: pool_limit 42329.24 → 42473.69 (+144.45 MW, per_pool_limit=21236.84 MWh/period from external)
    ✓ Updated 1c_battery: pool_limit 1287.39 → 1291.78 (+4.39 MW, per_pool_limit=645.89 MWh/period from external)
    ✓ Updated 0.25c_battery: pool_limit 5149.54 → 5167.12 (+17.57 MW, per_pool_limit=2583.56 MWh/period from external)
    ✓ Updated hydrogen_battery: pool_limit 12.87 → 12.92 (+0.04 MW, per_pool_limit=6.46 MWh/period from external)
    ✓ Updated 0.5c_battery: pool_limit 42473.69 → 42690.63 (+216.94 MW, per_pool_limit=21345.32 MWh/period from external)
    ✓ Updated 1c_battery: pool_limit 1291.78 → 1298.38 (+6.60 MW, per_pool_limit=649.19 MWh/period from external)
    ✓ Updated 0.25c_battery: pool_limit 5167.12 → 5193.51 (+26.39 MW, per_pool_limit=2596.75 MWh/period from external)
    ✓ Updated hydrogen_battery: pool_limit 12.92 → 12.98 (+0.07 MW, per_pool_limit=6.49 MWh/period from external)
    ✓ Updated 0.5c_battery: pool_limit 42690.63 → 42729.19 (+38.56 MW, per_pool_limit=21364.60 MWh/period from external)
    ✓ Updated 1c_battery: pool_limit 1298.38 → 1299.55 (+1.17 MW, per_pool_limit=649.77 MWh/period from external)
    ✓ Updated 0.25c_battery: pool_limit 5193.51 → 5198.20 (+4.69 MW, per_pool_limit=2599.10 MWh/period from external)
    ✓ Updated hydrogen_battery: pool_limit 12.98 → 13.00 (+0.01 MW, per_pool_limit=6.50 MWh/period from external)
    ✓ Updated 0.5c_battery: pool_limit 42729.19 → 42745.63 (+16.44 MW, per_pool_limit=21372.82 MWh/period from external)
    ✓ Updated 1c_battery: pool_limit 1299.55 → 1300.05 (+0.50 MW, per_pool_limit=650.02 MWh/period from external)
    ✓ Updated 0.25c_battery: pool_limit 5198.20 → 5200.20 (+2.00 MW, per_pool_limit=2600.10 MWh/period from external)
    ✓ Updated hydrogen_battery: pool_limit 13.00 → 13.00 (+0.01 MW, per_pool_limit=6.50 MWh/period from external)
    ✓ Updated 0.5c_battery: pool_limit 42745.63 → 42817.88 (+72.24 MW, per_pool_limit=21408.94 MWh/period from external)
    ✓ Updated 1c_battery: pool_limit 1300.05 → 1302.25 (+2.20 MW, per_pool_limit=651.12 MWh/period from external)
    ✓ Updated 0.25c_battery: pool_limit 5200.20 → 5208.99 (+8.79 MW, per_pool_limit=2604.49 MWh/period from external)
    ✓ Updated hydrogen_battery: pool_limit 13.00 → 13.02 (+0.02 MW, per_pool_limit=6.51 MWh/period from external)
    ✓ Updated 0.5c_battery: pool_limit 42817.88 → 42894.86 (+76.98 MW, per_pool_limit=21447.43 MWh/period from external)
    ✓ Updated 1c_battery: pool_limit 1302.25 → 1304.59 (+2.34 MW, per_pool_limit=652.29 MWh/period from external)
    ✓ Updated 0.25c_battery: pool_limit 5208.99 → 5218.35 (+9.36 MW, per_pool_limit=2609.18 MWh/period from external)
    ✓ Updated hydrogen_battery: pool_limit 13.02 → 13.05 (+0.02 MW, per_pool_limit=6.52 MWh/period from external)
    ✓ Updated 0.5c_battery: pool_limit 42894.86 → 43606.88 (+712.02 MW, per_pool_limit=21803.44 MWh/period from external)
    ✓ Updated 1c_battery: pool_limit 1304.59 → 1326.24 (+21.66 MW, per_pool_limit=663.12 MWh/period from external)
    ✓ Updated 0.25c_battery: pool_limit 5218.35 → 5304.97 (+86.62 MW, per_pool_limit=2652.49 MWh/period from external)
    ✓ Updated hydrogen_battery: pool_limit 13.05 → 13.26 (+0.22 MW, per_pool_limit=6.63 MWh/period from external)
    ✓ Updated 0.5c_battery: pool_limit 43606.88 → 43650.27 (+43.39 MW, per_pool_limit=21825.13 MWh/period from external)
    ✓ Updated 1c_battery: pool_limit 1326.24 → 1327.56 (+1.32 MW, per_pool_limit=663.78 MWh/period from external)
    ✓ Updated 0.25c_battery: pool_limit 5304.97 → 5310.25 (+5.28 MW, per_pool_limit=2655.13 MWh/period from external)
    ✓ Updated hydrogen_battery: pool_limit 13.26 → 13.28 (+0.01 MW, per_pool_limit=6.64 MWh/period from external)
    ✓ Updated 0.5c_battery: pool_limit 43650.27 → 44031.24 (+380.97 MW, per_pool_limit=22015.62 MWh/period from external)
    ✓ Updated 1c_battery: pool_limit 1327.56 → 1339.15 (+11.59 MW, per_pool_limit=669.57 MWh/period from external)
    ✓ Updated 0.25c_battery: pool_limit 5310.25 → 5356.60 (+46.35 MW, per_pool_limit=2678.30 MWh/period from external)
    ✓ Updated hydrogen_battery: pool_limit 13.28 → 13.39 (+0.12 MW, per_pool_limit=6.70 MWh/period from external)
    ✓ Updated 0.5c_battery: pool_limit 44031.24 → 44049.75 (+18.51 MW, per_pool_limit=22024.88 MWh/period from external)
    ✓ Updated 1c_battery: pool_limit 1339.15 → 1339.71 (+0.56 MW, per_pool_limit=669.86 MWh/period from external)
    ✓ Updated 0.25c_battery: pool_limit 5356.60 → 5358.85 (+2.25 MW, per_pool_limit=2679.43 MWh/period from external)
    ✓ Updated hydrogen_battery: pool_limit 13.39 → 13.40 (+0.01 MW, per_pool_limit=6.70 MWh/period from external)
    ✓ Updated 0.5c_battery: pool_limit 44049.75 → 44086.49 (+36.74 MW, per_pool_limit=22043.24 MWh/period from external)
    ✓ Updated 1c_battery: pool_limit 1339.71 → 1340.83 (+1.12 MW, per_pool_limit=670.41 MWh/period from external)
    ✓ Updated 0.25c_battery: pool_limit 5358.85 → 5363.32 (+4.47 MW, per_pool_limit=2681.66 MWh/period from external)
    ✓ Updated hydrogen_battery: pool_limit 13.40 → 13.41 (+0.01 MW, per_pool_limit=6.70 MWh/period from external)
    ✓ Updated 0.5c_battery: pool_limit 44086.49 → 44265.49 (+179.01 MW, per_pool_limit=22132.75 MWh/period from external)
    ✓ Updated 1c_battery: pool_limit 1340.83 → 1346.27 (+5.44 MW, per_pool_limit=673.14 MWh/period from external)
    ✓ Updated 0.25c_battery: pool_limit 5363.32 → 5385.10 (+21.78 MW, per_pool_limit=2692.55 MWh/period from external)
    ✓ Updated hydrogen_battery: pool_limit 13.41 → 13.46 (+0.05 MW, per_pool_limit=6.73 MWh/period from external)
    ✓ Updated 0.5c_battery: pool_limit 44265.49 → 44412.85 (+147.36 MW, per_pool_limit=22206.43 MWh/period from external)
    ✓ Updated 1c_battery: pool_limit 1346.27 → 1350.76 (+4.48 MW, per_pool_limit=675.38 MWh/period from external)
    ✓ Updated 0.25c_battery: pool_limit 5385.10 → 5403.02 (+17.93 MW, per_pool_limit=2701.51 MWh/period from external)
    ✓ Updated hydrogen_battery: pool_limit 13.46 → 13.51 (+0.04 MW, per_pool_limit=6.75 MWh/period from external)
    ✓ Updated 0.5c_battery: pool_limit 44412.85 → 44464.43 (+51.58 MW, per_pool_limit=22232.21 MWh/period from external)
    ✓ Updated 1c_battery: pool_limit 1350.76 → 1352.32 (+1.57 MW, per_pool_limit=676.16 MWh/period from external)
    ✓ Updated 0.25c_battery: pool_limit 5403.02 → 5409.30 (+6.27 MW, per_pool_limit=2704.65 MWh/period from external)
    ✓ Updated hydrogen_battery: pool_limit 13.51 → 13.52 (+0.02 MW, per_pool_limit=6.76 MWh/period from external)
    ✓ Updated 0.5c_battery: pool_limit 44464.43 → 44501.16 (+36.74 MW, per_pool_limit=22250.58 MWh/period from external)
    ✓ Updated 1c_battery: pool_limit 1352.32 → 1353.44 (+1.12 MW, per_pool_limit=676.72 MWh/period from external)
    ✓ Updated 0.25c_battery: pool_limit 5409.30 → 5413.77 (+4.47 MW, per_pool_limit=2706.88 MWh/period from external)
    ✓ Updated hydrogen_battery: pool_limit 13.52 → 13.53 (+0.01 MW, per_pool_limit=6.77 MWh/period from external)
    ✓ Updated 0.5c_battery: pool_limit 44501.16 → 44567.20 (+66.04 MW, per_pool_limit=22283.60 MWh/period from external)
    ✓ Updated 1c_battery: pool_limit 1353.44 → 1355.45 (+2.01 MW, per_pool_limit=677.73 MWh/period from external)
    ✓ Updated 0.25c_battery: pool_limit 5413.77 → 5421.80 (+8.03 MW, per_pool_limit=2710.90 MWh/period from external)
    ✓ Updated hydrogen_battery: pool_limit 13.53 → 13.55 (+0.02 MW, per_pool_limit=6.78 MWh/period from external)
    ✓ Updated 0.5c_battery: pool_limit 44567.20 → 44603.27 (+36.07 MW, per_pool_limit=22301.64 MWh/period from external)
    ✓ Updated 1c_battery: pool_limit 1355.45 → 1356.55 (+1.10 MW, per_pool_limit=678.27 MWh/period from external)
    ✓ Updated 0.25c_battery: pool_limit 5421.80 → 5426.19 (+4.39 MW, per_pool_limit=2713.09 MWh/period from external)
    ✓ Updated hydrogen_battery: pool_limit 13.55 → 13.57 (+0.01 MW, per_pool_limit=6.78 MWh/period from external)
    ✓ Updated 0.5c_battery: pool_limit 44603.27 → 44640.08 (+36.81 MW, per_pool_limit=22320.04 MWh/period from external)
    ✓ Updated 1c_battery: pool_limit 1356.55 → 1357.67 (+1.12 MW, per_pool_limit=678.83 MWh/period from external)
    ✓ Updated 0.25c_battery: pool_limit 5426.19 → 5430.67 (+4.48 MW, per_pool_limit=2715.33 MWh/period from external)
    ✓ Updated hydrogen_battery: pool_limit 13.57 → 13.58 (+0.01 MW, per_pool_limit=6.79 MWh/period from external)
    ✓ Updated 0.5c_battery: pool_limit 44640.08 → 44655.94 (+15.86 MW, per_pool_limit=22327.97 MWh/period from external)
    ✓ Updated 1c_battery: pool_limit 1357.67 → 1358.15 (+0.48 MW, per_pool_limit=679.07 MWh/period from external)
    ✓ Updated 0.25c_battery: pool_limit 5430.67 → 5432.60 (+1.93 MW, per_pool_limit=2716.30 MWh/period from external)
    ✓ Updated hydrogen_battery: pool_limit 13.58 → 13.58 (+0.00 MW, per_pool_limit=6.79 MWh/period from external)
    ✓ Updated 0.5c_battery: pool_limit 44655.94 → 44663.09 (+7.15 MW, per_pool_limit=22331.54 MWh/period from external)
    ✓ Updated 1c_battery: pool_limit 1358.15 → 1358.37 (+0.22 MW, per_pool_limit=679.18 MWh/period from external)
    ✓ Updated 0.25c_battery: pool_limit 5432.60 → 5433.47 (+0.87 MW, per_pool_limit=2716.73 MWh/period from external)
    ✓ Updated hydrogen_battery: pool_limit 13.58 → 13.58 (+0.00 MW, per_pool_limit=6.79 MWh/period from external)
    ✓ Updated 0.5c_battery: pool_limit 44663.09 → 44673.81 (+10.72 MW, per_pool_limit=22336.90 MWh/period from external)
    ✓ Updated 1c_battery: pool_limit 1358.37 → 1358.69 (+0.33 MW, per_pool_limit=679.35 MWh/period from external)
    ✓ Updated 0.25c_battery: pool_limit 5433.47 → 5434.77 (+1.30 MW, per_pool_limit=2717.38 MWh/period from external)
    ✓ Updated hydrogen_battery: pool_limit 13.58 → 13.59 (+0.00 MW, per_pool_limit=6.79 MWh/period from external)
    ✓ Updated 0.5c_battery: pool_limit 44673.81 → 44674.76 (+0.95 MW, per_pool_limit=22337.38 MWh/period from external)
    ✓ Updated 1c_battery: pool_limit 1358.69 → 1358.72 (+0.03 MW, per_pool_limit=679.36 MWh/period from external)
    ✓ Updated 0.25c_battery: pool_limit 5434.77 → 5434.89 (+0.12 MW, per_pool_limit=2717.44 MWh/period from external)
    ✓ Updated hydrogen_battery: pool_limit 13.59 → 13.59 (+0.00 MW, per_pool_limit=6.79 MWh/period from external)
    ✓ Updated 0.5c_battery: pool_limit 44674.76 → 45023.29 (+348.53 MW, per_pool_limit=22511.64 MWh/period from external)
    ✓ Updated 1c_battery: pool_limit 1358.72 → 1369.32 (+10.60 MW, per_pool_limit=684.66 MWh/period from external)
    ✓ Updated 0.25c_battery: pool_limit 5434.89 → 5477.29 (+42.40 MW, per_pool_limit=2738.64 MWh/period from external)
    ✓ Updated hydrogen_battery: pool_limit 13.59 → 13.69 (+0.11 MW, per_pool_limit=6.85 MWh/period from external)
    ✓ Updated 0.5c_battery: pool_limit 45023.29 → 45095.60 (+72.31 MW, per_pool_limit=22547.80 MWh/period from external)
    ✓ Updated 1c_battery: pool_limit 1369.32 → 1371.52 (+2.20 MW, per_pool_limit=685.76 MWh/period from external)
    ✓ Updated 0.25c_battery: pool_limit 5477.29 → 5486.08 (+8.80 MW, per_pool_limit=2743.04 MWh/period from external)
    ✓ Updated hydrogen_battery: pool_limit 13.69 → 13.72 (+0.02 MW, per_pool_limit=6.86 MWh/period from external)
    ✓ Updated 0.5c_battery: pool_limit 45095.60 → 45172.58 (+76.98 MW, per_pool_limit=22586.29 MWh/period from external)
    ✓ Updated 1c_battery: pool_limit 1371.52 → 1373.86 (+2.34 MW, per_pool_limit=686.93 MWh/period from external)
    ✓ Updated 0.25c_battery: pool_limit 5486.08 → 5495.45 (+9.36 MW, per_pool_limit=2747.72 MWh/period from external)
    ✓ Updated hydrogen_battery: pool_limit 13.72 → 13.74 (+0.02 MW, per_pool_limit=6.87 MWh/period from external)
    ✓ Updated 0.5c_battery: pool_limit 45172.58 → 45177.06 (+4.48 MW, per_pool_limit=22588.53 MWh/period from external)
    ✓ Updated 1c_battery: pool_limit 1373.86 → 1374.00 (+0.14 MW, per_pool_limit=687.00 MWh/period from external)
    ✓ Updated 0.25c_battery: pool_limit 5495.45 → 5495.99 (+0.54 MW, per_pool_limit=2748.00 MWh/period from external)
    ✓ Updated hydrogen_battery: pool_limit 13.74 → 13.74 (+0.00 MW, per_pool_limit=6.87 MWh/period from external)
    ✓ Updated 0.5c_battery: pool_limit 45177.06 → 45249.37 (+72.31 MW, per_pool_limit=22624.69 MWh/period from external)
    ✓ Updated 1c_battery: pool_limit 1374.00 → 1376.20 (+2.20 MW, per_pool_limit=688.10 MWh/period from external)
    ✓ Updated 0.25c_battery: pool_limit 5495.99 → 5504.79 (+8.80 MW, per_pool_limit=2752.39 MWh/period from external)
    ✓ Updated hydrogen_battery: pool_limit 13.74 → 13.76 (+0.02 MW, per_pool_limit=6.88 MWh/period from external)
    ✓ Updated 0.5c_battery: pool_limit 45249.37 → 45294.02 (+44.65 MW, per_pool_limit=22647.01 MWh/period from external)
    ✓ Updated 1c_battery: pool_limit 1376.20 → 1377.56 (+1.36 MW, per_pool_limit=688.78 MWh/period from external)
    ✓ Updated 0.25c_battery: pool_limit 5504.79 → 5510.22 (+5.43 MW, per_pool_limit=2755.11 MWh/period from external)
    ✓ Updated hydrogen_battery: pool_limit 13.76 → 13.78 (+0.01 MW, per_pool_limit=6.89 MWh/period from external)
    ✓ Updated 0.5c_battery: pool_limit 45294.02 → 45307.99 (+13.98 MW, per_pool_limit=22654.00 MWh/period from external)
    ✓ Updated 1c_battery: pool_limit 1377.56 → 1377.98 (+0.43 MW, per_pool_limit=688.99 MWh/period from external)
    ✓ Updated 0.25c_battery: pool_limit 5510.22 → 5511.92 (+1.70 MW, per_pool_limit=2755.96 MWh/period from external)
    ✓ Updated hydrogen_battery: pool_limit 13.78 → 13.78 (+0.00 MW, per_pool_limit=6.89 MWh/period from external)
    ✓ Updated 0.5c_battery: pool_limit 45307.99 → 45390.21 (+82.21 MW, per_pool_limit=22695.10 MWh/period from external)
    ✓ Updated 1c_battery: pool_limit 1377.98 → 1380.48 (+2.50 MW, per_pool_limit=690.24 MWh/period from external)
    ✓ Updated 0.25c_battery: pool_limit 5511.92 → 5521.92 (+10.00 MW, per_pool_limit=2760.96 MWh/period from external)
    ✓ Updated hydrogen_battery: pool_limit 13.78 → 13.80 (+0.03 MW, per_pool_limit=6.90 MWh/period from external)
    ✓ Updated 0.5c_battery: pool_limit 45390.21 → 45464.79 (+74.59 MW, per_pool_limit=22732.40 MWh/period from external)
    ✓ Updated 1c_battery: pool_limit 1380.48 → 1382.75 (+2.27 MW, per_pool_limit=691.37 MWh/period from external)
    ✓ Updated 0.25c_battery: pool_limit 5521.92 → 5531.00 (+9.07 MW, per_pool_limit=2765.50 MWh/period from external)
    ✓ Updated hydrogen_battery: pool_limit 13.80 → 13.83 (+0.02 MW, per_pool_limit=6.91 MWh/period from external)
    ✓ Updated 0.5c_battery: pool_limit 45464.79 → 45528.22 (+63.43 MW, per_pool_limit=22764.11 MWh/period from external)
    ✓ Updated 1c_battery: pool_limit 1382.75 → 1384.68 (+1.93 MW, per_pool_limit=692.34 MWh/period from external)
    ✓ Updated 0.25c_battery: pool_limit 5531.00 → 5538.71 (+7.72 MW, per_pool_limit=2769.36 MWh/period from external)
    ✓ Updated hydrogen_battery: pool_limit 13.83 → 13.85 (+0.02 MW, per_pool_limit=6.92 MWh/period from external)
    ✓ Updated 0.5c_battery: pool_limit 45528.22 → 45572.10 (+43.88 MW, per_pool_limit=22786.05 MWh/period from external)
    ✓ Updated 1c_battery: pool_limit 1384.68 → 1386.01 (+1.33 MW, per_pool_limit=693.01 MWh/period from external)
    ✓ Updated 0.25c_battery: pool_limit 5538.71 → 5544.05 (+5.34 MW, per_pool_limit=2772.03 MWh/period from external)
    ✓ Updated hydrogen_battery: pool_limit 13.85 → 13.86 (+0.01 MW, per_pool_limit=6.93 MWh/period from external)
    ✓ Updated 0.5c_battery: pool_limit 45572.10 → 45654.31 (+82.21 MW, per_pool_limit=22827.16 MWh/period from external)
    ✓ Updated 1c_battery: pool_limit 1386.01 → 1388.51 (+2.50 MW, per_pool_limit=694.26 MWh/period from external)
    ✓ Updated 0.25c_battery: pool_limit 5544.05 → 5554.05 (+10.00 MW, per_pool_limit=2777.03 MWh/period from external)
    ✓ Updated hydrogen_battery: pool_limit 13.86 → 13.89 (+0.03 MW, per_pool_limit=6.94 MWh/period from external)
    ✓ Updated 0.5c_battery: pool_limit 45654.31 → 45689.91 (+35.60 MW, per_pool_limit=22844.96 MWh/period from external)
    ✓ Updated 1c_battery: pool_limit 1388.51 → 1389.60 (+1.08 MW, per_pool_limit=694.80 MWh/period from external)
    ✓ Updated 0.25c_battery: pool_limit 5554.05 → 5558.38 (+4.33 MW, per_pool_limit=2779.19 MWh/period from external)
    ✓ Updated hydrogen_battery: pool_limit 13.89 → 13.90 (+0.01 MW, per_pool_limit=6.95 MWh/period from external)
    ✓ Updated 0.5c_battery: pool_limit 45689.91 → 45729.37 (+39.46 MW, per_pool_limit=22864.69 MWh/period from external)
    ✓ Updated 1c_battery: pool_limit 1389.60 → 1390.80 (+1.20 MW, per_pool_limit=695.40 MWh/period from external)
    ✓ Updated 0.25c_battery: pool_limit 5558.38 → 5563.18 (+4.80 MW, per_pool_limit=2781.59 MWh/period from external)
    ✓ Updated hydrogen_battery: pool_limit 13.90 → 13.91 (+0.01 MW, per_pool_limit=6.95 MWh/period from external)
    ✓ Updated 0.5c_battery: pool_limit 45729.37 → 45861.89 (+132.52 MW, per_pool_limit=22930.94 MWh/period from external)
    ✓ Updated 1c_battery: pool_limit 1390.80 → 1394.83 (+4.03 MW, per_pool_limit=697.41 MWh/period from external)
    ✓ Updated 0.25c_battery: pool_limit 5563.18 → 5579.31 (+16.12 MW, per_pool_limit=2789.65 MWh/period from external)
    ✓ Updated hydrogen_battery: pool_limit 13.91 → 13.95 (+0.04 MW, per_pool_limit=6.97 MWh/period from external)
    ✓ Updated 0.5c_battery: pool_limit 45861.89 → 45884.98 (+23.09 MW, per_pool_limit=22942.49 MWh/period from external)
    ✓ Updated 1c_battery: pool_limit 1394.83 → 1395.53 (+0.70 MW, per_pool_limit=697.76 MWh/period from external)
    ✓ Updated 0.25c_battery: pool_limit 5579.31 → 5582.11 (+2.81 MW, per_pool_limit=2791.06 MWh/period from external)
    ✓ Updated hydrogen_battery: pool_limit 13.95 → 13.96 (+0.01 MW, per_pool_limit=6.98 MWh/period from external)
    ✓ Updated 0.5c_battery: pool_limit 45884.98 → 45921.72 (+36.74 MW, per_pool_limit=22960.86 MWh/period from external)
    ✓ Updated 1c_battery: pool_limit 1395.53 → 1396.65 (+1.12 MW, per_pool_limit=698.32 MWh/period from external)
    ✓ Updated 0.25c_battery: pool_limit 5582.11 → 5586.58 (+4.47 MW, per_pool_limit=2793.29 MWh/period from external)
    ✓ Updated hydrogen_battery: pool_limit 13.96 → 13.97 (+0.01 MW, per_pool_limit=6.98 MWh/period from external)
    ✓ Updated 0.5c_battery: pool_limit 45921.72 → 46084.66 (+162.94 MW, per_pool_limit=23042.33 MWh/period from external)
    ✓ Updated 1c_battery: pool_limit 1396.65 → 1401.60 (+4.96 MW, per_pool_limit=700.80 MWh/period from external)
    ✓ Updated 0.25c_battery: pool_limit 5586.58 → 5606.41 (+19.82 MW, per_pool_limit=2803.20 MWh/period from external)
    ✓ Updated hydrogen_battery: pool_limit 13.97 → 14.02 (+0.05 MW, per_pool_limit=7.01 MWh/period from external)
    ✓ Updated 0.5c_battery: pool_limit 46084.66 → 46161.56 (+76.90 MW, per_pool_limit=23080.78 MWh/period from external)
    ✓ Updated 1c_battery: pool_limit 1401.60 → 1403.94 (+2.34 MW, per_pool_limit=701.97 MWh/period from external)
    ✓ Updated 0.25c_battery: pool_limit 5606.41 → 5615.76 (+9.36 MW, per_pool_limit=2807.88 MWh/period from external)
    ✓ Updated hydrogen_battery: pool_limit 14.02 → 14.04 (+0.02 MW, per_pool_limit=7.02 MWh/period from external)
    ✓ Updated 0.5c_battery: pool_limit 46161.56 → 46288.55 (+126.99 MW, per_pool_limit=23144.28 MWh/period from external)
    ✓ Updated 1c_battery: pool_limit 1403.94 → 1407.80 (+3.86 MW, per_pool_limit=703.90 MWh/period from external)
    ✓ Updated 0.25c_battery: pool_limit 5615.76 → 5631.21 (+15.45 MW, per_pool_limit=2815.61 MWh/period from external)
    ✓ Updated hydrogen_battery: pool_limit 14.04 → 14.08 (+0.04 MW, per_pool_limit=7.04 MWh/period from external)
    ✓ Updated 0.5c_battery: pool_limit 46288.55 → 46359.75 (+71.20 MW, per_pool_limit=23179.88 MWh/period from external)
    ✓ Updated 1c_battery: pool_limit 1407.80 → 1409.97 (+2.17 MW, per_pool_limit=704.98 MWh/period from external)
    ✓ Updated 0.25c_battery: pool_limit 5631.21 → 5639.87 (+8.66 MW, per_pool_limit=2819.94 MWh/period from external)
    ✓ Updated hydrogen_battery: pool_limit 14.08 → 14.10 (+0.02 MW, per_pool_limit=7.05 MWh/period from external)
    ✓ Updated 0.5c_battery: pool_limit 46359.75 → 46717.07 (+357.32 MW, per_pool_limit=23358.54 MWh/period from external)
    ✓ Updated 1c_battery: pool_limit 1409.97 → 1420.84 (+10.87 MW, per_pool_limit=710.42 MWh/period from external)
    ✓ Updated 0.25c_battery: pool_limit 5639.87 → 5683.34 (+43.47 MW, per_pool_limit=2841.67 MWh/period from external)
    ✓ Updated hydrogen_battery: pool_limit 14.10 → 14.21 (+0.11 MW, per_pool_limit=7.10 MWh/period from external)
    ✓ Updated 0.5c_battery: pool_limit 46717.07 → 47443.17 (+726.10 MW, per_pool_limit=23721.59 MWh/period from external)
    ✓ Updated 1c_battery: pool_limit 1420.84 → 1442.92 (+22.08 MW, per_pool_limit=721.46 MWh/period from external)
    ✓ Updated 0.25c_battery: pool_limit 5683.34 → 5771.68 (+88.33 MW, per_pool_limit=2885.84 MWh/period from external)
    ✓ Updated hydrogen_battery: pool_limit 14.21 → 14.43 (+0.22 MW, per_pool_limit=7.21 MWh/period from external)
    ✓ Updated 0.5c_battery: pool_limit 47443.17 → 47585.58 (+142.40 MW, per_pool_limit=23792.79 MWh/period from external)
    ✓ Updated 1c_battery: pool_limit 1442.92 → 1447.25 (+4.33 MW, per_pool_limit=723.62 MWh/period from external)
    ✓ Updated 0.25c_battery: pool_limit 5771.68 → 5789.00 (+17.32 MW, per_pool_limit=2894.50 MWh/period from external)
    ✓ Updated hydrogen_battery: pool_limit 14.43 → 14.47 (+0.04 MW, per_pool_limit=7.24 MWh/period from external)
    ✓ Updated 0.5c_battery: pool_limit 47585.58 → 47600.04 (+14.46 MW, per_pool_limit=23800.02 MWh/period from external)
    ✓ Updated 1c_battery: pool_limit 1447.25 → 1447.69 (+0.44 MW, per_pool_limit=723.84 MWh/period from external)
    ✓ Updated 0.25c_battery: pool_limit 5789.00 → 5790.76 (+1.76 MW, per_pool_limit=2895.38 MWh/period from external)
    ✓ Updated hydrogen_battery: pool_limit 14.47 → 14.48 (+0.00 MW, per_pool_limit=7.24 MWh/period from external)
    ✓ Updated 0.5c_battery: pool_limit 47600.04 → 47640.63 (+40.59 MW, per_pool_limit=23820.31 MWh/period from external)
    ✓ Updated 1c_battery: pool_limit 1447.69 → 1448.92 (+1.23 MW, per_pool_limit=724.46 MWh/period from external)
    ✓ Updated 0.25c_battery: pool_limit 5790.76 → 5795.70 (+4.94 MW, per_pool_limit=2897.85 MWh/period from external)
    ✓ Updated hydrogen_battery: pool_limit 14.48 → 14.49 (+0.01 MW, per_pool_limit=7.24 MWh/period from external)
    ✓ Updated 0.5c_battery: pool_limit 47640.63 → 47676.36 (+35.73 MW, per_pool_limit=23838.18 MWh/period from external)
    ✓ Updated 1c_battery: pool_limit 1448.92 → 1450.01 (+1.09 MW, per_pool_limit=725.01 MWh/period from external)
    ✓ Updated 0.25c_battery: pool_limit 5795.70 → 5800.04 (+4.35 MW, per_pool_limit=2900.02 MWh/period from external)
    ✓ Updated hydrogen_battery: pool_limit 14.49 → 14.50 (+0.01 MW, per_pool_limit=7.25 MWh/period from external)
    ✓ Updated 0.5c_battery: pool_limit 47676.36 → 47702.13 (+25.77 MW, per_pool_limit=23851.06 MWh/period from external)
    ✓ Updated 1c_battery: pool_limit 1450.01 → 1450.79 (+0.78 MW, per_pool_limit=725.40 MWh/period from external)
    ✓ Updated 0.25c_battery: pool_limit 5800.04 → 5803.18 (+3.13 MW, per_pool_limit=2901.59 MWh/period from external)
    ✓ Updated hydrogen_battery: pool_limit 14.50 → 14.51 (+0.01 MW, per_pool_limit=7.25 MWh/period from external)
    ✓ Updated 0.5c_battery: pool_limit 47702.13 → 48019.61 (+317.48 MW, per_pool_limit=24009.80 MWh/period from external)
    ✓ Updated 1c_battery: pool_limit 1450.79 → 1460.45 (+9.66 MW, per_pool_limit=730.23 MWh/period from external)
    ✓ Updated 0.25c_battery: pool_limit 5803.18 → 5841.80 (+38.62 MW, per_pool_limit=2920.90 MWh/period from external)
    ✓ Updated hydrogen_battery: pool_limit 14.51 → 14.60 (+0.10 MW, per_pool_limit=7.30 MWh/period from external)
    ✓ Updated 0.5c_battery: pool_limit 48019.61 → 48091.92 (+72.31 MW, per_pool_limit=24045.96 MWh/period from external)
    ✓ Updated 1c_battery: pool_limit 1460.45 → 1462.65 (+2.20 MW, per_pool_limit=731.32 MWh/period from external)
    ✓ Updated 0.25c_battery: pool_limit 5841.80 → 5850.60 (+8.80 MW, per_pool_limit=2925.30 MWh/period from external)
    ✓ Updated hydrogen_battery: pool_limit 14.60 → 14.63 (+0.02 MW, per_pool_limit=7.31 MWh/period from external)
    ✓ Updated 0.5c_battery: pool_limit 48091.92 → 48187.16 (+95.24 MW, per_pool_limit=24093.58 MWh/period from external)
    ✓ Updated 1c_battery: pool_limit 1462.65 → 1465.55 (+2.90 MW, per_pool_limit=732.77 MWh/period from external)
    ✓ Updated 0.25c_battery: pool_limit 5850.60 → 5862.19 (+11.59 MW, per_pool_limit=2931.09 MWh/period from external)
    ✓ Updated hydrogen_battery: pool_limit 14.63 → 14.66 (+0.03 MW, per_pool_limit=7.33 MWh/period from external)
    ✓ Updated 0.5c_battery: pool_limit 48187.16 → 48206.41 (+19.25 MW, per_pool_limit=24103.20 MWh/period from external)
    ✓ Updated 1c_battery: pool_limit 1465.55 → 1466.13 (+0.59 MW, per_pool_limit=733.07 MWh/period from external)
    ✓ Updated 0.25c_battery: pool_limit 5862.19 → 5864.53 (+2.34 MW, per_pool_limit=2932.26 MWh/period from external)
    ✓ Updated hydrogen_battery: pool_limit 14.66 → 14.66 (+0.01 MW, per_pool_limit=7.33 MWh/period from external)
    ✓ Updated 0.5c_battery: pool_limit 48206.41 → 48242.14 (+35.73 MW, per_pool_limit=24121.07 MWh/period from external)
    ✓ Updated 1c_battery: pool_limit 1466.13 → 1467.22 (+1.09 MW, per_pool_limit=733.61 MWh/period from external)
    ✓ Updated 0.25c_battery: pool_limit 5864.53 → 5868.87 (+4.35 MW, per_pool_limit=2934.44 MWh/period from external)
    ✓ Updated hydrogen_battery: pool_limit 14.66 → 14.67 (+0.01 MW, per_pool_limit=7.34 MWh/period from external)
    ✓ Updated 0.5c_battery: pool_limit 48242.14 → 48263.50 (+21.36 MW, per_pool_limit=24131.75 MWh/period from external)
    ✓ Updated 1c_battery: pool_limit 1467.22 → 1467.87 (+0.65 MW, per_pool_limit=733.93 MWh/period from external)
    ✓ Updated 0.25c_battery: pool_limit 5868.87 → 5871.47 (+2.60 MW, per_pool_limit=2935.74 MWh/period from external)
    ✓ Updated hydrogen_battery: pool_limit 14.67 → 14.68 (+0.01 MW, per_pool_limit=7.34 MWh/period from external)
    ✓ Updated 0.5c_battery: pool_limit 48263.50 → 48334.37 (+70.87 MW, per_pool_limit=24167.18 MWh/period from external)
    ✓ Updated 1c_battery: pool_limit 1467.87 → 1470.02 (+2.16 MW, per_pool_limit=735.01 MWh/period from external)
    ✓ Updated 0.25c_battery: pool_limit 5871.47 → 5880.09 (+8.62 MW, per_pool_limit=2940.05 MWh/period from external)
    ✓ Updated hydrogen_battery: pool_limit 14.68 → 14.70 (+0.02 MW, per_pool_limit=7.35 MWh/period from external)
    ✓ Updated 0.5c_battery: pool_limit 48334.37 → 48373.74 (+39.37 MW, per_pool_limit=24186.87 MWh/period from external)
    ✓ Updated 1c_battery: pool_limit 1470.02 → 1471.22 (+1.20 MW, per_pool_limit=735.61 MWh/period from external)
    ✓ Updated 0.25c_battery: pool_limit 5880.09 → 5884.88 (+4.79 MW, per_pool_limit=2942.44 MWh/period from external)
    ✓ Updated hydrogen_battery: pool_limit 14.70 → 14.71 (+0.01 MW, per_pool_limit=7.36 MWh/period from external)
    ✓ Updated 0.5c_battery: pool_limit 48373.74 → 48381.94 (+8.20 MW, per_pool_limit=24190.97 MWh/period from external)
    ✓ Updated 1c_battery: pool_limit 1471.22 → 1471.47 (+0.25 MW, per_pool_limit=735.74 MWh/period from external)
    ✓ Updated 0.25c_battery: pool_limit 5884.88 → 5885.88 (+1.00 MW, per_pool_limit=2942.94 MWh/period from external)
    ✓ Updated hydrogen_battery: pool_limit 14.71 → 14.71 (+0.00 MW, per_pool_limit=7.36 MWh/period from external)
    ✓ Updated 0.5c_battery: pool_limit 48381.94 → 48418.10 (+36.16 MW, per_pool_limit=24209.05 MWh/period from external)
    ✓ Updated 1c_battery: pool_limit 1471.47 → 1472.57 (+1.10 MW, per_pool_limit=736.28 MWh/period from external)
    ✓ Updated 0.25c_battery: pool_limit 5885.88 → 5890.28 (+4.40 MW, per_pool_limit=2945.14 MWh/period from external)
    ✓ Updated hydrogen_battery: pool_limit 14.71 → 14.73 (+0.01 MW, per_pool_limit=7.36 MWh/period from external)
    ✓ Updated 0.5c_battery: pool_limit 48418.10 → 48454.91 (+36.81 MW, per_pool_limit=24227.45 MWh/period from external)
    ✓ Updated 1c_battery: pool_limit 1472.57 → 1473.69 (+1.12 MW, per_pool_limit=736.84 MWh/period from external)
    ✓ Updated 0.25c_battery: pool_limit 5890.28 → 5894.76 (+4.48 MW, per_pool_limit=2947.38 MWh/period from external)
    ✓ Updated hydrogen_battery: pool_limit 14.73 → 14.74 (+0.01 MW, per_pool_limit=7.37 MWh/period from external)
    📊 Allocating 5783.00 MW offshore capacity (no location data) across 21 generators (total existing: 14679.00 MW)
      ✓ offshore1: 324.3MW → 452.1MW (+127.76 MW, 2.21% share, proportional)
      ✓ offshore10: 479.0MW → 667.7MW (+188.71 MW, 3.26% share, proportional)
      ✓ offshore11: 400.0MW → 557.6MW (+157.59 MW, 2.72% share, proportional)
      ✓ offshore12: 588.0MW → 819.7MW (+231.65 MW, 4.01% share, proportional)
      ✓ offshore13: 774.0MW → 1078.9MW (+304.93 MW, 5.27% share, proportional)
      ✓ offshore15: 1269.8MW → 1770.1MW (+500.26 MW, 8.65% share, proportional)
      ✓ offshore16: 842.6MW → 1174.6MW (+331.95 MW, 5.74% share, proportional)
      ✓ offshore17: 990.0MW → 1380.0MW (+390.02 MW, 6.74% share, proportional)
      ✓ offshore18: 1074.0MW → 1497.1MW (+423.12 MW, 7.32% share, proportional)
      ✓ offshore2: 183.6MW → 255.9MW (+72.33 MW, 1.25% share, proportional)
      ✓ offshore20: 62.0MW → 86.4MW (+24.43 MW, 0.42% share, proportional)
      ✓ offshore21: 1174.0MW → 1636.5MW (+462.51 MW, 8.00% share, proportional)
      ✓ offshore3: 2538.0MW → 3537.9MW (+999.88 MW, 17.29% share, proportional)
      ✓ offshore5: 324.0MW → 451.6MW (+127.64 MW, 2.21% share, proportional)
      ✓ offshore6: 857.0MW → 1194.6MW (+337.63 MW, 5.84% share, proportional)
      ✓ offshore7: 930.0MW → 1296.4MW (+366.39 MW, 6.34% share, proportional)
      ✓ offshore8: 1247.7MW → 1739.2MW (+491.55 MW, 8.50% share, proportional)
      ✓ offshore9: 621.0MW → 865.7MW (+244.65 MW, 4.23% share, proportional)

--- Starting Iteration 3: Electricity Market Simulation (Case 3: Decarbonization Cost to VRE + CM Cost to CCGT/OCGT) ---
--- Iteration 3: calling run_simulation(periods=17520, generators=48, batteries=5) ---
尝试打开wind文件: F:\newfinalweather\average_annual_wind_profile.nc
文件是否存在: True
Using cached weather profiles.
--- Iteration 3: run_simulation returned. Processing results. ---
--- Iteration 3: Simulation Finished. Starting Investment Analysis (Case 3) ---
--- Iteration 3: Adding 5 assets with zero income to analysis ---
  ⚠ Warning: Found 3 assets with capacity > 10,000 MW:
      0.5c_battery: 48454.91 MW (asset_type: 0.5c_battery)
      CCGT: 28000.00 MW (asset_type: CCGT)
      onshore_Edinburgh: 10865.35 MW (asset_type: onshore)
✓ Fast investment analysis saved to C:\Users\86150\Desktop\five_scenario_include_uncertain_freq_cap_runs\07_future_subsidy_as_usual_2025_2035_20260718_decarb_virtual_pool_1000twh_scheme_c\investment_analysis_trace.sqlite
  System Cost: £48.47bn | Cost/MWh: £208.55
  📊 Total VRE profiles recorded for year 2027
      CAPACITY EXPANSION:
         - Solar: 24315.53 MW | Onshore: 14982.30 MW | Offshore: 20462.00 MW
         - Total VRE Capacity: 59759.83 MW
      GENERATION:
         - Total VRE Generation: 169.58 TWh
         - Total Thermal Generation: 62.85 TWh
         - Total Generation (VRE+Thermal): 232.44 TWh
         - Total Forecast Demand: 233.11 TWh
      EXCESS ANALYSIS:
         - Excess BEFORE storage/interconn: 0.04 TWh (VRE - Forecast)
         - Excess AFTER storage/interconn: 13.90 TWh (final excess)
         - Absorbed by storage/interconn: 0.00 TWh
         - Storage Capacity: 59674.06 MW
         - Excess/VRE Ratio (after): 8.19%
         - Excess/VRE Ratio (before): 0.02%
  📊 Edinburgh onshore wind generation recorded for year 2027 (Capacity: 10865.35 MW, Generation: 75776975.52 MWh)
    🔋 Battery Investment: 0.25c_battery - Recommendation: Invest_High, Current: 6802.83 MW, Suggested: 10334.23 MW, Add: 3531.40 MW, ROI: 0.1427
✓ Checkpoint saved after 2027: C:\Users\86150\Desktop\five_scenario_include_uncertain_freq_cap_runs\07_future_subsidy_as_usual_2025_2035_20260718_decarb_virtual_pool_1000twh_scheme_c\checkpoints\case3_v2_subsidy_as_usual_checkpoint.pkl

==================== YEAR 2028 (CASE 3) ====================
--- Year 2028: Updating Pumped Hydro capacity as per schedule to 3377.9 MW ---
--- Year 2028: Updating Pumped Hydro energy storage as per schedule to 30200 MWh ---
  📦 Projects completing in 2028: 79 (8527.91 MW)
      - External (REPD): 67 projects (6047.66 MW)
      - Model-driven: 12 projects (2480.25 MW)
    ✓ Updated 0.5c_battery: pool_limit 48454.91 → 48472.41 (+17.50 MW, per_pool_limit=24236.21 MWh/period from external)
    ✓ Updated 1c_battery: pool_limit 1473.69 → 1474.22 (+0.53 MW, per_pool_limit=737.11 MWh/period from external)
    ✓ Updated 0.25c_battery: pool_limit 6802.83 → 6805.29 (+2.46 MW, per_pool_limit=3402.64 MWh/period from external)
    ✓ Updated hydrogen_battery: pool_limit 14.74 → 14.74 (+0.01 MW, per_pool_limit=7.37 MWh/period from external)
    ✓ Updated 0.5c_battery: pool_limit 48472.41 → 48502.30 (+29.89 MW, per_pool_limit=24251.15 MWh/period from external)
    ✓ Updated 1c_battery: pool_limit 1474.22 → 1475.13 (+0.91 MW, per_pool_limit=737.57 MWh/period from external)
    ✓ Updated 0.25c_battery: pool_limit 6805.29 → 6809.48 (+4.20 MW, per_pool_limit=3404.74 MWh/period from external)
    ✓ Updated hydrogen_battery: pool_limit 14.74 → 14.75 (+0.01 MW, per_pool_limit=7.38 MWh/period from external)
    ✓ Updated 0.5c_battery: pool_limit 48502.30 → 48527.92 (+25.62 MW, per_pool_limit=24263.96 MWh/period from external)
    ✓ Updated 1c_battery: pool_limit 1475.13 → 1475.91 (+0.78 MW, per_pool_limit=737.95 MWh/period from external)
    ✓ Updated 0.25c_battery: pool_limit 6809.48 → 6813.08 (+3.60 MW, per_pool_limit=3406.54 MWh/period from external)
    ✓ Updated hydrogen_battery: pool_limit 14.75 → 14.76 (+0.01 MW, per_pool_limit=7.38 MWh/period from external)
    ✓ Updated 0.5c_battery: pool_limit 48527.92 → 48579.29 (+51.37 MW, per_pool_limit=24289.65 MWh/period from external)
    ✓ Updated 1c_battery: pool_limit 1475.91 → 1477.47 (+1.56 MW, per_pool_limit=738.74 MWh/period from external)
    ✓ Updated 0.25c_battery: pool_limit 6813.08 → 6820.29 (+7.21 MW, per_pool_limit=3410.15 MWh/period from external)
    ✓ Updated hydrogen_battery: pool_limit 14.76 → 14.77 (+0.02 MW, per_pool_limit=7.39 MWh/period from external)
    ✓ Updated 0.5c_battery: pool_limit 48579.29 → 48587.83 (+8.54 MW, per_pool_limit=24293.91 MWh/period from external)
    ✓ Updated 1c_battery: pool_limit 1477.47 → 1477.73 (+0.26 MW, per_pool_limit=738.87 MWh/period from external)
    ✓ Updated 0.25c_battery: pool_limit 6820.29 → 6821.49 (+1.20 MW, per_pool_limit=3410.74 MWh/period from external)
    ✓ Updated hydrogen_battery: pool_limit 14.77 → 14.78 (+0.00 MW, per_pool_limit=7.39 MWh/period from external)
    ✓ Updated 0.5c_battery: pool_limit 48587.83 → 48762.92 (+175.09 MW, per_pool_limit=24381.46 MWh/period from external)
    ✓ Updated 1c_battery: pool_limit 1477.73 → 1483.06 (+5.33 MW, per_pool_limit=741.53 MWh/period from external)
    ✓ Updated 0.25c_battery: pool_limit 6821.49 → 6846.07 (+24.58 MW, per_pool_limit=3423.04 MWh/period from external)
    ✓ Updated hydrogen_battery: pool_limit 14.78 → 14.83 (+0.05 MW, per_pool_limit=7.42 MWh/period from external)
    ✓ Updated 0.5c_battery: pool_limit 48762.92 → 48771.61 (+8.69 MW, per_pool_limit=24385.80 MWh/period from external)
    ✓ Updated 1c_battery: pool_limit 1483.06 → 1483.32 (+0.26 MW, per_pool_limit=741.66 MWh/period from external)
    ✓ Updated 0.25c_battery: pool_limit 6846.07 → 6847.29 (+1.22 MW, per_pool_limit=3423.65 MWh/period from external)
    ✓ Updated hydrogen_battery: pool_limit 14.83 → 14.83 (+0.00 MW, per_pool_limit=7.42 MWh/period from external)
    ✓ Updated 0.5c_battery: pool_limit 48771.61 → 48778.72 (+7.12 MW, per_pool_limit=24389.36 MWh/period from external)
    ✓ Updated 1c_battery: pool_limit 1483.32 → 1483.54 (+0.22 MW, per_pool_limit=741.77 MWh/period from external)
    ✓ Updated 0.25c_battery: pool_limit 6847.29 → 6848.29 (+1.00 MW, per_pool_limit=3424.15 MWh/period from external)
    ✓ Updated hydrogen_battery: pool_limit 14.83 → 14.84 (+0.00 MW, per_pool_limit=7.42 MWh/period from external)
    ✓ Updated 0.5c_battery: pool_limit 48778.72 → 48852.12 (+73.39 MW, per_pool_limit=24426.06 MWh/period from external)
    ✓ Updated 1c_battery: pool_limit 1483.54 → 1485.77 (+2.23 MW, per_pool_limit=742.88 MWh/period from external)
    ✓ Updated 0.25c_battery: pool_limit 6848.29 → 6858.59 (+10.30 MW, per_pool_limit=3429.30 MWh/period from external)
    ✓ Updated hydrogen_battery: pool_limit 14.84 → 14.86 (+0.02 MW, per_pool_limit=7.43 MWh/period from external)
    ✓ Updated 0.5c_battery: pool_limit 48852.12 → 48928.18 (+76.06 MW, per_pool_limit=24464.09 MWh/period from external)
    ✓ Updated 1c_battery: pool_limit 1485.77 → 1488.08 (+2.31 MW, per_pool_limit=744.04 MWh/period from external)
    ✓ Updated 0.25c_battery: pool_limit 6858.59 → 6869.27 (+10.68 MW, per_pool_limit=3434.64 MWh/period from external)
    ✓ Updated hydrogen_battery: pool_limit 14.86 → 14.88 (+0.02 MW, per_pool_limit=7.44 MWh/period from external)
    ✓ Updated 0.5c_battery: pool_limit 48928.18 → 48948.75 (+20.57 MW, per_pool_limit=24474.38 MWh/period from external)
    ✓ Updated 1c_battery: pool_limit 1488.08 → 1488.71 (+0.63 MW, per_pool_limit=744.35 MWh/period from external)
    ✓ Updated 0.25c_battery: pool_limit 6869.27 → 6872.16 (+2.89 MW, per_pool_limit=3436.08 MWh/period from external)
    ✓ Updated hydrogen_battery: pool_limit 14.88 → 14.89 (+0.01 MW, per_pool_limit=7.44 MWh/period from external)
    ✓ Updated 0.5c_battery: pool_limit 48948.75 → 48970.49 (+21.73 MW, per_pool_limit=24485.24 MWh/period from external)
    ✓ Updated 1c_battery: pool_limit 1488.71 → 1489.37 (+0.66 MW, per_pool_limit=744.69 MWh/period from external)
    ✓ Updated 0.25c_battery: pool_limit 6872.16 → 6875.21 (+3.05 MW, per_pool_limit=3437.61 MWh/period from external)
    ✓ Updated hydrogen_battery: pool_limit 14.89 → 14.89 (+0.01 MW, per_pool_limit=7.45 MWh/period from external)
    ✓ Updated 0.5c_battery: pool_limit 48970.49 → 49003.51 (+33.03 MW, per_pool_limit=24501.76 MWh/period from external)
    ✓ Updated 1c_battery: pool_limit 1489.37 → 1490.37 (+1.00 MW, per_pool_limit=745.19 MWh/period from external)
    ✓ Updated 0.25c_battery: pool_limit 6875.21 → 6879.85 (+4.64 MW, per_pool_limit=3439.92 MWh/period from external)
    ✓ Updated hydrogen_battery: pool_limit 14.89 → 14.90 (+0.01 MW, per_pool_limit=7.45 MWh/period from external)
    ✓ Updated 0.5c_battery: pool_limit 49003.51 → 49010.63 (+7.12 MW, per_pool_limit=24505.31 MWh/period from external)
    ✓ Updated 1c_battery: pool_limit 1490.37 → 1490.59 (+0.22 MW, per_pool_limit=745.30 MWh/period from external)
    ✓ Updated 0.25c_battery: pool_limit 6879.85 → 6880.85 (+1.00 MW, per_pool_limit=3440.42 MWh/period from external)
    ✓ Updated hydrogen_battery: pool_limit 14.90 → 14.91 (+0.00 MW, per_pool_limit=7.45 MWh/period from external)
    ✓ Updated 0.5c_battery: pool_limit 49010.63 → 49043.91 (+33.28 MW, per_pool_limit=24521.96 MWh/period from external)
    ✓ Updated 1c_battery: pool_limit 1490.59 → 1491.60 (+1.01 MW, per_pool_limit=745.80 MWh/period from external)
    ✓ Updated 0.25c_battery: pool_limit 6880.85 → 6885.52 (+4.67 MW, per_pool_limit=3442.76 MWh/period from external)
    ✓ Updated hydrogen_battery: pool_limit 14.91 → 14.92 (+0.01 MW, per_pool_limit=7.46 MWh/period from external)
    ✓ Updated 0.5c_battery: pool_limit 49043.91 → 49122.58 (+78.67 MW, per_pool_limit=24561.29 MWh/period from external)
    ✓ Updated 1c_battery: pool_limit 1491.60 → 1494.00 (+2.39 MW, per_pool_limit=747.00 MWh/period from external)
    ✓ Updated 0.25c_battery: pool_limit 6885.52 → 6896.57 (+11.05 MW, per_pool_limit=3448.28 MWh/period from external)
    ✓ Updated hydrogen_battery: pool_limit 14.92 → 14.94 (+0.02 MW, per_pool_limit=7.47 MWh/period from external)
    ✓ Updated 0.5c_battery: pool_limit 49122.58 → 49147.94 (+25.35 MW, per_pool_limit=24573.97 MWh/period from external)
    ✓ Updated 1c_battery: pool_limit 1494.00 → 1494.77 (+0.77 MW, per_pool_limit=747.38 MWh/period from external)
    ✓ Updated 0.25c_battery: pool_limit 6896.57 → 6900.13 (+3.56 MW, per_pool_limit=3450.06 MWh/period from external)
    ✓ Updated hydrogen_battery: pool_limit 14.94 → 14.95 (+0.01 MW, per_pool_limit=7.47 MWh/period from external)
    ✓ Updated 0.5c_battery: pool_limit 49147.94 → 49218.26 (+70.32 MW, per_pool_limit=24609.13 MWh/period from external)
    ✓ Updated 1c_battery: pool_limit 1494.77 → 1496.91 (+2.14 MW, per_pool_limit=748.45 MWh/period from external)
    ✓ Updated 0.25c_battery: pool_limit 6900.13 → 6910.00 (+9.87 MW, per_pool_limit=3455.00 MWh/period from external)
    ✓ Updated hydrogen_battery: pool_limit 14.95 → 14.97 (+0.02 MW, per_pool_limit=7.48 MWh/period from external)
    ✓ Updated 0.5c_battery: pool_limit 49218.26 → 49254.41 (+36.15 MW, per_pool_limit=24627.20 MWh/period from external)
    ✓ Updated 1c_battery: pool_limit 1496.91 → 1498.01 (+1.10 MW, per_pool_limit=749.00 MWh/period from external)
    ✓ Updated 0.25c_battery: pool_limit 6910.00 → 6915.07 (+5.08 MW, per_pool_limit=3457.54 MWh/period from external)
    ✓ Updated hydrogen_battery: pool_limit 14.97 → 14.98 (+0.01 MW, per_pool_limit=7.49 MWh/period from external)
    ✓ Updated 0.5c_battery: pool_limit 49254.41 → 49290.56 (+36.15 MW, per_pool_limit=24645.28 MWh/period from external)
    ✓ Updated 1c_battery: pool_limit 1498.01 → 1499.10 (+1.10 MW, per_pool_limit=749.55 MWh/period from external)
    ✓ Updated 0.25c_battery: pool_limit 6915.07 → 6920.15 (+5.08 MW, per_pool_limit=3460.07 MWh/period from external)
    ✓ Updated hydrogen_battery: pool_limit 14.98 → 14.99 (+0.01 MW, per_pool_limit=7.50 MWh/period from external)
    ✓ Updated 0.5c_battery: pool_limit 49290.56 → 49312.29 (+21.73 MW, per_pool_limit=24656.14 MWh/period from external)
    ✓ Updated 1c_battery: pool_limit 1499.10 → 1499.77 (+0.66 MW, per_pool_limit=749.88 MWh/period from external)
    ✓ Updated 0.25c_battery: pool_limit 6920.15 → 6923.20 (+3.05 MW, per_pool_limit=3461.60 MWh/period from external)
    ✓ Updated hydrogen_battery: pool_limit 14.99 → 15.00 (+0.01 MW, per_pool_limit=7.50 MWh/period from external)
    ✓ Updated 0.5c_battery: pool_limit 49312.29 → 49492.67 (+180.38 MW, per_pool_limit=24746.33 MWh/period from external)
    ✓ Updated 1c_battery: pool_limit 1499.77 → 1505.25 (+5.49 MW, per_pool_limit=752.63 MWh/period from external)
    ✓ Updated 0.25c_battery: pool_limit 6923.20 → 6948.52 (+25.32 MW, per_pool_limit=3474.26 MWh/period from external)
    ✓ Updated hydrogen_battery: pool_limit 15.00 → 15.05 (+0.05 MW, per_pool_limit=7.53 MWh/period from external)
    ✓ Updated 0.5c_battery: pool_limit 49492.67 → 49563.83 (+71.16 MW, per_pool_limit=24781.91 MWh/period from external)
    ✓ Updated 1c_battery: pool_limit 1505.25 → 1507.42 (+2.16 MW, per_pool_limit=753.71 MWh/period from external)
    ✓ Updated 0.25c_battery: pool_limit 6948.52 → 6958.51 (+9.99 MW, per_pool_limit=3479.26 MWh/period from external)
    ✓ Updated hydrogen_battery: pool_limit 15.05 → 15.07 (+0.02 MW, per_pool_limit=7.54 MWh/period from external)
    ✓ Updated 0.5c_battery: pool_limit 49563.83 → 49585.17 (+21.35 MW, per_pool_limit=24792.59 MWh/period from external)
    ✓ Updated 1c_battery: pool_limit 1507.42 → 1508.06 (+0.65 MW, per_pool_limit=754.03 MWh/period from external)
    ✓ Updated 0.25c_battery: pool_limit 6958.51 → 6961.51 (+3.00 MW, per_pool_limit=3480.76 MWh/period from external)
    ✓ Updated hydrogen_battery: pool_limit 15.07 → 15.08 (+0.01 MW, per_pool_limit=7.54 MWh/period from external)
    ✓ Updated 0.5c_battery: pool_limit 49585.17 → 49605.14 (+19.97 MW, per_pool_limit=24802.57 MWh/period from external)
    ✓ Updated 1c_battery: pool_limit 1508.06 → 1508.67 (+0.61 MW, per_pool_limit=754.34 MWh/period from external)
    ✓ Updated 0.25c_battery: pool_limit 6961.51 → 6964.32 (+2.80 MW, per_pool_limit=3482.16 MWh/period from external)
    ✓ Updated hydrogen_battery: pool_limit 15.08 → 15.09 (+0.01 MW, per_pool_limit=7.54 MWh/period from external)
    ✓ Updated 0.5c_battery: pool_limit 49605.14 → 49622.66 (+17.52 MW, per_pool_limit=24811.33 MWh/period from external)
    ✓ Updated 1c_battery: pool_limit 1508.67 → 1509.20 (+0.53 MW, per_pool_limit=754.60 MWh/period from external)
    ✓ Updated 0.25c_battery: pool_limit 6964.32 → 6966.77 (+2.46 MW, per_pool_limit=3483.39 MWh/period from external)
    ✓ Updated hydrogen_battery: pool_limit 15.09 → 15.09 (+0.01 MW, per_pool_limit=7.55 MWh/period from external)
    ✓ Updated 0.5c_battery: pool_limit 49622.66 → 49699.45 (+76.79 MW, per_pool_limit=24849.72 MWh/period from external)
    ✓ Updated 1c_battery: pool_limit 1509.20 → 1511.54 (+2.34 MW, per_pool_limit=755.77 MWh/period from external)
    ✓ Updated 0.25c_battery: pool_limit 6966.77 → 6977.56 (+10.78 MW, per_pool_limit=3488.78 MWh/period from external)
    ✓ Updated hydrogen_battery: pool_limit 15.09 → 15.12 (+0.02 MW, per_pool_limit=7.56 MWh/period from external)
    ✓ Updated 0.5c_battery: pool_limit 49699.45 → 49706.69 (+7.24 MW, per_pool_limit=24853.35 MWh/period from external)
    ✓ Updated 1c_battery: pool_limit 1511.54 → 1511.76 (+0.22 MW, per_pool_limit=755.88 MWh/period from external)
    ✓ Updated 0.25c_battery: pool_limit 6977.56 → 6978.57 (+1.02 MW, per_pool_limit=3489.29 MWh/period from external)
    ✓ Updated hydrogen_battery: pool_limit 15.12 → 15.12 (+0.00 MW, per_pool_limit=7.56 MWh/period from external)
    ✓ Updated 0.5c_battery: pool_limit 49706.69 → 49716.12 (+9.42 MW, per_pool_limit=24858.06 MWh/period from external)
    ✓ Updated 1c_battery: pool_limit 1511.76 → 1512.05 (+0.29 MW, per_pool_limit=756.02 MWh/period from external)
    ✓ Updated 0.25c_battery: pool_limit 6978.57 → 6979.90 (+1.32 MW, per_pool_limit=3489.95 MWh/period from external)
    ✓ Updated hydrogen_battery: pool_limit 15.12 → 15.12 (+0.00 MW, per_pool_limit=7.56 MWh/period from external)
    ✓ Updated 0.5c_battery: pool_limit 49716.12 → 49769.37 (+53.25 MW, per_pool_limit=24884.68 MWh/period from external)
    ✓ Updated 1c_battery: pool_limit 1512.05 → 1513.67 (+1.62 MW, per_pool_limit=756.83 MWh/period from external)
    ✓ Updated 0.25c_battery: pool_limit 6979.90 → 6987.37 (+7.48 MW, per_pool_limit=3493.69 MWh/period from external)
    ✓ Updated hydrogen_battery: pool_limit 15.12 → 15.14 (+0.02 MW, per_pool_limit=7.57 MWh/period from external)
    ✓ Updated 0.5c_battery: pool_limit 49769.37 → 49790.72 (+21.35 MW, per_pool_limit=24895.36 MWh/period from external)
    ✓ Updated 1c_battery: pool_limit 1513.67 → 1514.32 (+0.65 MW, per_pool_limit=757.16 MWh/period from external)
    ✓ Updated 0.25c_battery: pool_limit 6987.37 → 6990.37 (+3.00 MW, per_pool_limit=3495.18 MWh/period from external)
    ✓ Updated hydrogen_battery: pool_limit 15.14 → 15.14 (+0.01 MW, per_pool_limit=7.57 MWh/period from external)
    ✓ Updated 0.5c_battery: pool_limit 49790.72 → 49833.33 (+42.61 MW, per_pool_limit=24916.66 MWh/period from external)
    ✓ Updated 1c_battery: pool_limit 1514.32 → 1515.61 (+1.30 MW, per_pool_limit=757.81 MWh/period from external)
    ✓ Updated 0.25c_battery: pool_limit 6990.37 → 6996.35 (+5.98 MW, per_pool_limit=3498.18 MWh/period from external)
    ✓ Updated hydrogen_battery: pool_limit 15.14 → 15.16 (+0.01 MW, per_pool_limit=7.58 MWh/period from external)
    ✓ Updated 0.5c_battery: pool_limit 49833.33 → 49958.28 (+124.96 MW, per_pool_limit=24979.14 MWh/period from external)
    ✓ Updated 1c_battery: pool_limit 1515.61 → 1519.41 (+3.80 MW, per_pool_limit=759.71 MWh/period from external)
    ✓ Updated 0.25c_battery: pool_limit 6996.35 → 7013.90 (+17.54 MW, per_pool_limit=3506.95 MWh/period from external)
    ✓ Updated hydrogen_battery: pool_limit 15.16 → 15.19 (+0.04 MW, per_pool_limit=7.60 MWh/period from external)
    ✓ Updated 0.5c_battery: pool_limit 49958.28 → 50261.28 (+302.99 MW, per_pool_limit=25130.64 MWh/period from external)
    ✓ Updated 1c_battery: pool_limit 1519.41 → 1528.63 (+9.22 MW, per_pool_limit=764.31 MWh/period from external)
    ✓ Updated 0.25c_battery: pool_limit 7013.90 → 7056.43 (+42.54 MW, per_pool_limit=3528.22 MWh/period from external)
    ✓ Updated hydrogen_battery: pool_limit 15.19 → 15.29 (+0.09 MW, per_pool_limit=7.64 MWh/period from external)
    ✓ Updated 0.5c_battery: pool_limit 50261.28 → 50297.43 (+36.15 MW, per_pool_limit=25148.71 MWh/period from external)
    ✓ Updated 1c_battery: pool_limit 1528.63 → 1529.73 (+1.10 MW, per_pool_limit=764.86 MWh/period from external)
    ✓ Updated 0.25c_battery: pool_limit 7056.43 → 7061.51 (+5.08 MW, per_pool_limit=3530.75 MWh/period from external)
    ✓ Updated hydrogen_battery: pool_limit 15.29 → 15.30 (+0.01 MW, per_pool_limit=7.65 MWh/period from external)
    ✓ Updated 0.5c_battery: pool_limit 50297.43 → 50319.16 (+21.73 MW, per_pool_limit=25159.58 MWh/period from external)
    ✓ Updated 1c_battery: pool_limit 1529.73 → 1530.39 (+0.66 MW, per_pool_limit=765.19 MWh/period from external)
    ✓ Updated 0.25c_battery: pool_limit 7061.51 → 7064.56 (+3.05 MW, per_pool_limit=3532.28 MWh/period from external)
    ✓ Updated hydrogen_battery: pool_limit 15.30 → 15.30 (+0.01 MW, per_pool_limit=7.65 MWh/period from external)
    ✓ Updated 0.5c_battery: pool_limit 50319.16 → 50382.26 (+63.10 MW, per_pool_limit=25191.13 MWh/period from external)
    ✓ Updated 1c_battery: pool_limit 1530.39 → 1532.31 (+1.92 MW, per_pool_limit=766.15 MWh/period from external)
    ✓ Updated 0.25c_battery: pool_limit 7064.56 → 7073.42 (+8.86 MW, per_pool_limit=3536.71 MWh/period from external)
    ✓ Updated hydrogen_battery: pool_limit 15.30 → 15.32 (+0.02 MW, per_pool_limit=7.66 MWh/period from external)
    ✓ Updated 0.5c_battery: pool_limit 50382.26 → 50401.67 (+19.41 MW, per_pool_limit=25200.84 MWh/period from external)
    ✓ Updated 1c_battery: pool_limit 1532.31 → 1532.90 (+0.59 MW, per_pool_limit=766.45 MWh/period from external)
    ✓ Updated 0.25c_battery: pool_limit 7073.42 → 7076.14 (+2.73 MW, per_pool_limit=3538.07 MWh/period from external)
    ✓ Updated hydrogen_battery: pool_limit 15.32 → 15.33 (+0.01 MW, per_pool_limit=7.66 MWh/period from external)
    ✓ Updated 0.5c_battery: pool_limit 50401.67 → 50405.23 (+3.56 MW, per_pool_limit=25202.61 MWh/period from external)
    ✓ Updated 1c_battery: pool_limit 1532.90 → 1533.01 (+0.11 MW, per_pool_limit=766.50 MWh/period from external)
    ✓ Updated 0.25c_battery: pool_limit 7076.14 → 7076.64 (+0.50 MW, per_pool_limit=3538.32 MWh/period from external)
    ✓ Updated hydrogen_battery: pool_limit 15.33 → 15.33 (+0.00 MW, per_pool_limit=7.67 MWh/period from external)
    ✓ Updated 0.5c_battery: pool_limit 50405.23 → 50526.57 (+121.34 MW, per_pool_limit=25263.29 MWh/period from external)
    ✓ Updated 1c_battery: pool_limit 1533.01 → 1536.70 (+3.69 MW, per_pool_limit=768.35 MWh/period from external)
    ✓ Updated 0.25c_battery: pool_limit 7076.64 → 7093.68 (+17.04 MW, per_pool_limit=3546.84 MWh/period from external)
    ✓ Updated hydrogen_battery: pool_limit 15.33 → 15.37 (+0.04 MW, per_pool_limit=7.68 MWh/period from external)
    ✓ Updated 0.5c_battery: pool_limit 50526.57 → 50590.48 (+63.91 MW, per_pool_limit=25295.24 MWh/period from external)
    ✓ Updated 1c_battery: pool_limit 1536.70 → 1538.64 (+1.94 MW, per_pool_limit=769.32 MWh/period from external)
    ✓ Updated 0.25c_battery: pool_limit 7093.68 → 7102.65 (+8.97 MW, per_pool_limit=3551.33 MWh/period from external)
    ✓ Updated hydrogen_battery: pool_limit 15.37 → 15.39 (+0.02 MW, per_pool_limit=7.69 MWh/period from external)
    ✓ Updated 0.5c_battery: pool_limit 50590.48 → 50699.14 (+108.66 MW, per_pool_limit=25349.57 MWh/period from external)
    ✓ Updated 1c_battery: pool_limit 1538.64 → 1541.94 (+3.30 MW, per_pool_limit=770.97 MWh/period from external)
    ✓ Updated 0.25c_battery: pool_limit 7102.65 → 7117.91 (+15.26 MW, per_pool_limit=3558.95 MWh/period from external)
    ✓ Updated hydrogen_battery: pool_limit 15.39 → 15.42 (+0.03 MW, per_pool_limit=7.71 MWh/period from external)
    ✓ Updated 0.5c_battery: pool_limit 50699.14 → 50706.64 (+7.50 MW, per_pool_limit=25353.32 MWh/period from external)
    ✓ Updated 1c_battery: pool_limit 1541.94 → 1542.17 (+0.23 MW, per_pool_limit=771.09 MWh/period from external)
    ✓ Updated 0.25c_battery: pool_limit 7117.91 → 7118.96 (+1.05 MW, per_pool_limit=3559.48 MWh/period from external)
    ✓ Updated hydrogen_battery: pool_limit 15.42 → 15.42 (+0.00 MW, per_pool_limit=7.71 MWh/period from external)
    ✓ Updated 0.5c_battery: pool_limit 50706.64 → 50747.20 (+40.56 MW, per_pool_limit=25373.60 MWh/period from external)
    ✓ Updated 1c_battery: pool_limit 1542.17 → 1543.41 (+1.23 MW, per_pool_limit=771.70 MWh/period from external)
    ✓ Updated 0.25c_battery: pool_limit 7118.96 → 7124.66 (+5.69 MW, per_pool_limit=3562.33 MWh/period from external)
    ✓ Updated hydrogen_battery: pool_limit 15.42 → 15.43 (+0.01 MW, per_pool_limit=7.72 MWh/period from external)
    ✓ Updated 0.5c_battery: pool_limit 50747.20 → 50783.35 (+36.15 MW, per_pool_limit=25391.68 MWh/period from external)
    ✓ Updated 1c_battery: pool_limit 1543.41 → 1544.51 (+1.10 MW, per_pool_limit=772.25 MWh/period from external)
    ✓ Updated 0.25c_battery: pool_limit 7124.66 → 7129.73 (+5.08 MW, per_pool_limit=3564.87 MWh/period from external)
    ✓ Updated hydrogen_battery: pool_limit 15.43 → 15.45 (+0.01 MW, per_pool_limit=7.72 MWh/period from external)
    ✓ Updated 0.5c_battery: pool_limit 50783.35 → 50842.41 (+59.05 MW, per_pool_limit=25421.20 MWh/period from external)
    ✓ Updated 1c_battery: pool_limit 1544.51 → 1546.30 (+1.80 MW, per_pool_limit=773.15 MWh/period from external)
    ✓ Updated 0.25c_battery: pool_limit 7129.73 → 7138.02 (+8.29 MW, per_pool_limit=3569.01 MWh/period from external)
    ✓ Updated hydrogen_battery: pool_limit 15.45 → 15.46 (+0.02 MW, per_pool_limit=7.73 MWh/period from external)
    ✓ Updated 0.5c_battery: pool_limit 50842.41 → 50846.03 (+3.62 MW, per_pool_limit=25423.01 MWh/period from external)
    ✓ Updated 1c_battery: pool_limit 1546.30 → 1546.41 (+0.11 MW, per_pool_limit=773.21 MWh/period from external)
    ✓ Updated 0.25c_battery: pool_limit 7138.02 → 7138.53 (+0.51 MW, per_pool_limit=3569.26 MWh/period from external)
    ✓ Updated hydrogen_battery: pool_limit 15.46 → 15.46 (+0.00 MW, per_pool_limit=7.73 MWh/period from external)
    ✓ Updated 0.5c_battery: pool_limit 50846.03 → 50970.99 (+124.96 MW, per_pool_limit=25485.49 MWh/period from external)
    ✓ Updated 1c_battery: pool_limit 1546.41 → 1550.21 (+3.80 MW, per_pool_limit=775.11 MWh/period from external)
    ✓ Updated 0.25c_battery: pool_limit 7138.53 → 7156.07 (+17.54 MW, per_pool_limit=3578.04 MWh/period from external)
    ✓ Updated hydrogen_battery: pool_limit 15.46 → 15.50 (+0.04 MW, per_pool_limit=7.75 MWh/period from external)
    ✓ Updated 0.5c_battery: pool_limit 50970.99 → 51036.89 (+65.90 MW, per_pool_limit=25518.44 MWh/period from external)
    ✓ Updated 1c_battery: pool_limit 1550.21 → 1552.22 (+2.00 MW, per_pool_limit=776.11 MWh/period from external)
    ✓ Updated 0.25c_battery: pool_limit 7156.07 → 7165.33 (+9.25 MW, per_pool_limit=3582.66 MWh/period from external)
    ✓ Updated hydrogen_battery: pool_limit 15.50 → 15.52 (+0.02 MW, per_pool_limit=7.76 MWh/period from external)
    ✓ Updated 0.5c_battery: pool_limit 51036.89 → 51073.14 (+36.25 MW, per_pool_limit=25536.57 MWh/period from external)
    ✓ Updated 1c_battery: pool_limit 1552.22 → 1553.32 (+1.10 MW, per_pool_limit=776.66 MWh/period from external)
    ✓ Updated 0.25c_battery: pool_limit 7165.33 → 7170.41 (+5.09 MW, per_pool_limit=3585.21 MWh/period from external)
    ✓ Updated hydrogen_battery: pool_limit 15.52 → 15.53 (+0.01 MW, per_pool_limit=7.77 MWh/period from external)
    ✓ Updated 0.5c_battery: pool_limit 51073.14 → 51094.23 (+21.10 MW, per_pool_limit=25547.12 MWh/period from external)
    ✓ Updated 1c_battery: pool_limit 1553.32 → 1553.96 (+0.64 MW, per_pool_limit=776.98 MWh/period from external)
    ✓ Updated 0.25c_battery: pool_limit 7170.41 → 7173.38 (+2.96 MW, per_pool_limit=3586.69 MWh/period from external)
    ✓ Updated hydrogen_battery: pool_limit 15.53 → 15.54 (+0.01 MW, per_pool_limit=7.77 MWh/period from external)
    ✓ Updated 0.5c_battery: pool_limit 51094.23 → 51111.75 (+17.52 MW, per_pool_limit=25555.87 MWh/period from external)
    ✓ Updated 1c_battery: pool_limit 1553.96 → 1554.49 (+0.53 MW, per_pool_limit=777.25 MWh/period from external)
    ✓ Updated 0.25c_battery: pool_limit 7173.38 → 7175.84 (+2.46 MW, per_pool_limit=3587.92 MWh/period from external)
    ✓ Updated hydrogen_battery: pool_limit 15.54 → 15.54 (+0.01 MW, per_pool_limit=7.77 MWh/period from external)
    ✓ Updated 0.5c_battery: pool_limit 51111.75 → 51236.22 (+124.47 MW, per_pool_limit=25618.11 MWh/period from external)
    ✓ Updated 1c_battery: pool_limit 1554.49 → 1558.28 (+3.79 MW, per_pool_limit=779.14 MWh/period from external)
    ✓ Updated 0.25c_battery: pool_limit 7175.84 → 7193.31 (+17.47 MW, per_pool_limit=3596.66 MWh/period from external)
    ✓ Updated hydrogen_battery: pool_limit 15.54 → 15.58 (+0.04 MW, per_pool_limit=7.79 MWh/period from external)
    ✓ Updated 0.5c_battery: pool_limit 51236.22 → 51257.56 (+21.35 MW, per_pool_limit=25628.78 MWh/period from external)
    ✓ Updated 1c_battery: pool_limit 1558.28 → 1558.93 (+0.65 MW, per_pool_limit=779.46 MWh/period from external)
    ✓ Updated 0.25c_battery: pool_limit 7193.31 → 7196.31 (+3.00 MW, per_pool_limit=3598.15 MWh/period from external)
    ✓ Updated hydrogen_battery: pool_limit 15.58 → 15.59 (+0.01 MW, per_pool_limit=7.79 MWh/period from external)
    ✓ Updated 0.5c_battery: pool_limit 51257.56 → 51300.26 (+42.69 MW, per_pool_limit=25650.13 MWh/period from external)
    ✓ Updated 1c_battery: pool_limit 1558.93 → 1560.23 (+1.30 MW, per_pool_limit=780.11 MWh/period from external)
    ✓ Updated 0.25c_battery: pool_limit 7196.31 → 7202.30 (+5.99 MW, per_pool_limit=3601.15 MWh/period from external)
    ✓ Updated hydrogen_battery: pool_limit 15.59 → 15.60 (+0.01 MW, per_pool_limit=7.80 MWh/period from external)
    ✓ Updated 0.5c_battery: pool_limit 51300.26 → 51440.90 (+140.64 MW, per_pool_limit=25720.45 MWh/period from external)
    ✓ Updated 1c_battery: pool_limit 1560.23 → 1564.50 (+4.28 MW, per_pool_limit=782.25 MWh/period from external)
    ✓ Updated 0.25c_battery: pool_limit 7202.30 → 7222.05 (+19.75 MW, per_pool_limit=3611.02 MWh/period from external)
    ✓ Updated hydrogen_battery: pool_limit 15.60 → 15.65 (+0.04 MW, per_pool_limit=7.82 MWh/period from external)
    ✓ Updated 0.5c_battery: pool_limit 51440.90 → 51524.11 (+83.21 MW, per_pool_limit=25762.05 MWh/period from external)
    ✓ Updated 1c_battery: pool_limit 1564.50 → 1567.03 (+2.53 MW, per_pool_limit=783.52 MWh/period from external)
    ✓ Updated 0.25c_battery: pool_limit 7222.05 → 7233.73 (+11.68 MW, per_pool_limit=3616.86 MWh/period from external)
    ✓ Updated hydrogen_battery: pool_limit 15.65 → 15.67 (+0.03 MW, per_pool_limit=7.84 MWh/period from external)
    ✓ Updated 0.5c_battery: pool_limit 51524.11 → 51595.26 (+71.16 MW, per_pool_limit=25797.63 MWh/period from external)
    ✓ Updated 1c_battery: pool_limit 1567.03 → 1569.20 (+2.16 MW, per_pool_limit=784.60 MWh/period from external)
    ✓ Updated 0.25c_battery: pool_limit 7233.73 → 7243.72 (+9.99 MW, per_pool_limit=3621.86 MWh/period from external)
    ✓ Updated hydrogen_battery: pool_limit 15.67 → 15.69 (+0.02 MW, per_pool_limit=7.85 MWh/period from external)
    ✓ Updated 0.5c_battery: pool_limit 51595.26 → 51603.65 (+8.39 MW, per_pool_limit=25801.83 MWh/period from external)
    ✓ Updated 1c_battery: pool_limit 1569.20 → 1569.45 (+0.26 MW, per_pool_limit=784.73 MWh/period from external)
    ✓ Updated 0.25c_battery: pool_limit 7243.72 → 7244.90 (+1.18 MW, per_pool_limit=3622.45 MWh/period from external)
    ✓ Updated hydrogen_battery: pool_limit 15.69 → 15.69 (+0.00 MW, per_pool_limit=7.85 MWh/period from external)
    ✓ Updated 0.5c_battery: pool_limit 51603.65 → 51634.83 (+31.18 MW, per_pool_limit=25817.41 MWh/period from external)
    ✓ Updated 1c_battery: pool_limit 1569.45 → 1570.40 (+0.95 MW, per_pool_limit=785.20 MWh/period from external)
    ✓ Updated 0.25c_battery: pool_limit 7244.90 → 7249.27 (+4.38 MW, per_pool_limit=3624.64 MWh/period from external)
    ✓ Updated hydrogen_battery: pool_limit 15.69 → 15.70 (+0.01 MW, per_pool_limit=7.85 MWh/period from external)
    ✓ Updated 0.5c_battery: pool_limit 51634.83 → 51670.41 (+35.58 MW, per_pool_limit=25835.20 MWh/period from external)
    ✓ Updated 1c_battery: pool_limit 1570.40 → 1571.48 (+1.08 MW, per_pool_limit=785.74 MWh/period from external)
    ✓ Updated 0.25c_battery: pool_limit 7249.27 → 7254.27 (+5.00 MW, per_pool_limit=3627.13 MWh/period from external)
    ✓ Updated hydrogen_battery: pool_limit 15.70 → 15.71 (+0.01 MW, per_pool_limit=7.86 MWh/period from external)
    ✓ Updated 0.5c_battery: pool_limit 51670.41 → 51701.65 (+31.24 MW, per_pool_limit=25850.82 MWh/period from external)
    ✓ Updated 1c_battery: pool_limit 1571.48 → 1572.43 (+0.95 MW, per_pool_limit=786.22 MWh/period from external)
    ✓ Updated 0.25c_battery: pool_limit 7254.27 → 7258.65 (+4.39 MW, per_pool_limit=3629.33 MWh/period from external)
    ✓ Updated hydrogen_battery: pool_limit 15.71 → 15.72 (+0.01 MW, per_pool_limit=7.86 MWh/period from external)
    ✓ Updated 0.5c_battery: pool_limit 51701.65 → 51782.54 (+80.89 MW, per_pool_limit=25891.27 MWh/period from external)
    ✓ Updated 1c_battery: pool_limit 1572.43 → 1574.89 (+2.46 MW, per_pool_limit=787.45 MWh/period from external)
    ✓ Updated 0.25c_battery: pool_limit 7258.65 → 7270.01 (+11.36 MW, per_pool_limit=3635.01 MWh/period from external)
    ✓ Updated hydrogen_battery: pool_limit 15.72 → 15.75 (+0.02 MW, per_pool_limit=7.87 MWh/period from external)
    ✓ Updated 0.5c_battery: pool_limit 51782.54 → 51849.11 (+66.57 MW, per_pool_limit=25924.55 MWh/period from external)
    ✓ Updated 1c_battery: pool_limit 1574.89 → 1576.92 (+2.02 MW, per_pool_limit=788.46 MWh/period from external)
    ✓ Updated 0.25c_battery: pool_limit 7270.01 → 7279.36 (+9.35 MW, per_pool_limit=3639.68 MWh/period from external)
    ✓ Updated hydrogen_battery: pool_limit 15.75 → 15.77 (+0.02 MW, per_pool_limit=7.88 MWh/period from external)
    ✓ Updated 0.5c_battery: pool_limit 51849.11 → 51885.80 (+36.70 MW, per_pool_limit=25942.90 MWh/period from external)
    ✓ Updated 1c_battery: pool_limit 1576.92 → 1578.04 (+1.12 MW, per_pool_limit=789.02 MWh/period from external)
    ✓ Updated 0.25c_battery: pool_limit 7279.36 → 7284.51 (+5.15 MW, per_pool_limit=3642.25 MWh/period from external)
    ✓ Updated hydrogen_battery: pool_limit 15.77 → 15.78 (+0.01 MW, per_pool_limit=7.89 MWh/period from external)
    ✓ Updated 0.5c_battery: pool_limit 51885.80 → 51911.16 (+25.35 MW, per_pool_limit=25955.58 MWh/period from external)
    ✓ Updated 1c_battery: pool_limit 1578.04 → 1578.81 (+0.77 MW, per_pool_limit=789.40 MWh/period from external)
    ✓ Updated 0.25c_battery: pool_limit 7284.51 → 7288.07 (+3.56 MW, per_pool_limit=3644.03 MWh/period from external)
    ✓ Updated hydrogen_battery: pool_limit 15.78 → 15.79 (+0.01 MW, per_pool_limit=7.89 MWh/period from external)
    📊 Allocating 2000.00 MW offshore capacity (no location data) across 21 generators (total existing: 20462.00 MW)
      ✓ offshore1: 452.1MW → 496.2MW (+44.19 MW, 2.21% share, proportional)
      ✓ offshore10: 667.7MW → 733.0MW (+65.26 MW, 3.26% share, proportional)
      ✓ offshore11: 557.6MW → 612.1MW (+54.50 MW, 2.72% share, proportional)
      ✓ offshore12: 819.7MW → 899.8MW (+80.11 MW, 4.01% share, proportional)
      ✓ offshore13: 1078.9MW → 1184.4MW (+105.46 MW, 5.27% share, proportional)
      ✓ offshore15: 1770.1MW → 1943.1MW (+173.01 MW, 8.65% share, proportional)
      ✓ offshore16: 1174.6MW → 1289.4MW (+114.80 MW, 5.74% share, proportional)
      ✓ offshore17: 1380.0MW → 1514.9MW (+134.89 MW, 6.74% share, proportional)
      ✓ offshore18: 1497.1MW → 1643.4MW (+146.33 MW, 7.32% share, proportional)
      ✓ offshore2: 255.9MW → 280.9MW (+25.02 MW, 1.25% share, proportional)
      ✓ offshore20: 86.4MW → 94.9MW (+8.45 MW, 0.42% share, proportional)
      ✓ offshore21: 1636.5MW → 1796.5MW (+159.96 MW, 8.00% share, proportional)
      ✓ offshore3: 3537.9MW → 3883.7MW (+345.80 MW, 17.29% share, proportional)
      ✓ offshore5: 451.6MW → 495.8MW (+44.14 MW, 2.21% share, proportional)
      ✓ offshore6: 1194.6MW → 1311.4MW (+116.77 MW, 5.84% share, proportional)
      ✓ offshore7: 1296.4MW → 1423.1MW (+126.71 MW, 6.34% share, proportional)
      ✓ offshore8: 1739.2MW → 1909.2MW (+170.00 MW, 8.50% share, proportional)
      ✓ offshore9: 865.7MW → 950.3MW (+84.61 MW, 4.23% share, proportional)
      ✓ solar_Bournemouth: 3686.8MW → 3964.2MW (+277.39 MW, location-based assignment, distance: N/A km)
      ✓ solar_Cardiff: 1594.8MW → 1686.4MW (+91.62 MW, location-based assignment, distance: N/A km)
      ✓ solar_Edinburgh: 1450.4MW → 1505.5MW (+55.11 MW, location-based assignment, distance: N/A km)
      ✓ solar_Ipswich: 3119.0MW → 3325.5MW (+206.58 MW, location-based assignment, distance: N/A km)
      ✓ solar_London: 64.4MW → 66.3MW (+1.86 MW, location-based assignment, distance: N/A km)
      ✓ solar_Manchester: 626.1MW → 658.9MW (+32.78 MW, location-based assignment, distance: N/A km)
      ✓ solar_Newcastle: 716.6MW → 745.8MW (+29.18 MW, location-based assignment, distance: N/A km)
      ✓ solar_Nottingham: 4944.1MW → 5133.0MW (+188.93 MW, location-based assignment, distance: N/A km)
      ✓ solar_Portsmouth: 4256.5MW → 4564.0MW (+307.48 MW, location-based assignment, distance: N/A km)
      ✓ solar_Sheffield: 2216.8MW → 2340.9MW (+124.16 MW, location-based assignment, distance: N/A km)
      ✓ solar_Birmingham: 1640.1MW → 1741.8MW (+101.77 MW, location-based assignment, distance: N/A km)

--- Starting Iteration 4: Electricity Market Simulation (Case 3: Decarbonization Cost to VRE + CM Cost to CCGT/OCGT) ---
--- Iteration 4: calling run_simulation(periods=17520, generators=48, batteries=5) ---
尝试打开wind文件: F:\newfinalweather\average_annual_wind_profile.nc
文件是否存在: True
Using cached weather profiles.
--- Iteration 4: run_simulation returned. Processing results. ---
--- Iteration 4: Simulation Finished. Starting Investment Analysis (Case 3) ---
--- Iteration 4: Adding 5 assets with zero income to analysis ---
  ⚠ Warning: Found 3 assets with capacity > 10,000 MW:
      0.5c_battery: 51911.16 MW (asset_type: 0.5c_battery)
      CCGT: 28000.00 MW (asset_type: CCGT)
      onshore_Edinburgh: 10865.35 MW (asset_type: onshore)
✓ Fast investment analysis saved to C:\Users\86150\Desktop\five_scenario_include_uncertain_freq_cap_runs\07_future_subsidy_as_usual_2025_2035_20260718_decarb_virtual_pool_1000twh_scheme_c\investment_analysis_trace.sqlite
  System Cost: £49.93bn | Cost/MWh: £214.83
  📊 Total VRE profiles recorded for year 2028
      CAPACITY EXPANSION:
         - Solar: 25732.40 MW | Onshore: 14982.30 MW | Offshore: 22462.00 MW
         - Total VRE Capacity: 63176.70 MW
      GENERATION:
         - Total VRE Generation: 175.49 TWh
         - Total Thermal Generation: 56.94 TWh
         - Total Generation (VRE+Thermal): 232.43 TWh
         - Total Forecast Demand: 233.11 TWh
      EXCESS ANALYSIS:
         - Excess BEFORE storage/interconn: 0.05 TWh (VRE - Forecast)
         - Excess AFTER storage/interconn: 19.46 TWh (final excess)
         - Absorbed by storage/interconn: 0.00 TWh
         - Storage Capacity: 65235.11 MW
         - Excess/VRE Ratio (after): 11.09%
         - Excess/VRE Ratio (before): 0.03%
  📊 Edinburgh onshore wind generation recorded for year 2028 (Capacity: 10865.35 MW, Generation: 75659355.25 MWh)
    🔋 Battery Investment: 0.25c_battery - Recommendation: Invest_High, Current: 8351.46 MW, Suggested: 12789.19 MW, Add: 4437.74 MW, ROI: 0.1371
✓ Checkpoint saved after 2028: C:\Users\86150\Desktop\five_scenario_include_uncertain_freq_cap_runs\07_future_subsidy_as_usual_2025_2035_20260718_decarb_virtual_pool_1000twh_scheme_c\checkpoints\case3_v2_subsidy_as_usual_checkpoint.pkl

==================== YEAR 2029 (CASE 3) ====================
--- Year 2029: Updating Pumped Hydro capacity as per schedule to 3587.9 MW ---
--- Year 2029: Updating Pumped Hydro energy storage as per schedule to 31800 MWh ---
  📦 Projects completing in 2029: 54 (5770.76 MW)
      - External (REPD): 38 projects (986.78 MW)
      - Model-driven: 16 projects (4783.98 MW)
      ✓ onshore_Ipswich: 453.2MW → 458.1MW (+4.89 MW, location-based assignment, distance: N/A km)
      ✓ onshore_Edinburgh: 10865.3MW → 10970.3MW (+105.00 MW, location-based assignment, distance: N/A km)
      ✓ onshore_Edinburgh: 10970.3MW → 11012.2MW (+41.87 MW, location-based assignment, distance: N/A km)
      ✓ onshore_Edinburgh: 11012.2MW → 11032.0MW (+19.80 MW, location-based assignment, distance: N/A km)
      ✓ onshore_Edinburgh: 11032.0MW → 11036.5MW (+4.51 MW, location-based assignment, distance: N/A km)
      ✓ onshore_Bournemouth: 284.9MW → 294.2MW (+9.30 MW, location-based assignment, distance: N/A km)
      ✓ onshore_Edinburgh: 11036.5MW → 11106.5MW (+70.00 MW, location-based assignment, distance: N/A km)
      ✓ onshore_Edinburgh: 11106.5MW → 11122.0MW (+15.46 MW, location-based assignment, distance: N/A km)
      ✓ onshore_Cardiff: 1252.2MW → 1274.0MW (+21.77 MW, location-based assignment, distance: N/A km)
      ✓ onshore_Cardiff: 1274.0MW → 1274.8MW (+0.82 MW, location-based assignment, distance: N/A km)
      ✓ onshore_Edinburgh: 11122.0MW → 11126.9MW (+4.94 MW, location-based assignment, distance: N/A km)
      ✓ onshore_Edinburgh: 11126.9MW → 11167.2MW (+40.26 MW, location-based assignment, distance: N/A km)
      ✓ onshore_Cardiff: 1274.8MW → 1304.8MW (+30.01 MW, location-based assignment, distance: N/A km)
      ✓ onshore_Edinburgh: 11167.2MW → 11223.9MW (+56.68 MW, location-based assignment, distance: N/A km)
      ✓ onshore_Edinburgh: 11223.9MW → 11259.3MW (+35.43 MW, location-based assignment, distance: N/A km)
      ✓ onshore_Edinburgh: 11259.3MW → 11278.6MW (+19.32 MW, location-based assignment, distance: N/A km)
      ✓ onshore_Edinburgh: 11278.6MW → 11321.1MW (+42.51 MW, location-based assignment, distance: N/A km)
      ✓ onshore_Cardiff: 1304.8MW → 1315.8MW (+10.99 MW, location-based assignment, distance: N/A km)
      ✓ onshore_Edinburgh: 11321.1MW → 11331.7MW (+10.63 MW, location-based assignment, distance: N/A km)
      ✓ onshore_Edinburgh: 11331.7MW → 11334.0MW (+2.25 MW, location-based assignment, distance: N/A km)
      ✓ onshore_Edinburgh: 11334.0MW → 11389.8MW (+55.82 MW, location-based assignment, distance: N/A km)
      ✓ onshore_Edinburgh: 11389.8MW → 11416.4MW (+26.62 MW, location-based assignment, distance: N/A km)
      ✓ onshore_Edinburgh: 11416.4MW → 11483.8MW (+67.31 MW, location-based assignment, distance: N/A km)
      ✓ onshore_Cardiff: 1315.8MW → 1317.8MW (+1.98 MW, location-based assignment, distance: N/A km)
      ✓ onshore_Edinburgh: 11483.8MW → 11507.9MW (+24.15 MW, location-based assignment, distance: N/A km)
      ✓ onshore_Cardiff: 1317.8MW → 1319.7MW (+1.92 MW, location-based assignment, distance: N/A km)
      ✓ onshore_Edinburgh: 11507.9MW → 11518.2MW (+10.31 MW, location-based assignment, distance: N/A km)
      ✓ onshore_Bournemouth: 294.2MW → 303.7MW (+9.51 MW, location-based assignment, distance: N/A km)
      ✓ onshore_Newcastle: 473.7MW → 489.5MW (+15.75 MW, location-based assignment, distance: N/A km)
      ✓ onshore_Edinburgh: 11518.2MW → 11550.1MW (+31.88 MW, location-based assignment, distance: N/A km)
      ✓ onshore_Edinburgh: 11550.1MW → 11602.7MW (+52.60 MW, location-based assignment, distance: N/A km)
      ✓ onshore_Edinburgh: 11602.7MW → 11604.9MW (+2.25 MW, location-based assignment, distance: N/A km)
      ✓ onshore_Edinburgh: 11604.9MW → 11676.3MW (+71.39 MW, location-based assignment, distance: N/A km)
      ✓ onshore_Edinburgh: 11676.3MW → 11676.9MW (+0.54 MW, location-based assignment, distance: N/A km)
      ✓ onshore_Cardiff: 1319.7MW → 1336.4MW (+16.71 MW, location-based assignment, distance: N/A km)
      ✓ onshore_Cardiff: 1336.4MW → 1338.1MW (+1.65 MW, location-based assignment, distance: N/A km)
      ✓ onshore_Cardiff: 1338.1MW → 1411.6MW (+73.54 MW, location-based assignment, distance: N/A km)
      ✓ onshore_Ipswich: 458.1MW → 492.1MW (+33.97 MW, location-based assignment, distance: N/A km)
      ✓ onshore_Manchester: 467.3MW → 489.6MW (+22.29 MW, location-based assignment, distance: N/A km)
      ✓ onshore_Newcastle: 489.5MW → 517.4MW (+27.93 MW, location-based assignment, distance: N/A km)
    📊 Allocating 49.94 MW onshore capacity (no location data) across 11 generators (total existing: 16076.88 MW)
      ✓ onshore_Birmingham: 9.4MW → 9.4MW (+0.03 MW, 0.06% share, proportional)
      ✓ onshore_Bournemouth: 303.7MW → 304.7MW (+0.94 MW, 1.89% share, proportional)
      ✓ onshore_Cardiff: 1411.6MW → 1416.0MW (+4.39 MW, 8.78% share, proportional)
      ✓ onshore_Edinburgh: 11676.9MW → 11713.1MW (+36.27 MW, 72.63% share, proportional)
      ✓ onshore_Ipswich: 492.1MW → 493.6MW (+1.53 MW, 3.06% share, proportional)
      ✓ onshore_London: 12.6MW → 12.6MW (+0.04 MW, 0.08% share, proportional)
      ✓ onshore_Manchester: 489.6MW → 491.1MW (+1.52 MW, 3.05% share, proportional)
      ✓ onshore_Newcastle: 517.4MW → 519.0MW (+1.61 MW, 3.22% share, proportional)
      ✓ onshore_Nottingham: 398.5MW → 399.7MW (+1.24 MW, 2.48% share, proportional)
      ✓ onshore_Portsmouth: 112.9MW → 113.3MW (+0.35 MW, 0.70% share, proportional)
      ✓ onshore_Sheffield: 652.2MW → 654.2MW (+2.03 MW, 4.06% share, proportional)
      ✓ solar_Bournemouth: 3964.2MW → 4200.2MW (+235.96 MW, location-based assignment, distance: N/A km)
      ✓ solar_Cardiff: 1686.4MW → 1784.0MW (+97.56 MW, location-based assignment, distance: N/A km)
      ✓ solar_Edinburgh: 1505.5MW → 1594.5MW (+89.00 MW, location-based assignment, distance: N/A km)
      ✓ solar_Ipswich: 3325.5MW → 3532.2MW (+206.61 MW, location-based assignment, distance: N/A km)
      ✓ solar_London: 66.3MW → 70.4MW (+4.08 MW, location-based assignment, distance: N/A km)
      ✓ solar_Manchester: 658.9MW → 695.9MW (+37.07 MW, location-based assignment, distance: N/A km)
      ✓ solar_Newcastle: 745.8MW → 793.8MW (+48.04 MW, location-based assignment, distance: N/A km)
      ✓ solar_Nottingham: 5133.0MW → 5431.7MW (+298.74 MW, location-based assignment, distance: N/A km)
      ✓ solar_Portsmouth: 4564.0MW → 4847.1MW (+283.08 MW, location-based assignment, distance: N/A km)
      ✓ solar_Sheffield: 2340.9MW → 2483.8MW (+142.91 MW, location-based assignment, distance: N/A km)
      ✓ solar_Birmingham: 1741.8MW → 1842.9MW (+101.03 MW, location-based assignment, distance: N/A km)

--- Starting Iteration 5: Electricity Market Simulation (Case 3: Decarbonization Cost to VRE + CM Cost to CCGT/OCGT) ---
--- Iteration 5: calling run_simulation(periods=17520, generators=48, batteries=5) ---
尝试打开wind文件: F:\newfinalweather\average_annual_wind_profile.nc
文件是否存在: True
Using cached weather profiles.
--- Iteration 5: run_simulation returned. Processing results. ---
--- Iteration 5: Simulation Finished. Starting Investment Analysis (Case 3) ---
--- Iteration 5: Adding 5 assets with zero income to analysis ---
  ⚠ Warning: Found 4 assets with capacity > 10,000 MW:
      0.25c_battery: 11433.61 MW (asset_type: 0.25c_battery)
      0.5c_battery: 51911.16 MW (asset_type: 0.5c_battery)
      CCGT: 28000.00 MW (asset_type: CCGT)
      onshore_Edinburgh: 11713.15 MW (asset_type: onshore)

================================================================================
REVENUE-TO-INVESTMENT VERIFICATION (Iteration 5)
================================================================================

  1C_BATTERY:
    Total Income: 7,330,978.47 GBP
    Total Net Revenue: 7,330,978.47 GBP
    Current Capacity: 1578.81 MW
    Suggested Capacity: 1578.81 MW
    Capacity Change: +0.00 MW
    Recommendations: {'Do_Nothing': 1}
    ⚠️  WARNING: Has revenue (7,330,978.47 GBP) but no capacity expansion!
      - 1c_battery: Income=7,330,978.47, Net Revenue=7,330,978.47, ROI=0.0141, Recommendation=Do_Nothing, Capacity Change=0.00 MW

  0.5C_BATTERY:
    Total Income: 704,768,587.83 GBP
    Total Net Revenue: 704,768,587.83 GBP
    Current Capacity: 51911.16 MW
    Suggested Capacity: 51911.16 MW
    Capacity Change: +0.00 MW
    Recommendations: {'Do_Nothing': 1}
    ⚠️  WARNING: Has revenue (704,768,587.83 GBP) but no capacity expansion!
      - 0.5c_battery: Income=704,768,587.83, Net Revenue=704,768,587.83, ROI=0.0388, Recommendation=Do_Nothing, Capacity Change=0.00 MW

  0.25C_BATTERY:
    Total Income: 625,385,381.20 GBP
    Total Net Revenue: 625,385,381.20 GBP
    Current Capacity: 11433.61 MW
    Suggested Capacity: 16316.31 MW
    Capacity Change: +4882.70 MW
    Recommendations: {'Invest_High': 1}

  OFFSHORE:
    Total Income: 3,224,561,302.02 GBP
    Total Net Revenue: 3,224,552,105.44 GBP
    Current Capacity: 22462.00 MW
    Suggested Capacity: 23211.59 MW
    Capacity Change: +749.59 MW
    Recommendations: {'Invest_Profit': 15, 'Do_Nothing': 6}

  ONSHORE:
    Total Income: 1,400,555,347.67 GBP
    Total Net Revenue: 1,400,549,624.23 GBP
    Current Capacity: 16126.82 MW
    Suggested Capacity: 17008.78 MW
    Capacity Change: +881.96 MW
    Recommendations: {'Invest_Profit': 8, 'Invest_High': 3}

  SOLAR:
    Total Income: 1,164,762,998.39 GBP
    Total Net Revenue: 1,164,760,155.12 GBP
    Current Capacity: 27276.48 MW
    Suggested Capacity: 29043.95 MW
    Capacity Change: +1767.47 MW
    Recommendations: {'Invest_Profit': 11}

================================================================================

  V2 Agent investable decarb £933.0m is included as agent revenue only; it is not converted into a direct MW top-up.
✓ Fast investment analysis saved to C:\Users\86150\Desktop\five_scenario_include_uncertain_freq_cap_runs\07_future_subsidy_as_usual_2025_2035_20260718_decarb_virtual_pool_1000twh_scheme_c\investment_analysis_trace.sqlite
  System Cost: £51.11bn | Cost/MWh: £220.08
  📊 Total VRE profiles recorded for year 2029
      CAPACITY EXPANSION:
         - Solar: 27276.48 MW | Onshore: 16126.82 MW | Offshore: 22462.00 MW
         - Total VRE Capacity: 65865.30 MW
      GENERATION:
         - Total VRE Generation: 177.63 TWh
         - Total Thermal Generation: 54.62 TWh
         - Total Generation (VRE+Thermal): 232.25 TWh
         - Total Forecast Demand: 233.11 TWh
      EXCESS ANALYSIS:
         - Excess BEFORE storage/interconn: 0.05 TWh (VRE - Forecast)
         - Excess AFTER storage/interconn: 22.56 TWh (final excess)
         - Absorbed by storage/interconn: 0.00 TWh
         - Storage Capacity: 68527.26 MW
         - Excess/VRE Ratio (after): 12.70%
         - Excess/VRE Ratio (before): 0.03%
  📊 Edinburgh onshore wind generation recorded for year 2029 (Capacity: 11713.15 MW, Generation: 81351559.42 MWh)
    🔋 Battery Investment: 0.25c_battery - Recommendation: Invest_High, Current: 11433.61 MW, Suggested: 16316.31 MW, Add: 4882.70 MW, ROI: 0.1318
✓ Checkpoint saved after 2029: C:\Users\86150\Desktop\five_scenario_include_uncertain_freq_cap_runs\07_future_subsidy_as_usual_2025_2035_20260718_decarb_virtual_pool_1000twh_scheme_c\checkpoints\case3_v2_subsidy_as_usual_checkpoint.pkl

==================== YEAR 2030 (CASE 3) ====================
--- Year 2030: Updating Pumped Hydro capacity as per schedule to 4187.9 MW ---
--- Year 2030: Updating Pumped Hydro energy storage as per schedule to 40800 MWh ---
  📦 Projects completing in 2030: 188 (12783.63 MW)
      - External (REPD): 162 projects (5613.80 MW)
      - Model-driven: 26 projects (7169.83 MW)
      ✓ onshore_Bournemouth: 304.7MW → 307.9MW (+3.30 MW, location-based assignment, distance: N/A km)
      ✓ onshore_Ipswich: 493.6MW → 498.5MW (+4.89 MW, location-based assignment, distance: N/A km)
      ✓ onshore_Ipswich: 498.5MW → 503.4MW (+4.89 MW, location-based assignment, distance: N/A km)
      ✓ onshore_Edinburgh: 11713.1MW → 11756.1MW (+42.94 MW, location-based assignment, distance: N/A km)
      ✓ onshore_Edinburgh: 11756.1MW → 11809.8MW (+53.67 MW, location-based assignment, distance: N/A km)
      ✓ onshore_Edinburgh: 11809.8MW → 11812.4MW (+2.68 MW, location-based assignment, distance: N/A km)
      ✓ onshore_Birmingham: 9.4MW → 13.3MW (+3.91 MW, location-based assignment, distance: N/A km)
      ✓ onshore_Edinburgh: 11812.4MW → 11839.2MW (+26.78 MW, location-based assignment, distance: N/A km)
      ✓ onshore_Nottingham: 399.7MW → 423.9MW (+24.19 MW, location-based assignment, distance: N/A km)
      ✓ onshore_Bournemouth: 307.9MW → 309.0MW (+1.01 MW, location-based assignment, distance: N/A km)
      ✓ onshore_Edinburgh: 11839.2MW → 11898.8MW (+59.58 MW, location-based assignment, distance: N/A km)
      ✓ onshore_Edinburgh: 11898.8MW → 11966.4MW (+67.63 MW, location-based assignment, distance: N/A km)
      ✓ onshore_Edinburgh: 11966.4MW → 11984.5MW (+18.03 MW, location-based assignment, distance: N/A km)
      ✓ onshore_Edinburgh: 11984.5MW → 12003.8MW (+19.32 MW, location-based assignment, distance: N/A km)
      ✓ onshore_Edinburgh: 12003.8MW → 12012.2MW (+8.40 MW, location-based assignment, distance: N/A km)
      ✓ onshore_Edinburgh: 12012.2MW → 12021.9MW (+9.66 MW, location-based assignment, distance: N/A km)
      ✓ onshore_Edinburgh: 12021.9MW → 12037.6MW (+15.78 MW, location-based assignment, distance: N/A km)
      ✓ onshore_Edinburgh: 12037.6MW → 12064.5MW (+26.84 MW, location-based assignment, distance: N/A km)
      ✓ onshore_Edinburgh: 12064.5MW → 12096.4MW (+31.88 MW, location-based assignment, distance: N/A km)
      ✓ onshore_Edinburgh: 12096.4MW → 12130.2MW (+33.82 MW, location-based assignment, distance: N/A km)
      ✓ onshore_Cardiff: 1416.0MW → 1501.0MW (+85.00 MW, location-based assignment, distance: N/A km)
      ✓ onshore_Edinburgh: 12130.2MW → 12197.4MW (+67.20 MW, location-based assignment, distance: N/A km)
      ✓ onshore_Edinburgh: 12197.4MW → 12202.7MW (+5.37 MW, location-based assignment, distance: N/A km)
      ✓ onshore_Edinburgh: 12202.7MW → 12226.9MW (+24.15 MW, location-based assignment, distance: N/A km)
      ✓ onshore_Edinburgh: 12226.9MW → 12273.1MW (+46.16 MW, location-based assignment, distance: N/A km)
      ✓ onshore_Edinburgh: 12273.1MW → 12322.4MW (+49.38 MW, location-based assignment, distance: N/A km)
      ✓ onshore_Edinburgh: 12322.4MW → 12335.3MW (+12.88 MW, location-based assignment, distance: N/A km)
      ✓ onshore_Edinburgh: 12335.3MW → 12395.3MW (+60.00 MW, location-based assignment, distance: N/A km)
      ✓ onshore_Edinburgh: 12395.3MW → 12421.1MW (+25.76 MW, location-based assignment, distance: N/A km)
      ✓ onshore_Edinburgh: 12421.1MW → 12500.0MW (+78.90 MW, location-based assignment, distance: N/A km)
      ✓ onshore_Edinburgh: 12500.0MW → 12577.9MW (+77.94 MW, location-based assignment, distance: N/A km)
      ✓ onshore_Edinburgh: 12577.9MW → 12580.3MW (+2.42 MW, location-based assignment, distance: N/A km)
      ✓ onshore_Edinburgh: 12580.3MW → 12664.3MW (+84.00 MW, location-based assignment, distance: N/A km)
      ✓ onshore_Edinburgh: 12664.3MW → 12696.2MW (+31.88 MW, location-based assignment, distance: N/A km)
      ✓ onshore_Edinburgh: 12696.2MW → 12741.8MW (+45.62 MW, location-based assignment, distance: N/A km)
      ✓ onshore_Edinburgh: 12741.8MW → 12770.8MW (+28.98 MW, location-based assignment, distance: N/A km)
      ✓ onshore_Edinburgh: 12770.8MW → 12836.8MW (+66.00 MW, location-based assignment, distance: N/A km)
      ✓ onshore_Edinburgh: 12836.8MW → 12922.6MW (+85.80 MW, location-based assignment, distance: N/A km)
      ✓ onshore_Edinburgh: 12922.6MW → 12970.6MW (+48.00 MW, location-based assignment, distance: N/A km)
      ✓ onshore_Edinburgh: 12970.6MW → 12989.0MW (+18.36 MW, location-based assignment, distance: N/A km)
      ✓ onshore_Edinburgh: 12989.0MW → 13176.8MW (+187.86 MW, location-based assignment, distance: N/A km)
      ✓ onshore_Edinburgh: 13176.8MW → 13398.8MW (+222.00 MW, location-based assignment, distance: N/A km)
      ✓ onshore_Cardiff: 1501.0MW → 1519.7MW (+18.69 MW, location-based assignment, distance: N/A km)
      ✓ onshore_Edinburgh: 13398.8MW → 13400.3MW (+1.45 MW, location-based assignment, distance: N/A km)
      ✓ onshore_Edinburgh: 13400.3MW → 13511.9MW (+111.64 MW, location-based assignment, distance: N/A km)
      ✓ onshore_Edinburgh: 13511.9MW → 13578.5MW (+66.60 MW, location-based assignment, distance: N/A km)
      ✓ onshore_Edinburgh: 13578.5MW → 13584.0MW (+5.47 MW, location-based assignment, distance: N/A km)
      ✓ onshore_Cardiff: 1519.7MW → 1612.1MW (+92.40 MW, location-based assignment, distance: N/A km)
      ✓ onshore_Edinburgh: 13584.0MW → 13610.6MW (+26.57 MW, location-based assignment, distance: N/A km)
      ✓ onshore_Edinburgh: 13610.6MW → 13614.8MW (+4.20 MW, location-based assignment, distance: N/A km)
      ✓ onshore_Edinburgh: 13614.8MW → 13643.1MW (+28.34 MW, location-based assignment, distance: N/A km)
      ✓ onshore_Bournemouth: 309.0MW → 313.1MW (+4.10 MW, location-based assignment, distance: N/A km)
      ✓ onshore_Edinburgh: 13643.1MW → 13649.9MW (+6.76 MW, location-based assignment, distance: N/A km)
      ✓ onshore_Edinburgh: 13649.9MW → 13678.9MW (+28.98 MW, location-based assignment, distance: N/A km)
      ✓ onshore_Cardiff: 1612.1MW → 1640.1MW (+28.00 MW, location-based assignment, distance: N/A km)
      ✓ onshore_Cardiff: 1640.1MW → 1711.5MW (+71.46 MW, location-based assignment, distance: N/A km)
      ✓ onshore_Cardiff: 1711.5MW → 1725.9MW (+14.40 MW, location-based assignment, distance: N/A km)
      ✓ onshore_Edinburgh: 13678.9MW → 13738.9MW (+60.00 MW, location-based assignment, distance: N/A km)
      ✓ onshore_Edinburgh: 13738.9MW → 13838.3MW (+99.40 MW, location-based assignment, distance: N/A km)
      ✓ onshore_Edinburgh: 13838.3MW → 13864.9MW (+26.62 MW, location-based assignment, distance: N/A km)
      ✓ onshore_Edinburgh: 13864.9MW → 13886.9MW (+22.01 MW, location-based assignment, distance: N/A km)
      ✓ onshore_Edinburgh: 13886.9MW → 13898.2MW (+11.27 MW, location-based assignment, distance: N/A km)
      ✓ onshore_Edinburgh: 13898.2MW → 13947.8MW (+49.60 MW, location-based assignment, distance: N/A km)
      ✓ onshore_Edinburgh: 13947.8MW → 13978.7MW (+30.92 MW, location-based assignment, distance: N/A km)
      ✓ onshore_Edinburgh: 13978.7MW → 14020.5MW (+41.87 MW, location-based assignment, distance: N/A km)
      ✓ onshore_Edinburgh: 14020.5MW → 14031.3MW (+10.73 MW, location-based assignment, distance: N/A km)
      ✓ onshore_Edinburgh: 14031.3MW → 14063.2MW (+31.88 MW, location-based assignment, distance: N/A km)
      ✓ onshore_Edinburgh: 14063.2MW → 14092.8MW (+29.63 MW, location-based assignment, distance: N/A km)
      ✓ onshore_Edinburgh: 14092.8MW → 14097.9MW (+5.15 MW, location-based assignment, distance: N/A km)
      ✓ onshore_Edinburgh: 14097.9MW → 14155.9MW (+57.97 MW, location-based assignment, distance: N/A km)
      ✓ onshore_Edinburgh: 14155.9MW → 14170.1MW (+14.17 MW, location-based assignment, distance: N/A km)
      ✓ onshore_Edinburgh: 14170.1MW → 14237.7MW (+67.63 MW, location-based assignment, distance: N/A km)
      ✓ onshore_Edinburgh: 14237.7MW → 14404.2MW (+166.50 MW, location-based assignment, distance: N/A km)
      ✓ onshore_Edinburgh: 14404.2MW → 14406.4MW (+2.15 MW, location-based assignment, distance: N/A km)
      ✓ onshore_Edinburgh: 14406.4MW → 14452.3MW (+45.89 MW, location-based assignment, distance: N/A km)
      ✓ onshore_Edinburgh: 14452.3MW → 14460.0MW (+7.73 MW, location-based assignment, distance: N/A km)
      ✓ onshore_Edinburgh: 14460.0MW → 14497.6MW (+37.57 MW, location-based assignment, distance: N/A km)
      ✓ onshore_Edinburgh: 14497.6MW → 14508.8MW (+11.27 MW, location-based assignment, distance: N/A km)
      ✓ onshore_Edinburgh: 14508.8MW → 14540.4MW (+31.56 MW, location-based assignment, distance: N/A km)
      ✓ onshore_Edinburgh: 14540.4MW → 14544.5MW (+4.08 MW, location-based assignment, distance: N/A km)
      ✓ onshore_Edinburgh: 14544.5MW → 14570.0MW (+25.55 MW, location-based assignment, distance: N/A km)
      ✓ onshore_Edinburgh: 14570.0MW → 14623.7MW (+53.67 MW, location-based assignment, distance: N/A km)
      ✓ onshore_Edinburgh: 14623.7MW → 14662.7MW (+38.97 MW, location-based assignment, distance: N/A km)
      ✓ onshore_Edinburgh: 14662.7MW → 14680.4MW (+17.71 MW, location-based assignment, distance: N/A km)
      ✓ onshore_Edinburgh: 14680.4MW → 14734.0MW (+53.67 MW, location-based assignment, distance: N/A km)
      ✓ onshore_Edinburgh: 14734.0MW → 14765.0MW (+30.92 MW, location-based assignment, distance: N/A km)
      ✓ onshore_Edinburgh: 14765.0MW → 14800.4MW (+35.43 MW, location-based assignment, distance: N/A km)
      ✓ onshore_Edinburgh: 14800.4MW → 14816.5MW (+16.10 MW, location-based assignment, distance: N/A km)
      ✓ onshore_Edinburgh: 14816.5MW → 14835.8MW (+19.32 MW, location-based assignment, distance: N/A km)
      ✓ onshore_Edinburgh: 14835.8MW → 14867.7MW (+31.88 MW, location-based assignment, distance: N/A km)
      ✓ onshore_Edinburgh: 14867.7MW → 14868.2MW (+0.54 MW, location-based assignment, distance: N/A km)
      ✓ onshore_Sheffield: 654.2MW → 655.0MW (+0.76 MW, location-based assignment, distance: N/A km)
      ✓ onshore_Edinburgh: 14868.2MW → 14924.9MW (+56.68 MW, location-based assignment, distance: N/A km)
      ✓ onshore_Edinburgh: 14924.9MW → 14981.6MW (+56.68 MW, location-based assignment, distance: N/A km)
      ✓ onshore_Edinburgh: 14981.6MW → 14987.7MW (+6.12 MW, location-based assignment, distance: N/A km)
      ✓ onshore_Edinburgh: 14987.7MW → 14999.3MW (+11.59 MW, location-based assignment, distance: N/A km)
      ✓ onshore_Edinburgh: 14999.3MW → 15023.5MW (+24.15 MW, location-based assignment, distance: N/A km)
      ✓ onshore_Edinburgh: 15023.5MW → 15069.5MW (+46.05 MW, location-based assignment, distance: N/A km)
      ✓ onshore_Edinburgh: 15069.5MW → 15139.3MW (+69.78 MW, location-based assignment, distance: N/A km)
      ✓ onshore_Edinburgh: 15139.3MW → 15212.3MW (+73.00 MW, location-based assignment, distance: N/A km)
      ✓ onshore_Edinburgh: 15212.3MW → 15215.0MW (+2.68 MW, location-based assignment, distance: N/A km)
      ✓ onshore_Edinburgh: 15215.0MW → 15232.7MW (+17.71 MW, location-based assignment, distance: N/A km)
      ✓ onshore_Edinburgh: 15232.7MW → 15302.3MW (+69.56 MW, location-based assignment, distance: N/A km)
      ✓ onshore_Edinburgh: 15302.3MW → 15329.3MW (+27.05 MW, location-based assignment, distance: N/A km)
      ✓ onshore_Edinburgh: 15329.3MW → 15380.8MW (+51.53 MW, location-based assignment, distance: N/A km)
      ✓ onshore_Edinburgh: 15380.8MW → 15438.8MW (+57.97 MW, location-based assignment, distance: N/A km)
      ✓ onshore_Edinburgh: 15438.8MW → 15490.3MW (+51.53 MW, location-based assignment, distance: N/A km)
      ✓ onshore_Edinburgh: 15490.3MW → 15495.9MW (+5.56 MW, location-based assignment, distance: N/A km)
      ✓ onshore_Edinburgh: 15495.9MW → 15598.6MW (+102.73 MW, location-based assignment, distance: N/A km)
      ✓ onshore_Edinburgh: 15598.6MW → 15643.7MW (+45.09 MW, location-based assignment, distance: N/A km)
      ✓ onshore_Edinburgh: 15643.7MW → 15678.6MW (+34.89 MW, location-based assignment, distance: N/A km)
      ✓ onshore_Sheffield: 655.0MW → 657.4MW (+2.46 MW, location-based assignment, distance: N/A km)
      ✓ onshore_Edinburgh: 15678.6MW → 15821.4MW (+142.78 MW, location-based assignment, distance: N/A km)
      ✓ onshore_Edinburgh: 15821.4MW → 15867.4MW (+46.05 MW, location-based assignment, distance: N/A km)
      ✓ onshore_Edinburgh: 15867.4MW → 15880.3MW (+12.88 MW, location-based assignment, distance: N/A km)
      ✓ onshore_Portsmouth: 113.3MW → 115.5MW (+2.21 MW, location-based assignment, distance: N/A km)
      ✓ onshore_Edinburgh: 15880.3MW → 15925.7MW (+45.41 MW, location-based assignment, distance: N/A km)
      ✓ onshore_Edinburgh: 15925.7MW → 15979.4MW (+53.67 MW, location-based assignment, distance: N/A km)
      ✓ onshore_Edinburgh: 15979.4MW → 16025.8MW (+46.38 MW, location-based assignment, distance: N/A km)
      ✓ onshore_Edinburgh: 16025.8MW → 16029.6MW (+3.86 MW, location-based assignment, distance: N/A km)
      ✓ onshore_Edinburgh: 16029.6MW → 16079.2MW (+49.60 MW, location-based assignment, distance: N/A km)
      ✓ onshore_Sheffield: 657.4MW → 660.1MW (+2.69 MW, location-based assignment, distance: N/A km)
      ✓ onshore_Edinburgh: 16079.2MW → 16111.4MW (+32.20 MW, location-based assignment, distance: N/A km)
      ✓ onshore_Edinburgh: 16111.4MW → 16141.4MW (+29.95 MW, location-based assignment, distance: N/A km)
      ✓ onshore_Edinburgh: 16141.4MW → 16219.2MW (+77.83 MW, location-based assignment, distance: N/A km)
      ✓ onshore_Cardiff: 1725.9MW → 1758.6MW (+32.65 MW, location-based assignment, distance: N/A km)
      ✓ onshore_Edinburgh: 16219.2MW → 16220.1MW (+0.91 MW, location-based assignment, distance: N/A km)
      ✓ onshore_Edinburgh: 16220.1MW → 16252.0MW (+31.88 MW, location-based assignment, distance: N/A km)
      ✓ onshore_Edinburgh: 16252.0MW → 16277.8MW (+25.76 MW, location-based assignment, distance: N/A km)
      ✓ onshore_Edinburgh: 16277.8MW → 16278.3MW (+0.54 MW, location-based assignment, distance: N/A km)
      ✓ onshore_Edinburgh: 16278.3MW → 16292.0MW (+13.72 MW, location-based assignment, distance: N/A km)
      ✓ onshore_Edinburgh: 16292.0MW → 16327.4MW (+35.43 MW, location-based assignment, distance: N/A km)
      ✓ onshore_Cardiff: 1758.6MW → 1766.8MW (+8.25 MW, location-based assignment, distance: N/A km)
      ✓ onshore_Edinburgh: 16327.4MW → 16328.0MW (+0.54 MW, location-based assignment, distance: N/A km)
      ✓ onshore_Edinburgh: 16328.0MW → 16329.6MW (+1.61 MW, location-based assignment, distance: N/A km)
      ✓ onshore_Edinburgh: 16329.6MW → 16430.1MW (+100.48 MW, location-based assignment, distance: N/A km)
      ✓ onshore_Edinburgh: 16430.1MW → 16518.6MW (+88.56 MW, location-based assignment, distance: N/A km)
      ✓ onshore_Edinburgh: 16518.6MW → 16540.5MW (+21.90 MW, location-based assignment, distance: N/A km)
      ✓ onshore_Edinburgh: 16540.5MW → 16559.9MW (+19.32 MW, location-based assignment, distance: N/A km)
      ✓ onshore_Sheffield: 660.1MW → 662.6MW (+2.46 MW, location-based assignment, distance: N/A km)
      ✓ onshore_Edinburgh: 16559.9MW → 16614.0MW (+54.10 MW, location-based assignment, distance: N/A km)
      ✓ onshore_Nottingham: 423.9MW → 424.4MW (+0.45 MW, location-based assignment, distance: N/A km)
      ✓ onshore_Edinburgh: 16614.0MW → 16630.1MW (+16.10 MW, location-based assignment, distance: N/A km)
      ✓ onshore_Edinburgh: 16630.1MW → 16658.9MW (+28.88 MW, location-based assignment, distance: N/A km)
      ✓ onshore_Edinburgh: 16658.9MW → 16712.6MW (+53.67 MW, location-based assignment, distance: N/A km)
      ✓ onshore_Edinburgh: 16712.6MW → 16770.9MW (+58.24 MW, location-based assignment, distance: N/A km)
      ✓ onshore_Edinburgh: 16770.9MW → 16787.0MW (+16.10 MW, location-based assignment, distance: N/A km)
      ✓ onshore_Edinburgh: 16787.0MW → 16799.0MW (+12.08 MW, location-based assignment, distance: N/A km)
      ✓ onshore_Cardiff: 1766.8MW → 1777.8MW (+10.99 MW, location-based assignment, distance: N/A km)
      ✓ onshore_Bournemouth: 313.1MW → 313.9MW (+0.85 MW, location-based assignment, distance: N/A km)
      ✓ onshore_Bournemouth: 313.9MW → 314.3MW (+0.42 MW, location-based assignment, distance: N/A km)
      ✓ onshore_Manchester: 491.1MW → 492.3MW (+1.24 MW, location-based assignment, distance: N/A km)
      ✓ onshore_Bournemouth: 314.3MW → 315.2MW (+0.85 MW, location-based assignment, distance: N/A km)
      ✓ onshore_Edinburgh: 16799.0MW → 16800.1MW (+1.07 MW, location-based assignment, distance: N/A km)
      ✓ onshore_Edinburgh: 16800.1MW → 16813.0MW (+12.88 MW, location-based assignment, distance: N/A km)
      ✓ onshore_Edinburgh: 16813.0MW → 16817.6MW (+4.57 MW, location-based assignment, distance: N/A km)
      ✓ onshore_Edinburgh: 16817.6MW → 16825.3MW (+7.73 MW, location-based assignment, distance: N/A km)
      ✓ onshore_Birmingham: 13.3MW → 13.5MW (+0.13 MW, location-based assignment, distance: N/A km)
      ✓ onshore_Bournemouth: 315.2MW → 331.5MW (+16.34 MW, location-based assignment, distance: N/A km)
      ✓ onshore_Edinburgh: 16825.3MW → 17400.2MW (+574.94 MW, location-based assignment, distance: N/A km)
      ✓ onshore_London: 12.6MW → 13.3MW (+0.71 MW, location-based assignment, distance: N/A km)
      ✓ onshore_Nottingham: 424.4MW → 444.5MW (+20.10 MW, location-based assignment, distance: N/A km)
      ✓ onshore_Portsmouth: 115.5MW → 121.4MW (+5.91 MW, location-based assignment, distance: N/A km)
      ✓ onshore_Sheffield: 662.6MW → 703.3MW (+40.74 MW, location-based assignment, distance: N/A km)
      ✓ onshore_Cardiff: 1777.8MW → 1848.4MW (+70.56 MW, location-based assignment, distance: N/A km)
      ✓ onshore_Ipswich: 503.4MW → 535.4MW (+32.03 MW, location-based assignment, distance: N/A km)
      ✓ onshore_Manchester: 492.3MW → 513.0MW (+20.64 MW, location-based assignment, distance: N/A km)
      ✓ onshore_Newcastle: 519.0MW → 545.0MW (+25.92 MW, location-based assignment, distance: N/A km)
    📊 Allocating 79.12 MW onshore capacity (no location data) across 11 generators (total existing: 22469.51 MW)
      ✓ onshore_Birmingham: 13.5MW → 13.5MW (+0.05 MW, 0.06% share, proportional)
      ✓ onshore_Bournemouth: 331.5MW → 332.7MW (+1.17 MW, 1.48% share, proportional)
      ✓ onshore_Cardiff: 1848.4MW → 1854.9MW (+6.51 MW, 8.23% share, proportional)
      ✓ onshore_Edinburgh: 17400.2MW → 17461.5MW (+61.27 MW, 77.44% share, proportional)
      ✓ onshore_Ipswich: 535.4MW → 537.3MW (+1.89 MW, 2.38% share, proportional)
      ✓ onshore_London: 13.3MW → 13.4MW (+0.05 MW, 0.06% share, proportional)
      ✓ onshore_Manchester: 513.0MW → 514.8MW (+1.81 MW, 2.28% share, proportional)
      ✓ onshore_Newcastle: 545.0MW → 546.9MW (+1.92 MW, 2.43% share, proportional)
      ✓ onshore_Nottingham: 444.5MW → 446.0MW (+1.57 MW, 1.98% share, proportional)
      ✓ onshore_Portsmouth: 121.4MW → 121.8MW (+0.43 MW, 0.54% share, proportional)
      ✓ onshore_Sheffield: 703.3MW → 705.8MW (+2.48 MW, 3.13% share, proportional)
    ✓ Updated CCGT: capacity_limit 28000.00 → 28740.31
    ✓ Updated OCGT: capacity_limit 4146.00 → 4168.67
    ✓ Updated bio_and_waste: capacity_limit 4762.00 → 4960.79
      ✓ solar_Bournemouth: 4200.2MW → 4436.5MW (+236.31 MW, location-based assignment, distance: N/A km)
      ✓ solar_Cardiff: 1784.0MW → 1880.4MW (+96.49 MW, location-based assignment, distance: N/A km)
      ✓ solar_Edinburgh: 1594.5MW → 1681.2MW (+86.66 MW, location-based assignment, distance: N/A km)
      ✓ solar_Ipswich: 3532.2MW → 3737.0MW (+204.82 MW, location-based assignment, distance: N/A km)
      ✓ solar_London: 70.4MW → 74.3MW (+3.92 MW, location-based assignment, distance: N/A km)
      ✓ solar_Manchester: 695.9MW → 732.5MW (+36.56 MW, location-based assignment, distance: N/A km)
      ✓ solar_Newcastle: 793.8MW → 840.6MW (+46.79 MW, location-based assignment, distance: N/A km)
      ✓ solar_Nottingham: 5431.7MW → 5721.4MW (+289.69 MW, location-based assignment, distance: N/A km)
      ✓ solar_Portsmouth: 4847.1MW → 5129.6MW (+282.55 MW, location-based assignment, distance: N/A km)
      ✓ solar_Sheffield: 2483.8MW → 2625.0MW (+141.15 MW, location-based assignment, distance: N/A km)
      ✓ solar_Birmingham: 1842.9MW → 1944.8MW (+101.92 MW, location-based assignment, distance: N/A km)

--- Starting Iteration 6: Electricity Market Simulation (Case 3: Decarbonization Cost to VRE + CM Cost to CCGT/OCGT) ---
--- Iteration 6: calling run_simulation(periods=17520, generators=48, batteries=5) ---
尝试打开wind文件: F:\newfinalweather\average_annual_wind_profile.nc
文件是否存在: True
Using cached weather profiles.
--- Iteration 6: run_simulation returned. Processing results. ---
--- Iteration 6: Simulation Finished. Starting Investment Analysis (Case 3) ---
--- Iteration 6: Adding 5 assets with zero income to analysis ---
  ⚠ Warning: Found 4 assets with capacity > 10,000 MW:
      0.25c_battery: 15306.81 MW (asset_type: 0.25c_battery)
      0.5c_battery: 51911.16 MW (asset_type: 0.5c_battery)
      CCGT: 28740.31 MW (asset_type: CCGT)
      onshore_Edinburgh: 17461.50 MW (asset_type: onshore)
✓ Fast investment analysis saved to C:\Users\86150\Desktop\five_scenario_include_uncertain_freq_cap_runs\07_future_subsidy_as_usual_2025_2035_20260718_decarb_virtual_pool_1000twh_scheme_c\investment_analysis_trace.sqlite
  System Cost: £52.73bn | Cost/MWh: £227.28
  📊 Total VRE profiles recorded for year 2030
      CAPACITY EXPANSION:
         - Solar: 28803.33 MW | Onshore: 22548.63 MW | Offshore: 22462.00 MW
         - Total VRE Capacity: 73813.96 MW
      GENERATION:
         - Total VRE Generation: 185.12 TWh
         - Total Thermal Generation: 46.90 TWh
         - Total Generation (VRE+Thermal): 232.02 TWh
         - Total Forecast Demand: 233.11 TWh
      EXCESS ANALYSIS:
         - Excess BEFORE storage/interconn: 0.07 TWh (VRE - Forecast)
         - Excess AFTER storage/interconn: 37.91 TWh (final excess)
         - Absorbed by storage/interconn: 0.00 TWh
         - Storage Capacity: 73000.46 MW
         - Excess/VRE Ratio (after): 20.48%
         - Excess/VRE Ratio (before): 0.04%
  📊 Edinburgh onshore wind generation recorded for year 2030 (Capacity: 17461.50 MW, Generation: 119947053.38 MWh)
    🔋 Battery Investment: 0.25c_battery - Recommendation: Invest_High, Current: 15306.81 MW, Suggested: 21777.80 MW, Add: 6470.99 MW, ROI: 0.1236
✓ Checkpoint saved after 2030: C:\Users\86150\Desktop\five_scenario_include_uncertain_freq_cap_runs\07_future_subsidy_as_usual_2025_2035_20260718_decarb_virtual_pool_1000twh_scheme_c\checkpoints\case3_v2_subsidy_as_usual_checkpoint.pkl

==================== YEAR 2031 (CASE 3) ====================
--- Year 2031: Updating Pumped Hydro capacity as per schedule to 5687.9 MW ---
--- Year 2031: Updating Pumped Hydro energy storage as per schedule to 70800 MWh ---
  📦 Projects completing in 2031: 26 (7392.89 MW)
      - Model-driven: 26 projects (7392.89 MW)
    ✓ Updated CCGT: capacity_limit 28740.31 → 29418.68
    ✓ Updated OCGT: capacity_limit 4168.67 → 4191.35
    ✓ Updated bio_and_waste: capacity_limit 4960.79 → 5142.63
      ✓ onshore_Birmingham: 13.5MW → 13.7MW (+0.14 MW, location-based assignment, distance: N/A km)
      ✓ onshore_Bournemouth: 332.7MW → 348.1MW (+15.38 MW, location-based assignment, distance: N/A km)
      ✓ onshore_Edinburgh: 17461.5MW → 18004.4MW (+542.92 MW, location-based assignment, distance: N/A km)
      ✓ onshore_London: 13.4MW → 14.1MW (+0.66 MW, location-based assignment, distance: N/A km)
      ✓ onshore_Nottingham: 446.0MW → 464.7MW (+18.70 MW, location-based assignment, distance: N/A km)
      ✓ onshore_Portsmouth: 121.8MW → 127.4MW (+5.57 MW, location-based assignment, distance: N/A km)
      ✓ onshore_Sheffield: 705.8MW → 743.6MW (+37.82 MW, location-based assignment, distance: N/A km)
      ✓ onshore_Cardiff: 1854.9MW → 1901.5MW (+46.58 MW, location-based assignment, distance: N/A km)
      ✓ onshore_Ipswich: 537.3MW → 559.0MW (+21.74 MW, location-based assignment, distance: N/A km)
      ✓ onshore_Manchester: 514.8MW → 528.1MW (+13.29 MW, location-based assignment, distance: N/A km)
      ✓ onshore_Newcastle: 546.9MW → 563.7MW (+16.87 MW, location-based assignment, distance: N/A km)
      ✓ solar_Bournemouth: 4436.5MW → 4674.8MW (+238.33 MW, location-based assignment, distance: N/A km)
      ✓ solar_Cardiff: 1880.4MW → 1977.9MW (+97.47 MW, location-based assignment, distance: N/A km)
      ✓ solar_Edinburgh: 1681.2MW → 1768.8MW (+87.66 MW, location-based assignment, distance: N/A km)
      ✓ solar_Ipswich: 3737.0MW → 3944.1MW (+207.12 MW, location-based assignment, distance: N/A km)
      ✓ solar_London: 74.3MW → 78.3MW (+3.97 MW, location-based assignment, distance: N/A km)
      ✓ solar_Manchester: 732.5MW → 769.4MW (+36.87 MW, location-based assignment, distance: N/A km)
      ✓ solar_Newcastle: 840.6MW → 888.2MW (+47.54 MW, location-based assignment, distance: N/A km)
      ✓ solar_Nottingham: 5721.4MW → 6013.7MW (+292.25 MW, location-based assignment, distance: N/A km)
      ✓ solar_Portsmouth: 5129.6MW → 5415.2MW (+285.55 MW, location-based assignment, distance: N/A km)
      ✓ solar_Sheffield: 2625.0MW → 2767.9MW (+142.95 MW, location-based assignment, distance: N/A km)
      ✓ solar_Birmingham: 1944.8MW → 2033.9MW (+89.10 MW, location-based assignment, distance: N/A km)

--- Starting Iteration 7: Electricity Market Simulation (Case 3: Decarbonization Cost to VRE + CM Cost to CCGT/OCGT) ---
--- Iteration 7: calling run_simulation(periods=17520, generators=48, batteries=5) ---
尝试打开wind文件: F:\newfinalweather\average_annual_wind_profile.nc
文件是否存在: True
Using cached weather profiles.
--- Iteration 7: run_simulation returned. Processing results. ---
--- Iteration 7: Simulation Finished. Starting Investment Analysis (Case 3) ---
--- Iteration 7: Adding 6 assets with zero income to analysis ---
  ⚠ Warning: Found 4 assets with capacity > 10,000 MW:
      0.25c_battery: 19568.36 MW (asset_type: 0.25c_battery)
      0.5c_battery: 51911.16 MW (asset_type: 0.5c_battery)
      CCGT: 29418.68 MW (asset_type: CCGT)
      onshore_Edinburgh: 18004.42 MW (asset_type: onshore)
✓ Fast investment analysis saved to C:\Users\86150\Desktop\five_scenario_include_uncertain_freq_cap_runs\07_future_subsidy_as_usual_2025_2035_20260718_decarb_virtual_pool_1000twh_scheme_c\investment_analysis_trace.sqlite
  System Cost: £54.11bn | Cost/MWh: £233.33
  📊 Total VRE profiles recorded for year 2031
      CAPACITY EXPANSION:
         - Solar: 30332.12 MW | Onshore: 23268.29 MW | Offshore: 22462.00 MW
         - Total VRE Capacity: 76062.41 MW
      GENERATION:
         - Total VRE Generation: 186.38 TWh
         - Total Thermal Generation: 45.53 TWh
         - Total Generation (VRE+Thermal): 231.91 TWh
         - Total Forecast Demand: 233.11 TWh
      EXCESS ANALYSIS:
         - Excess BEFORE storage/interconn: 0.07 TWh (VRE - Forecast)
         - Excess AFTER storage/interconn: 40.61 TWh (final excess)
         - Absorbed by storage/interconn: 0.00 TWh
         - Storage Capacity: 78762.01 MW
         - Excess/VRE Ratio (after): 21.79%
         - Excess/VRE Ratio (before): 0.04%
  📊 Edinburgh onshore wind generation recorded for year 2031 (Capacity: 18004.42 MW, Generation: 123030268.77 MWh)
    🔋 Battery Investment: 0.25c_battery - Recommendation: Invest_High, Current: 19568.36 MW, Suggested: 26072.97 MW, Add: 6504.61 MW, ROI: 0.1149
✓ Checkpoint saved after 2031: C:\Users\86150\Desktop\five_scenario_include_uncertain_freq_cap_runs\07_future_subsidy_as_usual_2025_2035_20260718_decarb_virtual_pool_1000twh_scheme_c\checkpoints\case3_v2_subsidy_as_usual_checkpoint.pkl

==================== YEAR 2032 (CASE 3) ====================
  📦 Projects completing in 2032: 25 (8104.05 MW)
      - Model-driven: 25 projects (8104.05 MW)
    ✓ Updated CCGT: capacity_limit 29418.68 → 30013.08
    ✓ Updated OCGT: capacity_limit 4191.35 → 4214.02
      ✓ onshore_Birmingham: 13.7MW → 13.7MW (+0.08 MW, location-based assignment, distance: N/A km)
      ✓ onshore_Bournemouth: 348.1MW → 358.6MW (+10.51 MW, location-based assignment, distance: N/A km)
      ✓ onshore_Edinburgh: 18004.4MW → 18358.9MW (+354.50 MW, location-based assignment, distance: N/A km)
      ✓ onshore_London: 14.1MW → 14.5MW (+0.42 MW, location-based assignment, distance: N/A km)
      ✓ onshore_Nottingham: 464.7MW → 477.0MW (+12.23 MW, location-based assignment, distance: N/A km)
      ✓ onshore_Portsmouth: 127.4MW → 131.2MW (+3.84 MW, location-based assignment, distance: N/A km)
      ✓ onshore_Sheffield: 743.6MW → 768.0MW (+24.38 MW, location-based assignment, distance: N/A km)
      ✓ onshore_Cardiff: 1901.5MW → 1943.7MW (+42.26 MW, location-based assignment, distance: N/A km)
      ✓ onshore_Ipswich: 559.0MW → 578.8MW (+19.81 MW, location-based assignment, distance: N/A km)
      ✓ onshore_Manchester: 528.1MW → 540.1MW (+11.97 MW, location-based assignment, distance: N/A km)
      ✓ onshore_Newcastle: 563.7MW → 579.0MW (+15.22 MW, location-based assignment, distance: N/A km)
      ✓ solar_Bournemouth: 4674.8MW → 4882.2MW (+207.38 MW, location-based assignment, distance: N/A km)
      ✓ solar_Cardiff: 1977.9MW → 2063.0MW (+85.05 MW, location-based assignment, distance: N/A km)
      ✓ solar_Edinburgh: 1768.8MW → 1845.9MW (+77.11 MW, location-based assignment, distance: N/A km)
      ✓ solar_Ipswich: 3944.1MW → 4124.5MW (+180.43 MW, location-based assignment, distance: N/A km)
      ✓ solar_London: 78.3MW → 81.7MW (+3.46 MW, location-based assignment, distance: N/A km)
      ✓ solar_Manchester: 769.4MW → 801.7MW (+32.35 MW, location-based assignment, distance: N/A km)
      ✓ solar_Newcastle: 888.2MW → 929.9MW (+41.75 MW, location-based assignment, distance: N/A km)
      ✓ solar_Nottingham: 6013.7MW → 6268.9MW (+255.18 MW, location-based assignment, distance: N/A km)
      ✓ solar_Portsmouth: 5415.2MW → 5663.8MW (+248.61 MW, location-based assignment, distance: N/A km)
      ✓ solar_Sheffield: 2767.9MW → 2893.5MW (+125.57 MW, location-based assignment, distance: N/A km)
      ✓ solar_Birmingham: 2033.9MW → 2120.9MW (+87.05 MW, location-based assignment, distance: N/A km)

--- Starting Iteration 8: Electricity Market Simulation (Case 3: Decarbonization Cost to VRE + CM Cost to CCGT/OCGT) ---
--- Iteration 8: calling run_simulation(periods=17520, generators=48, batteries=5) ---
尝试打开wind文件: F:\newfinalweather\average_annual_wind_profile.nc
文件是否存在: True
Using cached weather profiles.
--- Iteration 8: run_simulation returned. Processing results. ---
--- Iteration 8: Simulation Finished. Starting Investment Analysis (Case 3) ---
--- Iteration 8: Adding 6 assets with zero income to analysis ---
  ⚠ Warning: Found 4 assets with capacity > 10,000 MW:
      0.25c_battery: 25216.15 MW (asset_type: 0.25c_battery)
      0.5c_battery: 51911.16 MW (asset_type: 0.5c_battery)
      CCGT: 30013.08 MW (asset_type: CCGT)
      onshore_Edinburgh: 18358.93 MW (asset_type: onshore)
✓ Fast investment analysis saved to C:\Users\86150\Desktop\five_scenario_include_uncertain_freq_cap_runs\07_future_subsidy_as_usual_2025_2035_20260718_decarb_virtual_pool_1000twh_scheme_c\investment_analysis_trace.sqlite
  System Cost: £55.51bn | Cost/MWh: £239.45
  📊 Total VRE profiles recorded for year 2032
      CAPACITY EXPANSION:
         - Solar: 31676.07 MW | Onshore: 23763.53 MW | Offshore: 22462.00 MW
         - Total VRE Capacity: 77901.60 MW
      GENERATION:
         - Total VRE Generation: 187.32 TWh
         - Total Thermal Generation: 44.51 TWh
         - Total Generation (VRE+Thermal): 231.83 TWh
         - Total Forecast Demand: 233.11 TWh
      EXCESS ANALYSIS:
         - Excess BEFORE storage/interconn: 0.08 TWh (VRE - Forecast)
         - Excess AFTER storage/interconn: 42.70 TWh (final excess)
         - Absorbed by storage/interconn: 0.00 TWh
         - Storage Capacity: 84409.80 MW
         - Excess/VRE Ratio (after): 22.80%
         - Excess/VRE Ratio (before): 0.04%
  📊 Edinburgh onshore wind generation recorded for year 2032 (Capacity: 18358.93 MW, Generation: 124848607.65 MWh)
    🔋 Battery Investment: 0.25c_battery - Recommendation: Invest_High, Current: 25216.15 MW, Suggested: 31806.36 MW, Add: 6590.21 MW, ROI: 0.1086
✓ Checkpoint saved after 2032: C:\Users\86150\Desktop\five_scenario_include_uncertain_freq_cap_runs\07_future_subsidy_as_usual_2025_2035_20260718_decarb_virtual_pool_1000twh_scheme_c\checkpoints\case3_v2_subsidy_as_usual_checkpoint.pkl

==================== YEAR 2033 (CASE 3) ====================
  📦 Projects completing in 2033: 38 (17091.89 MW)
      - External (REPD): 6 projects (8810.44 MW)
      - Model-driven: 32 projects (8281.45 MW)
      ✓ offshore10: 733.0MW → 759.7MW (+26.73 MW, location-based assignment, distance: N/A km)
      ✓ offshore11: 612.1MW → 633.6MW (+21.51 MW, location-based assignment, distance: N/A km)
      ✓ offshore12: 899.8MW → 933.8MW (+34.06 MW, location-based assignment, distance: N/A km)
      ✓ offshore16: 1289.4MW → 1336.7MW (+47.33 MW, location-based assignment, distance: N/A km)
      ✓ offshore18: 1643.4MW → 1691.1MW (+47.61 MW, location-based assignment, distance: N/A km)
      ✓ offshore2: 280.9MW → 291.1MW (+10.19 MW, location-based assignment, distance: N/A km)
      ✓ offshore9: 950.3MW → 986.6MW (+36.31 MW, location-based assignment, distance: N/A km)
    📊 Allocating 8810.44 MW offshore capacity (no location data) across 21 generators (total existing: 22685.76 MW)
      ✓ offshore1: 496.2MW → 689.0MW (+192.73 MW, 2.19% share, proportional)
      ✓ offshore10: 759.7MW → 1054.8MW (+295.05 MW, 3.35% share, proportional)
      ✓ offshore11: 633.6MW → 879.7MW (+246.07 MW, 2.79% share, proportional)
      ✓ offshore12: 933.8MW → 1296.5MW (+362.67 MW, 4.12% share, proportional)
      ✓ offshore13: 1184.4MW → 1644.4MW (+459.98 MW, 5.22% share, proportional)
      ✓ offshore15: 1943.1MW → 2697.7MW (+754.63 MW, 8.57% share, proportional)
      ✓ offshore16: 1336.7MW → 1855.8MW (+519.13 MW, 5.89% share, proportional)
      ✓ offshore17: 1514.9MW → 2103.3MW (+588.34 MW, 6.68% share, proportional)
      ✓ offshore18: 1691.1MW → 2347.8MW (+656.76 MW, 7.45% share, proportional)
      ✓ offshore2: 291.1MW → 404.2MW (+113.07 MW, 1.28% share, proportional)
      ✓ offshore20: 94.9MW → 131.7MW (+36.85 MW, 0.42% share, proportional)
      ✓ offshore21: 1796.5MW → 2494.2MW (+697.69 MW, 7.92% share, proportional)
      ✓ offshore3: 3883.7MW → 5392.0MW (+1508.30 MW, 17.12% share, proportional)
      ✓ offshore5: 495.8MW → 688.3MW (+192.55 MW, 2.19% share, proportional)
      ✓ offshore6: 1311.4MW → 1820.7MW (+509.30 MW, 5.78% share, proportional)
      ✓ offshore7: 1423.1MW → 1975.8MW (+552.69 MW, 6.27% share, proportional)
      ✓ offshore8: 1909.2MW → 2650.7MW (+741.49 MW, 8.42% share, proportional)
      ✓ offshore9: 986.6MW → 1369.7MW (+383.16 MW, 4.35% share, proportional)
    ✓ Updated CCGT: capacity_limit 30013.08 → 30587.74
    ✓ Updated OCGT: capacity_limit 4214.02 → 4236.69
      ✓ onshore_Birmingham: 13.7MW → 13.8MW (+0.08 MW, location-based assignment, distance: N/A km)
      ✓ onshore_Bournemouth: 358.6MW → 368.2MW (+9.59 MW, location-based assignment, distance: N/A km)
      ✓ onshore_Edinburgh: 18358.9MW → 18680.0MW (+321.10 MW, location-based assignment, distance: N/A km)
      ✓ onshore_London: 14.5MW → 14.9MW (+0.38 MW, location-based assignment, distance: N/A km)
      ✓ onshore_Nottingham: 477.0MW → 488.0MW (+11.05 MW, location-based assignment, distance: N/A km)
      ✓ onshore_Portsmouth: 131.2MW → 134.7MW (+3.52 MW, location-based assignment, distance: N/A km)
      ✓ onshore_Sheffield: 768.0MW → 790.0MW (+21.97 MW, location-based assignment, distance: N/A km)
      ✓ onshore_Cardiff: 1943.7MW → 1989.5MW (+45.71 MW, location-based assignment, distance: N/A km)
      ✓ onshore_Ipswich: 578.8MW → 599.6MW (+20.75 MW, location-based assignment, distance: N/A km)
      ✓ onshore_Manchester: 540.1MW → 552.1MW (+12.01 MW, location-based assignment, distance: N/A km)
      ✓ onshore_Newcastle: 579.0MW → 594.9MW (+15.89 MW, location-based assignment, distance: N/A km)
      ✓ solar_Bournemouth: 4882.2MW → 5085.9MW (+203.70 MW, location-based assignment, distance: N/A km)
      ✓ solar_Cardiff: 2063.0MW → 2146.4MW (+83.46 MW, location-based assignment, distance: N/A km)
      ✓ solar_Edinburgh: 1845.9MW → 1921.8MW (+75.87 MW, location-based assignment, distance: N/A km)
      ✓ solar_Ipswich: 4124.5MW → 4302.1MW (+177.58 MW, location-based assignment, distance: N/A km)
      ✓ solar_London: 81.7MW → 85.1MW (+3.40 MW, location-based assignment, distance: N/A km)
      ✓ solar_Manchester: 801.7MW → 833.5MW (+31.81 MW, location-based assignment, distance: N/A km)
      ✓ solar_Newcastle: 929.9MW → 971.1MW (+41.21 MW, location-based assignment, distance: N/A km)
      ✓ solar_Nottingham: 6268.9MW → 6519.7MW (+250.79 MW, location-based assignment, distance: N/A km)
      ✓ solar_Portsmouth: 5663.8MW → 5908.3MW (+244.48 MW, location-based assignment, distance: N/A km)
      ✓ solar_Sheffield: 2893.5MW → 3017.5MW (+123.96 MW, location-based assignment, distance: N/A km)
      ✓ solar_Birmingham: 2120.9MW → 2205.8MW (+84.91 MW, location-based assignment, distance: N/A km)

--- Starting Iteration 9: Electricity Market Simulation (Case 3: Decarbonization Cost to VRE + CM Cost to CCGT/OCGT) ---
--- Iteration 9: calling run_simulation(periods=17520, generators=48, batteries=5) ---
尝试打开wind文件: F:\newfinalweather\average_annual_wind_profile.nc
文件是否存在: True
Using cached weather profiles.
--- Iteration 9: run_simulation returned. Processing results. ---
--- Iteration 9: Simulation Finished. Starting Investment Analysis (Case 3) ---
--- Iteration 9: Adding 6 assets with zero income to analysis ---
  ⚠ Warning: Found 4 assets with capacity > 10,000 MW:
      0.25c_battery: 30893.28 MW (asset_type: 0.25c_battery)
      0.5c_battery: 51911.16 MW (asset_type: 0.5c_battery)
      CCGT: 30587.74 MW (asset_type: CCGT)
      onshore_Edinburgh: 18680.03 MW (asset_type: onshore)
✓ Fast investment analysis saved to C:\Users\86150\Desktop\five_scenario_include_uncertain_freq_cap_runs\07_future_subsidy_as_usual_2025_2035_20260718_decarb_virtual_pool_1000twh_scheme_c\investment_analysis_trace.sqlite
  System Cost: £58.65bn | Cost/MWh: £253.43
  📊 Total VRE profiles recorded for year 2033
      CAPACITY EXPANSION:
         - Solar: 32997.24 MW | Onshore: 24225.59 MW | Offshore: 31496.20 MW
         - Total VRE Capacity: 88719.03 MW
      GENERATION:
         - Total VRE Generation: 198.77 TWh
         - Total Thermal Generation: 32.63 TWh
         - Total Generation (VRE+Thermal): 231.41 TWh
         - Total Forecast Demand: 233.11 TWh
      EXCESS ANALYSIS:
         - Excess BEFORE storage/interconn: 0.09 TWh (VRE - Forecast)
         - Excess AFTER storage/interconn: 80.17 TWh (final excess)
         - Absorbed by storage/interconn: 0.00 TWh
         - Storage Capacity: 90086.93 MW
         - Excess/VRE Ratio (after): 40.33%
         - Excess/VRE Ratio (before): 0.05%
  📊 Edinburgh onshore wind generation recorded for year 2033 (Capacity: 18680.03 MW, Generation: 126297731.42 MWh)
    🔋 Battery Investment: 0.25c_battery - Recommendation: Invest_High, Current: 30893.28 MW, Suggested: 36688.31 MW, Add: 5795.03 MW, ROI: 0.1027
✓ Checkpoint saved after 2033: C:\Users\86150\Desktop\five_scenario_include_uncertain_freq_cap_runs\07_future_subsidy_as_usual_2025_2035_20260718_decarb_virtual_pool_1000twh_scheme_c\checkpoints\case3_v2_subsidy_as_usual_checkpoint.pkl

==================== YEAR 2034 (CASE 3) ====================
  📦 Projects completing in 2034: 56 (22166.78 MW)
      - External (REPD): 14 projects (13330.83 MW)
      - Model-driven: 42 projects (8835.95 MW)
      ✓ offshore1: 689.0MW → 705.2MW (+16.20 MW, location-based assignment, distance: N/A km)
      ✓ offshore13: 1644.4MW → 1692.9MW (+48.50 MW, location-based assignment, distance: N/A km)
      ✓ offshore15: 2697.7MW → 2774.9MW (+77.19 MW, location-based assignment, distance: N/A km)
      ✓ offshore17: 2103.3MW → 2164.5MW (+61.26 MW, location-based assignment, distance: N/A km)
      ✓ offshore20: 131.7MW → 135.1MW (+3.33 MW, location-based assignment, distance: N/A km)
      ✓ offshore21: 2494.2MW → 2563.5MW (+69.31 MW, location-based assignment, distance: N/A km)
      ✓ offshore3: 5392.0MW → 5552.2MW (+160.20 MW, location-based assignment, distance: N/A km)
      ✓ offshore5: 688.3MW → 706.4MW (+18.05 MW, location-based assignment, distance: N/A km)
      ✓ offshore6: 1820.7MW → 1872.1MW (+51.43 MW, location-based assignment, distance: N/A km)
      ✓ offshore7: 1975.8MW → 2028.0MW (+52.25 MW, location-based assignment, distance: N/A km)
      ✓ offshore8: 2650.7MW → 2719.6MW (+68.86 MW, location-based assignment, distance: N/A km)
      ✓ offshore10: 1054.8MW → 1079.9MW (+25.10 MW, location-based assignment, distance: N/A km)
      ✓ offshore11: 879.7MW → 900.0MW (+20.31 MW, location-based assignment, distance: N/A km)
      ✓ offshore12: 1296.5MW → 1328.6MW (+32.15 MW, location-based assignment, distance: N/A km)
      ✓ offshore16: 1855.8MW → 1900.3MW (+44.50 MW, location-based assignment, distance: N/A km)
      ✓ offshore18: 2347.8MW → 2392.4MW (+44.56 MW, location-based assignment, distance: N/A km)
      ✓ offshore2: 404.2MW → 413.8MW (+9.57 MW, location-based assignment, distance: N/A km)
      ✓ offshore9: 1369.7MW → 1404.0MW (+34.24 MW, location-based assignment, distance: N/A km)
    📊 Allocating 13330.83 MW offshore capacity (no location data) across 21 generators (total existing: 32333.20 MW)
      ✓ offshore1: 705.2MW → 995.9MW (+290.74 MW, 2.18% share, proportional)
      ✓ offshore10: 1079.9MW → 1525.1MW (+445.22 MW, 3.34% share, proportional)
      ✓ offshore11: 900.0MW → 1271.0MW (+371.06 MW, 2.78% share, proportional)
      ✓ offshore12: 1328.6MW → 1876.4MW (+547.79 MW, 4.11% share, proportional)
      ✓ offshore13: 1692.9MW → 2390.8MW (+697.96 MW, 5.24% share, proportional)
      ✓ offshore15: 2774.9MW → 3918.9MW (+1144.07 MW, 8.58% share, proportional)
      ✓ offshore16: 1900.3MW → 2683.8MW (+783.49 MW, 5.88% share, proportional)
      ✓ offshore17: 2164.5MW → 3056.9MW (+892.42 MW, 6.69% share, proportional)
      ✓ offshore18: 2392.4MW → 3378.7MW (+986.37 MW, 7.40% share, proportional)
      ✓ offshore2: 413.8MW → 584.4MW (+170.60 MW, 1.28% share, proportional)
      ✓ offshore20: 135.1MW → 190.7MW (+55.68 MW, 0.42% share, proportional)
      ✓ offshore21: 2563.5MW → 3620.4MW (+1056.91 MW, 7.93% share, proportional)
      ✓ offshore3: 5552.2MW → 7841.3MW (+2289.14 MW, 17.17% share, proportional)
      ✓ offshore5: 706.4MW → 997.6MW (+291.24 MW, 2.18% share, proportional)
      ✓ offshore6: 1872.1MW → 2644.0MW (+771.87 MW, 5.79% share, proportional)
      ✓ offshore7: 2028.0MW → 2864.2MW (+836.15 MW, 6.27% share, proportional)
      ✓ offshore8: 2719.6MW → 3840.9MW (+1121.28 MW, 8.41% share, proportional)
      ✓ offshore9: 1404.0MW → 1982.8MW (+578.85 MW, 4.34% share, proportional)
    ✓ Updated CCGT: capacity_limit 30587.74 → 31143.08
    ✓ Updated OCGT: capacity_limit 4236.69 → 4259.37
      ✓ onshore_Birmingham: 13.8MW → 13.9MW (+0.07 MW, location-based assignment, distance: N/A km)
      ✓ onshore_Bournemouth: 368.2MW → 378.0MW (+9.86 MW, location-based assignment, distance: N/A km)
      ✓ onshore_Edinburgh: 18680.0MW → 19008.2MW (+328.15 MW, location-based assignment, distance: N/A km)
      ✓ onshore_London: 14.9MW → 15.2MW (+0.37 MW, location-based assignment, distance: N/A km)
      ✓ onshore_Nottingham: 488.0MW → 498.6MW (+10.60 MW, location-based assignment, distance: N/A km)
      ✓ onshore_Portsmouth: 134.7MW → 138.1MW (+3.40 MW, location-based assignment, distance: N/A km)
      ✓ onshore_Sheffield: 790.0MW → 811.0MW (+21.01 MW, location-based assignment, distance: N/A km)
      ✓ onshore_Cardiff: 1989.5MW → 2037.8MW (+48.39 MW, location-based assignment, distance: N/A km)
      ✓ onshore_Ipswich: 599.6MW → 618.0MW (+18.44 MW, location-based assignment, distance: N/A km)
      ✓ onshore_Manchester: 552.1MW → 562.0MW (+9.91 MW, location-based assignment, distance: N/A km)
      ✓ onshore_Newcastle: 594.9MW → 607.9MW (+13.05 MW, location-based assignment, distance: N/A km)
      ✓ solar_Bournemouth: 5085.9MW → 5284.3MW (+198.43 MW, location-based assignment, distance: N/A km)
      ✓ solar_Cardiff: 2146.4MW → 2227.7MW (+81.31 MW, location-based assignment, distance: N/A km)
      ✓ solar_Edinburgh: 1921.8MW → 1996.0MW (+74.19 MW, location-based assignment, distance: N/A km)
      ✓ solar_Ipswich: 4302.1MW → 4475.3MW (+173.18 MW, location-based assignment, distance: N/A km)
      ✓ solar_London: 85.1MW → 88.5MW (+3.32 MW, location-based assignment, distance: N/A km)
      ✓ solar_Manchester: 833.5MW → 864.6MW (+31.04 MW, location-based assignment, distance: N/A km)
      ✓ solar_Newcastle: 971.1MW → 1011.5MW (+40.38 MW, location-based assignment, distance: N/A km)
      ✓ solar_Nottingham: 6519.7MW → 6764.1MW (+244.43 MW, location-based assignment, distance: N/A km)
      ✓ solar_Portsmouth: 5908.3MW → 6146.5MW (+238.25 MW, location-based assignment, distance: N/A km)
      ✓ solar_Sheffield: 3017.5MW → 3138.8MW (+121.32 MW, location-based assignment, distance: N/A km)

--- Starting Iteration 10: Electricity Market Simulation (Case 3: Decarbonization Cost to VRE + CM Cost to CCGT/OCGT) ---
--- Iteration 10: calling run_simulation(periods=17520, generators=48, batteries=5) ---
尝试打开wind文件: F:\newfinalweather\average_annual_wind_profile.nc
文件是否存在: True
Using cached weather profiles.
--- Iteration 10: run_simulation returned. Processing results. ---
--- Iteration 10: Simulation Finished. Starting Investment Analysis (Case 3) ---
--- Iteration 10: Adding 6 assets with zero income to analysis ---
  ⚠ Warning: Found 4 assets with capacity > 10,000 MW:
      0.25c_battery: 36645.12 MW (asset_type: 0.25c_battery)
      0.5c_battery: 51911.16 MW (asset_type: 0.5c_battery)
      CCGT: 31143.08 MW (asset_type: CCGT)
      onshore_Edinburgh: 19008.18 MW (asset_type: onshore)

================================================================================
REVENUE-TO-INVESTMENT VERIFICATION (Iteration 10)
================================================================================

  1C_BATTERY:
    Total Income: 5,336,690.82 GBP
    Total Net Revenue: 5,336,690.82 GBP
    Current Capacity: 1578.81 MW
    Suggested Capacity: 1578.81 MW
    Capacity Change: +0.00 MW
    Recommendations: {'Do_Nothing': 1}
    ⚠️  WARNING: Has revenue (5,336,690.82 GBP) but no capacity expansion!
      - 1c_battery: Income=5,336,690.82, Net Revenue=5,336,690.82, ROI=0.0102, Recommendation=Do_Nothing, Capacity Change=0.00 MW

  0.5C_BATTERY:
    Total Income: 524,997,643.92 GBP
    Total Net Revenue: 524,997,643.92 GBP
    Current Capacity: 51911.16 MW
    Suggested Capacity: 51911.16 MW
    Capacity Change: +0.00 MW
    Recommendations: {'Do_Nothing': 1}
    ⚠️  WARNING: Has revenue (524,997,643.92 GBP) but no capacity expansion!
      - 0.5c_battery: Income=524,997,643.92, Net Revenue=524,997,643.92, ROI=0.0289, Recommendation=Do_Nothing, Capacity Change=0.00 MW

  0.25C_BATTERY:
    Total Income: 1,483,039,449.59 GBP
    Total Net Revenue: 1,483,039,449.59 GBP
    Current Capacity: 36645.12 MW
    Suggested Capacity: 40965.86 MW
    Capacity Change: +4320.74 MW
    Recommendations: {'Invest_High': 1}

  OFFSHORE:
    Total Income: 1,504,427,491.62 GBP
    Total Net Revenue: 1,504,418,618.04 GBP
    Current Capacity: 45664.03 MW
    Suggested Capacity: 45664.03 MW
    Capacity Change: +0.00 MW
    Recommendations: {'Do_Nothing': 21}
    ⚠️  WARNING: Has revenue (1,504,427,491.62 GBP) but no capacity expansion!
      - offshore1: Income=30,228,256.20, Net Revenue=30,227,861.19, ROI=0.0076, Recommendation=Do_Nothing, Capacity Change=0.00 MW
      - offshore10: Income=44,334,182.59, Net Revenue=44,333,964.94, ROI=0.0073, Recommendation=Do_Nothing, Capacity Change=0.00 MW
      - offshore11: Income=44,181,520.99, Net Revenue=44,181,351.62, ROI=0.0087, Recommendation=Do_Nothing, Capacity Change=0.00 MW
      - offshore12: Income=69,113,867.64, Net Revenue=69,113,601.25, ROI=0.0093, Recommendation=Do_Nothing, Capacity Change=0.00 MW
      - offshore13: Income=90,065,312.19, Net Revenue=90,065,019.18, ROI=0.0095, Recommendation=Do_Nothing, Capacity Change=0.00 MW
      - offshore15: Income=138,488,631.24, Net Revenue=138,488,247.57, ROI=0.0089, Recommendation=Do_Nothing, Capacity Change=0.00 MW
      - offshore16: Income=78,546,216.57, Net Revenue=78,546,050.01, ROI=0.0074, Recommendation=Do_Nothing, Capacity Change=0.00 MW
      - offshore17: Income=122,418,088.38, Net Revenue=122,417,863.01, ROI=0.0101, Recommendation=Do_Nothing, Capacity Change=0.00 MW
      - offshore18: Income=78,634,290.71, Net Revenue=78,634,191.48, ROI=0.0059, Recommendation=Do_Nothing, Capacity Change=0.00 MW
      - offshore2: Income=16,942,333.81, Net Revenue=16,942,076.45, ROI=0.0073, Recommendation=Do_Nothing, Capacity Change=0.00 MW
      - offshore20: Income=5,514,584.96, Net Revenue=5,514,577.69, ROI=0.0073, Recommendation=Do_Nothing, Capacity Change=0.00 MW
      - offshore21: Income=116,884,127.30, Net Revenue=116,883,978.69, ROI=0.0081, Recommendation=Do_Nothing, Capacity Change=0.00 MW
      - offshore3: Income=266,956,860.97, Net Revenue=266,953,501.46, ROI=0.0086, Recommendation=Do_Nothing, Capacity Change=0.00 MW
      - offshore5: Income=28,975,369.65, Net Revenue=28,975,066.14, ROI=0.0073, Recommendation=Do_Nothing, Capacity Change=0.00 MW
      - offshore6: Income=96,113,511.10, Net Revenue=96,112,700.51, ROI=0.0091, Recommendation=Do_Nothing, Capacity Change=0.00 MW
      - offshore7: Income=98,382,054.17, Net Revenue=98,381,356.08, ROI=0.0086, Recommendation=Do_Nothing, Capacity Change=0.00 MW
      - offshore8: Income=115,421,811.64, Net Revenue=115,421,078.52, ROI=0.0076, Recommendation=Do_Nothing, Capacity Change=0.00 MW
      - offshore9: Income=63,226,471.51, Net Revenue=63,226,132.24, ROI=0.0080, Recommendation=Do_Nothing, Capacity Change=0.00 MW

  ONSHORE:
    Total Income: 507,742,853.65 GBP
    Total Net Revenue: 507,734,497.40 GBP
    Current Capacity: 24688.83 MW
    Suggested Capacity: 24688.83 MW
    Capacity Change: +0.00 MW
    Recommendations: {'Do_Nothing': 11}
    ⚠️  WARNING: Has revenue (507,742,853.65 GBP) but no capacity expansion!
      - onshore_Birmingham: Income=232,041.01, Net Revenue=232,037.82, ROI=0.0105, Recommendation=Do_Nothing, Capacity Change=0.00 MW
      - onshore_Bournemouth: Income=11,845,057.19, Net Revenue=11,844,899.34, ROI=0.0197, Recommendation=Do_Nothing, Capacity Change=0.00 MW
      - onshore_Cardiff: Income=49,339,676.51, Net Revenue=49,339,006.33, ROI=0.0152, Recommendation=Do_Nothing, Capacity Change=0.00 MW
      - onshore_Edinburgh: Income=371,773,245.78, Net Revenue=371,766,858.50, ROI=0.0123, Recommendation=Do_Nothing, Capacity Change=0.00 MW
      - onshore_Ipswich: Income=18,340,975.27, Net Revenue=18,340,722.30, ROI=0.0187, Recommendation=Do_Nothing, Capacity Change=0.00 MW
      - onshore_London: Income=274,919.05, Net Revenue=274,915.39, ROI=0.0114, Recommendation=Do_Nothing, Capacity Change=0.00 MW
      - onshore_Manchester: Income=10,673,955.14, Net Revenue=10,673,777.42, ROI=0.0120, Recommendation=Do_Nothing, Capacity Change=0.00 MW
      - onshore_Newcastle: Income=13,025,054.53, Net Revenue=13,024,825.35, ROI=0.0135, Recommendation=Do_Nothing, Capacity Change=0.00 MW
      - onshore_Nottingham: Income=11,259,202.46, Net Revenue=11,259,047.53, ROI=0.0142, Recommendation=Do_Nothing, Capacity Change=0.00 MW
      - onshore_Portsmouth: Income=4,759,546.63, Net Revenue=4,759,484.40, ROI=0.0217, Recommendation=Do_Nothing, Capacity Change=0.00 MW
      - onshore_Sheffield: Income=16,219,180.09, Net Revenue=16,218,923.00, ROI=0.0126, Recommendation=Do_Nothing, Capacity Change=0.00 MW

  SOLAR:
    Total Income: 536,685,455.43 GBP
    Total Net Revenue: 536,681,959.36 GBP
    Current Capacity: 34203.08 MW
    Suggested Capacity: 34203.08 MW
    Capacity Change: +0.00 MW
    Recommendations: {'Do_Nothing': 11}
    ⚠️  WARNING: Has revenue (536,685,455.43 GBP) but no capacity expansion!
      - solar_Birmingham: Income=33,752,019.87, Net Revenue=33,751,804.13, ROI=0.0232, Recommendation=Do_Nothing, Capacity Change=0.00 MW
      - solar_Bournemouth: Income=83,841,553.85, Net Revenue=83,840,954.99, ROI=0.0241, Recommendation=Do_Nothing, Capacity Change=0.00 MW
      - solar_Cardiff: Income=34,936,454.65, Net Revenue=34,936,221.61, ROI=0.0238, Recommendation=Do_Nothing, Capacity Change=0.00 MW
      - solar_Edinburgh: Income=30,431,993.20, Net Revenue=30,431,809.68, ROI=0.0231, Recommendation=Do_Nothing, Capacity Change=0.00 MW
      - solar_Ipswich: Income=72,508,737.67, Net Revenue=72,508,232.20, ROI=0.0246, Recommendation=Do_Nothing, Capacity Change=0.00 MW
      - solar_London: Income=1,347,220.52, Net Revenue=1,347,211.49, ROI=0.0231, Recommendation=Do_Nothing, Capacity Change=0.00 MW
      - solar_Manchester: Income=13,359,153.60, Net Revenue=13,359,070.66, ROI=0.0234, Recommendation=Do_Nothing, Capacity Change=0.00 MW
      - solar_Newcastle: Income=15,774,894.53, Net Revenue=15,774,792.95, ROI=0.0237, Recommendation=Do_Nothing, Capacity Change=0.00 MW
      - solar_Nottingham: Income=103,970,524.05, Net Revenue=103,969,964.92, ROI=0.0233, Recommendation=Do_Nothing, Capacity Change=0.00 MW
      - solar_Portsmouth: Income=98,387,620.92, Net Revenue=98,386,909.39, ROI=0.0243, Recommendation=Do_Nothing, Capacity Change=0.00 MW
      - solar_Sheffield: Income=48,375,282.56, Net Revenue=48,374,987.34, ROI=0.0234, Recommendation=Do_Nothing, Capacity Change=0.00 MW

================================================================================

  V2 Agent investable decarb £933.0m is included as agent revenue only; it is not converted into a direct MW top-up.
✓ Fast investment analysis saved to C:\Users\86150\Desktop\five_scenario_include_uncertain_freq_cap_runs\07_future_subsidy_as_usual_2025_2035_20260718_decarb_virtual_pool_1000twh_scheme_c\investment_analysis_trace.sqlite
  System Cost: £62.78bn | Cost/MWh: £271.93
  📊 VRE and excess generation profiles recorded for year 2034
  📊 Total VRE profiles recorded for year 2034
      CAPACITY EXPANSION:
         - Solar: 34203.08 MW | Onshore: 24688.83 MW | Offshore: 45664.03 MW
         - Total VRE Capacity: 104555.95 MW
      GENERATION:
         - Total VRE Generation: 207.26 TWh
         - Total Thermal Generation: 23.63 TWh
         - Total Generation (VRE+Thermal): 230.89 TWh
         - Total Forecast Demand: 233.11 TWh
      EXCESS ANALYSIS:
         - Excess BEFORE storage/interconn: 0.10 TWh (VRE - Forecast)
         - Excess AFTER storage/interconn: 148.38 TWh (final excess)
         - Absorbed by storage/interconn: 0.00 TWh
         - Storage Capacity: 95838.77 MW
         - Excess/VRE Ratio (after): 71.59%
         - Excess/VRE Ratio (before): 0.05%
  📊 Edinburgh onshore wind generation recorded for year 2034 (Capacity: 19008.18 MW, Generation: 127745559.61 MWh)
    🔋 Battery Investment: 0.25c_battery - Recommendation: Invest_High, Current: 36645.12 MW, Suggested: 40965.86 MW, Add: 4320.74 MW, ROI: 0.0975
✓ Checkpoint saved after 2034: C:\Users\86150\Desktop\five_scenario_include_uncertain_freq_cap_runs\07_future_subsidy_as_usual_2025_2035_20260718_decarb_virtual_pool_1000twh_scheme_c\checkpoints\case3_v2_subsidy_as_usual_checkpoint.pkl

✓ Thermal capacity history saved to C:\Users\86150\Desktop\five_scenario_include_uncertain_freq_cap_runs\07_future_subsidy_as_usual_2025_2035_20260718_decarb_virtual_pool_1000twh_scheme_c\thermal_capacity_history_case3_v2_subsidy_as_usual.csv
✓ System cost history saved to C:\Users\86150\Desktop\five_scenario_include_uncertain_freq_cap_runs\07_future_subsidy_as_usual_2025_2035_20260718_decarb_virtual_pool_1000twh_scheme_c\system_cost_history_case3_v2_subsidy_as_usual.csv
✓ Capacity history saved to C:\Users\86150\Desktop\five_scenario_include_uncertain_freq_cap_runs\07_future_subsidy_as_usual_2025_2035_20260718_decarb_virtual_pool_1000twh_scheme_c\capacity_history_case3_v2_subsidy_as_usual.csv
✓ Investment summary saved to C:\Users\86150\Desktop\five_scenario_include_uncertain_freq_cap_runs\07_future_subsidy_as_usual_2025_2035_20260718_decarb_virtual_pool_1000twh_scheme_c\investment_summary_case3_v2_subsidy_as_usual.csv

================================================================================
VRE vs 全网 EXCESS GENERATION ANALYSIS - YEAR 2034
================================================================================
✓ VRE vs 全网 excess comparison saved to vre_vs_system_wide_excess_comparison_2034.csv

Summary Statistics for Year 2034:
  Total VRE Generation: 414,518,037.64 MWh
  Total Excess Generation: 296,753,596.42 MWh
  Excess as % of VRE: 71.59%
  Average VRE per Period: 23659.71 MWh
  Average Excess per Period: 16937.99 MWh
  Maximum VRE (single period): 44042.00 MWh
  Maximum Excess (single period): 61913.14 MWh
  Periods with Excess: 14166 out of 17520 (80.9%)
✓ 全网 excess summary saved to vre_vs_system_wide_excess_summary_2034.csv

================================================================================
EDINBURGH ONSHORE WIND GENERATION (generation only; excess = 全网, see below)
================================================================================
✓ Edinburgh generation (all years) saved to edinburgh_onshore_generation_all_years_detailed.csv
✓ Edinburgh generation summary saved to edinburgh_onshore_generation_summary_by_year.csv
✓ Individual year files saved (edinburgh_onshore_generation_YYYY.csv for years 2025-2034)

Summary for Edinburgh Onshore Wind (2025-2034):
  Years tracked: 10
  Total generation across all years: 1,005,092,173.90 MWh
  Average generation per period (all years): 5736.8275 MWh

  Year-by-year breakdown:
    2025: Capacity=10632.20 MW, Gen=74,403,029.71 MWh
    2026: Capacity=10865.35 MW, Gen=76,032,033.18 MWh
    2027: Capacity=10865.35 MW, Gen=75,776,975.52 MWh
    2028: Capacity=10865.35 MW, Gen=75,659,355.25 MWh
    2029: Capacity=11713.15 MW, Gen=81,351,559.42 MWh
    2030: Capacity=17461.50 MW, Gen=119,947,053.38 MWh
    2031: Capacity=18004.42 MW, Gen=123,030,268.77 MWh
    2032: Capacity=18358.93 MW, Gen=124,848,607.65 MWh
    2033: Capacity=18680.03 MW, Gen=126,297,731.42 MWh
    2034: Capacity=19008.18 MW, Gen=127,745,559.61 MWh

================================================================================
全网 EXCESS GENERATION PROFILE (Total VRE + System-Wide Excess)
================================================================================
✓ 全网 excess generation profile (all years) saved to system_wide_excess_generation_profile_all_years.csv
✓ 全网 excess summary by year saved to system_wide_excess_summary_by_year.csv
✓ Individual year files saved (system_wide_excess_generation_profile_YYYY.csv for years 2025-2034)

================================================================================
CASE 3 ANALYSIS COMPLETE
================================================================================
✓ Console log saved to C:\Users\86150\Desktop\five_scenario_include_uncertain_freq_cap_runs\07_future_subsidy_as_usual_2025_2035_20260718_decarb_virtual_pool_1000twh_scheme_c\console_log_case3.log

================================================================================
FINISHED=2026-07-18T23:47:24
RETURN_CODE=0
