
================================================================================
STARTED=2026-07-19T22:32:38
RUN_ID=20260719_base_cm_aligned_repd_virtual_pool_1000twh_scheme_c
SCENARIO=05_future_base_2025_2035
OUTPUT_DIR=C:\Users\86150\Desktop\five_scenario_include_uncertain_freq_cap_runs\05_future_base_2025_2035_20260719_base_cm_aligned_repd_virtual_pool_1000twh_scheme_c
YEARS=2025-2034
PYTHONHASHSEED=0
REPD_TIMELINE_HASH=md5_stable
CHECKPOINT=none
STORAGE_CAP_CREDIT_MODE=scheme_c
CMD=py -3.10 -B -u C:\Users\86150\Desktop\Dr.seal\能源投资\invest!\人人如龙\人人谦让\newpredictedVRE0.03 - sum - seperate prediction - 0.2c43_REPD2025_physical_income_fixed\decarbonization_cost_research\run_investment_analysis_case3_decarbonization_breakdown_cm.py
================================================================================
================================================================================
INVESTMENT ANALYSIS - CASE 3 ARCHIVE (basic)
OUTPUT_DIR=C:\Users\86150\Desktop\five_scenario_include_uncertain_freq_cap_runs\05_future_base_2025_2035_20260719_base_cm_aligned_repd_virtual_pool_1000twh_scheme_c
================================================================================
--- REPD operational stock snapshot 2025: solar=10066.98 MW, onshore=14711.65 MW, offshore=14679.00 MW, battery=2841.60 MW ---

--- REPD Project Filtering Summary ---
Status-stagnant zombie rule: last REPD status-progress milestone <= 2015 and still non-operational at snapshot 2025
Schedule-overdue zombie rule: historical median completion <= 2023 (snapshot minus 2y grace)
Total projects processed: 12977
Zombie projects filtered out: 1892
Status-stagnant zombie projects filtered out: 399
Schedule-overdue zombie projects filtered out: 3143
Already-operational stock excluded: 2412
Pre-START_YEAR completions excluded: 503
Uncertain projects filtered out: 0
Missing/unknown status: 2600
Projects included in pipeline: 1164
Filtering effectiveness: 14.6% filtered
Loaded success rates for 4 technologies across 46 technology-region combinations

--- Mapping Projects to Generators by Location ---
Projects mapped to generators by location: 587 / 1164
--- Case 3: Initializing Pumped Hydro. Start Capacity: 2828.0 MW, Start Energy Storage: 26700 MWh, Start CAPEX: £377,900,000 ---

==================== YEAR 2025 (CASE 3) ====================

  📋 Project Pipeline Status (Year 2025):
      Total projects in pipeline: 1164
      Year 2026: 331 projects (26051.38 MW scheduled)
      Year 2027: 546 projects (46105.02 MW scheduled)
      Year 2028: 67 projects (6047.66 MW scheduled)
      Year 2029: 38 projects (986.78 MW scheduled)
      Year 2030: 162 projects (5613.80 MW scheduled)

--- Starting Iteration 1: Electricity Market Simulation (Case 3: Decarbonization Cost to VRE + CM Cost to CCGT/OCGT) ---
--- Iteration 1: calling run_simulation(periods=17520, generators=48, batteries=5) ---
尝试打开wind文件: F:\newfinalweather\average_annual_wind_profile.nc
文件是否存在: True
Preparing weather profiles from netCDF files...
  Solar profiles...
  Onshore wind profiles...
  Offshore wind profiles...
Weather profiles ready and cached for this run.
--- Iteration 1: run_simulation returned. Processing results. ---
--- Iteration 1: Simulation Finished. Starting Investment Analysis (Case 3) ---
  ✓ Remapped battery income: thermal_battery → 1c_battery (156,278.93 GBP)
  ✓ Remapped battery income: li_battery → 0.5c_battery (921.04 GBP)
  ✓ Remapped battery income: air_battery → 0.25c_battery (648,725.76 GBP)

  Income Dictionary Keys Verification:
    Total income keys in simulation result: 49
    ⚠️  Assets with no income: ['hydrogen_battery', 'offshore14', 'offshore19', 'offshore4']
    ✓ offshore: 18 assets with income
    ⚠️  offshore: 3 assets without income: ['offshore4', 'offshore19', 'offshore14']
    ✓ onshore: 11 assets with income
    ✓ solar: 11 assets with income
    ✓ 1c_battery: 1 assets with income
    ✓ 0.5c_battery: 1 assets with income
    ✓ 0.25c_battery: 1 assets with income
--- Iteration 1: Adding 4 assets with zero income to analysis ---
--- Iteration 1: Investment analysis includes 53 assets (all 53 valid agents) ---
  Asset breakdown: 0.25c_battery: 1, 0.5c_battery: 1, 1c_battery: 1, CCGT: 1, Hydro_natural_flow: 1, Nuclear: 1, OCGT: 1, bio_and_waste: 1, hydrogen_battery: 1, offshore: 21, onshore: 11, pumped_hydro: 1, solar: 11
  ⚠ Warning: Found 2 assets with capacity > 10,000 MW:
      CCGT: 28000.00 MW (asset_type: CCGT)
      onshore_Edinburgh: 10632.20 MW (asset_type: onshore)

================================================================================
REVENUE-TO-INVESTMENT VERIFICATION (Iteration 1)
================================================================================

  1C_BATTERY:
    Total Income: 156,278.93 GBP
    Total Net Revenue: 156,278.93 GBP
    Current Capacity: 75.00 MW
    Suggested Capacity: 75.00 MW
    Capacity Change: +0.00 MW
    Recommendations: {'Do_Nothing': 1}
    ⚠️  WARNING: Has revenue (156,278.93 GBP) but no capacity expansion!
      - 1c_battery: Income=156,278.93, Net Revenue=156,278.93, ROI=0.0063, Recommendation=Do_Nothing, Capacity Change=0.00 MW

  0.5C_BATTERY:
    Total Income: 921.04 GBP
    Total Net Revenue: 921.04 GBP
    Current Capacity: 2465.87 MW
    Suggested Capacity: 2465.87 MW
    Capacity Change: +0.00 MW
    Recommendations: {'Do_Nothing': 1}
    ⚠️  WARNING: Has revenue (921.04 GBP) but no capacity expansion!
      - 0.5c_battery: Income=921.04, Net Revenue=921.04, ROI=0.0000, Recommendation=Do_Nothing, Capacity Change=0.00 MW

  0.25C_BATTERY:
    Total Income: 648,725.76 GBP
    Total Net Revenue: 648,725.76 GBP
    Current Capacity: 299.98 MW
    Suggested Capacity: 299.98 MW
    Capacity Change: +0.00 MW
    Recommendations: {'Do_Nothing': 1}
    ⚠️  WARNING: Has revenue (648,725.76 GBP) but no capacity expansion!
      - 0.25c_battery: Income=648,725.76, Net Revenue=648,725.76, ROI=0.0052, Recommendation=Do_Nothing, Capacity Change=0.00 MW

  OFFSHORE:
    Total Income: 3,341,212,575.42 GBP
    Total Net Revenue: 3,341,205,349.55 GBP
    Current Capacity: 14679.00 MW
    Suggested Capacity: 15519.34 MW
    Capacity Change: +840.34 MW
    Recommendations: {'Invest_Profit': 18, 'Do_Nothing': 3}

  ONSHORE:
    Total Income: 2,096,899,703.76 GBP
    Total Net Revenue: 2,096,894,418.37 GBP
    Current Capacity: 14711.65 MW
    Suggested Capacity: 16032.11 MW
    Capacity Change: +1320.46 MW
    Recommendations: {'Invest_High': 9, 'Invest_Profit': 2}

  SOLAR:
    Total Income: 560,908,944.59 GBP
    Total Net Revenue: 560,907,846.31 GBP
    Current Capacity: 10066.98 MW
    Suggested Capacity: 10918.13 MW
    Capacity Change: +851.15 MW
    Recommendations: {'Invest_High': 6, 'Invest_Profit': 5}

================================================================================

✓ Fast investment analysis saved to C:\Users\86150\Desktop\five_scenario_include_uncertain_freq_cap_runs\05_future_base_2025_2035_20260719_base_cm_aligned_repd_virtual_pool_1000twh_scheme_c\investment_analysis_trace.sqlite
  System Cost: £25.28bn | Cost/MWh: £108.31
  📊 Total VRE profiles recorded for year 2025
      CAPACITY EXPANSION:
         - Solar: 10066.98 MW | Onshore: 14711.65 MW | Offshore: 14679.00 MW
         - Total VRE Capacity: 39457.63 MW
      GENERATION:
         - Total VRE Generation: 136.10 TWh
         - Total Thermal Generation: 97.32 TWh
         - Total Generation (VRE+Thermal): 233.42 TWh
         - Total Forecast Demand: 233.11 TWh
      EXCESS ANALYSIS:
         - Excess BEFORE storage/interconn: 0.01 TWh (VRE - Forecast)
         - Excess AFTER storage/interconn: 3.84 TWh (final excess)
         - Absorbed by storage/interconn: 0.00 TWh
         - Storage Capacity: 5669.60 MW
         - Excess/VRE Ratio (after): 2.82%
         - Excess/VRE Ratio (before): 0.01%
  📊 Edinburgh onshore wind generation recorded for year 2025 (Capacity: 10632.20 MW, Generation: 74403029.71 MWh)
✓ Checkpoint saved after 2025: C:\Users\86150\Desktop\five_scenario_include_uncertain_freq_cap_runs\05_future_base_2025_2035_20260719_base_cm_aligned_repd_virtual_pool_1000twh_scheme_c\checkpoints\future_base_2025_2035_checkpoint.pkl
    ⚠️ Batteries found in analysis but no investments recommended:
      - 0.25c_battery: Recommendation=Do_Nothing, ROI=0.0052, Net Revenue=648725.76, Current Capacity=299.98 MW
      - 0.5c_battery: Recommendation=Do_Nothing, ROI=0.0000, Net Revenue=921.04, Current Capacity=2465.87 MW
      - 1c_battery: Recommendation=Do_Nothing, ROI=0.0063, Net Revenue=156278.93, Current Capacity=75.00 MW

==================== YEAR 2026 (CASE 3) ====================
--- Year 2026: Updating Pumped Hydro capacity as per schedule to 2927.9 MW ---
--- Year 2026: Updating Pumped Hydro energy storage as per schedule to 27400 MWh ---
  📦 Projects completing in 2026: 332 (26097.53 MW)
      - External (REPD): 331 projects (26051.38 MW)
      - Model-driven: 1 projects (46.14 MW)
      ✓ solar_Sheffield: 307.1MW → 309.4MW (+2.30 MW, location-based assignment, distance: N/A km)
      ✓ solar_Nottingham: 1159.8MW → 1297.8MW (+138.00 MW, location-based assignment, distance: N/A km)
      ✓ solar_Edinburgh: 293.3MW → 294.6MW (+1.30 MW, location-based assignment, distance: N/A km)
      ✓ solar_Ipswich: 1748.8MW → 1775.8MW (+27.00 MW, location-based assignment, distance: N/A km)
      ✓ solar_Birmingham: 674.6MW → 705.6MW (+31.04 MW, location-based assignment, distance: N/A km)
      ✓ solar_Nottingham: 1297.8MW → 1777.8MW (+480.00 MW, location-based assignment, distance: N/A km)
      ✓ solar_Ipswich: 1775.8MW → 1825.7MW (+49.90 MW, location-based assignment, distance: N/A km)
      ✓ solar_Nottingham: 1777.8MW → 1827.7MW (+49.90 MW, location-based assignment, distance: N/A km)
      ✓ solar_Ipswich: 1825.7MW → 1850.6MW (+24.90 MW, location-based assignment, distance: N/A km)
      ✓ solar_Sheffield: 309.4MW → 485.8MW (+176.36 MW, location-based assignment, distance: N/A km)
      ✓ solar_Edinburgh: 294.6MW → 315.1MW (+20.50 MW, location-based assignment, distance: N/A km)
      ✓ solar_Edinburgh: 315.1MW → 335.1MW (+20.00 MW, location-based assignment, distance: N/A km)
      ✓ solar_Sheffield: 485.8MW → 885.8MW (+400.00 MW, location-based assignment, distance: N/A km)
      ✓ solar_Bournemouth: 2722.2MW → 2741.2MW (+19.00 MW, location-based assignment, distance: N/A km)
      ✓ solar_Nottingham: 1827.7MW → 1847.7MW (+20.00 MW, location-based assignment, distance: N/A km)
      ✓ solar_Portsmouth: 1970.7MW → 2014.7MW (+44.00 MW, location-based assignment, distance: N/A km)
      ✓ solar_Portsmouth: 2014.7MW → 2060.6MW (+45.90 MW, location-based assignment, distance: N/A km)
      ✓ solar_Cardiff: 897.6MW → 939.6MW (+42.00 MW, location-based assignment, distance: N/A km)
      ✓ solar_Ipswich: 1850.6MW → 1864.4MW (+13.80 MW, location-based assignment, distance: N/A km)
      ✓ solar_Birmingham: 705.6MW → 735.6MW (+30.00 MW, location-based assignment, distance: N/A km)
      ✓ solar_Birmingham: 735.6MW → 758.7MW (+23.10 MW, location-based assignment, distance: N/A km)
      ✓ solar_Portsmouth: 2060.6MW → 2790.4MW (+729.78 MW, location-based assignment, distance: N/A km)
      ✓ solar_Portsmouth: 2790.4MW → 2820.4MW (+30.00 MW, location-based assignment, distance: N/A km)
      ✓ solar_Sheffield: 885.8MW → 908.2MW (+22.40 MW, location-based assignment, distance: N/A km)
      ✓ solar_Nottingham: 1847.7MW → 1897.6MW (+49.90 MW, location-based assignment, distance: N/A km)
      ✓ solar_Cardiff: 939.6MW → 953.3MW (+13.70 MW, location-based assignment, distance: N/A km)
      ✓ solar_Birmingham: 758.7MW → 759.7MW (+0.98 MW, location-based assignment, distance: N/A km)
      ✓ solar_Cardiff: 953.3MW → 954.6MW (+1.30 MW, location-based assignment, distance: N/A km)
      ✓ solar_Nottingham: 1897.6MW → 1898.6MW (+1.00 MW, location-based assignment, distance: N/A km)
      ✓ solar_Birmingham: 759.7MW → 799.7MW (+40.00 MW, location-based assignment, distance: N/A km)
      ✓ solar_Ipswich: 1864.4MW → 1885.9MW (+21.54 MW, location-based assignment, distance: N/A km)
      ✓ solar_Edinburgh: 335.1MW → 342.6MW (+7.50 MW, location-based assignment, distance: N/A km)
      ✓ solar_Birmingham: 799.7MW → 829.7MW (+30.00 MW, location-based assignment, distance: N/A km)
      ✓ solar_Newcastle: 60.4MW → 98.2MW (+37.88 MW, location-based assignment, distance: N/A km)
      ✓ solar_Birmingham: 829.7MW → 879.6MW (+49.90 MW, location-based assignment, distance: N/A km)
      ✓ solar_Nottingham: 1898.6MW → 1922.6MW (+24.00 MW, location-based assignment, distance: N/A km)
      ✓ solar_Birmingham: 879.6MW → 907.6MW (+28.00 MW, location-based assignment, distance: N/A km)
      ✓ solar_Nottingham: 1922.6MW → 1924.3MW (+1.70 MW, location-based assignment, distance: N/A km)
      ✓ solar_Bournemouth: 2741.2MW → 2743.7MW (+2.50 MW, location-based assignment, distance: N/A km)
      ✓ solar_Manchester: 223.6MW → 266.5MW (+42.94 MW, location-based assignment, distance: N/A km)
      ✓ solar_Manchester: 266.5MW → 270.5MW (+4.00 MW, location-based assignment, distance: N/A km)
      ✓ solar_Manchester: 270.5MW → 283.4MW (+12.91 MW, location-based assignment, distance: N/A km)
      ✓ solar_Sheffield: 908.2MW → 1128.6MW (+220.45 MW, location-based assignment, distance: N/A km)
      ✓ solar_Ipswich: 1885.9MW → 1896.6MW (+10.70 MW, location-based assignment, distance: N/A km)
      ✓ solar_Nottingham: 1924.3MW → 1954.4MW (+30.16 MW, location-based assignment, distance: N/A km)
      ✓ solar_Bournemouth: 2743.7MW → 2773.7MW (+30.00 MW, location-based assignment, distance: N/A km)
      ✓ solar_Edinburgh: 342.6MW → 414.6MW (+72.00 MW, location-based assignment, distance: N/A km)
      ✓ solar_Birmingham: 907.6MW → 932.6MW (+25.00 MW, location-based assignment, distance: N/A km)
      ✓ solar_Birmingham: 932.6MW → 959.2MW (+26.61 MW, location-based assignment, distance: N/A km)
      ✓ solar_Portsmouth: 2820.4MW → 2840.4MW (+20.00 MW, location-based assignment, distance: N/A km)
      ✓ solar_Sheffield: 1128.6MW → 1130.2MW (+1.56 MW, location-based assignment, distance: N/A km)
      ✓ solar_Manchester: 283.4MW → 295.9MW (+12.50 MW, location-based assignment, distance: N/A km)
      ✓ solar_Edinburgh: 414.6MW → 524.6MW (+110.00 MW, location-based assignment, distance: N/A km)
      ✓ solar_Newcastle: 98.2MW → 114.2MW (+16.00 MW, location-based assignment, distance: N/A km)
      ✓ solar_Ipswich: 1896.6MW → 1946.5MW (+49.90 MW, location-based assignment, distance: N/A km)
      ✓ solar_Bournemouth: 2773.7MW → 2813.7MW (+40.00 MW, location-based assignment, distance: N/A km)
      ✓ solar_Sheffield: 1130.2MW → 1140.2MW (+10.00 MW, location-based assignment, distance: N/A km)
      ✓ solar_Nottingham: 1954.4MW → 2000.4MW (+46.00 MW, location-based assignment, distance: N/A km)
      ✓ solar_Edinburgh: 524.6MW → 535.5MW (+10.91 MW, location-based assignment, distance: N/A km)
      ✓ solar_Nottingham: 2000.4MW → 2001.4MW (+1.00 MW, location-based assignment, distance: N/A km)
      ✓ solar_Edinburgh: 535.5MW → 539.5MW (+4.00 MW, location-based assignment, distance: N/A km)
      ✓ solar_Sheffield: 1140.2MW → 1168.2MW (+28.00 MW, location-based assignment, distance: N/A km)
      ✓ solar_Nottingham: 2001.4MW → 2034.2MW (+32.75 MW, location-based assignment, distance: N/A km)
      ✓ solar_Manchester: 295.9MW → 327.7MW (+31.84 MW, location-based assignment, distance: N/A km)
      ✓ solar_Bournemouth: 2813.7MW → 2814.8MW (+1.05 MW, location-based assignment, distance: N/A km)
      ✓ solar_Portsmouth: 2840.4MW → 2887.9MW (+47.50 MW, location-based assignment, distance: N/A km)
      ✓ solar_Portsmouth: 2887.9MW → 2937.8MW (+49.90 MW, location-based assignment, distance: N/A km)
      ✓ solar_London: 9.0MW → 21.0MW (+12.00 MW, location-based assignment, distance: N/A km)
      ✓ solar_Portsmouth: 2937.8MW → 2957.7MW (+19.98 MW, location-based assignment, distance: N/A km)
      ✓ solar_Edinburgh: 539.5MW → 555.9MW (+16.36 MW, location-based assignment, distance: N/A km)
      ✓ solar_Manchester: 327.7MW → 336.4MW (+8.61 MW, location-based assignment, distance: N/A km)
      ✓ solar_Bournemouth: 2814.8MW → 2842.5MW (+27.76 MW, location-based assignment, distance: N/A km)
      ✓ solar_Edinburgh: 555.9MW → 592.2MW (+36.35 MW, location-based assignment, distance: N/A km)
      ✓ solar_Bournemouth: 2842.5MW → 2844.4MW (+1.88 MW, location-based assignment, distance: N/A km)
      ✓ solar_Birmingham: 959.2MW → 962.4MW (+3.20 MW, location-based assignment, distance: N/A km)
      ✓ solar_Edinburgh: 592.2MW → 598.2MW (+6.00 MW, location-based assignment, distance: N/A km)
      ✓ solar_Manchester: 336.4MW → 337.4MW (+1.00 MW, location-based assignment, distance: N/A km)
      ✓ solar_Manchester: 337.4MW → 339.5MW (+2.15 MW, location-based assignment, distance: N/A km)
      ✓ solar_Ipswich: 1946.5MW → 1969.3MW (+22.84 MW, location-based assignment, distance: N/A km)
      ✓ solar_Newcastle: 114.2MW → 164.1MW (+49.90 MW, location-based assignment, distance: N/A km)
      ✓ solar_Sheffield: 1168.2MW → 1218.1MW (+49.90 MW, location-based assignment, distance: N/A km)
      ✓ solar_Sheffield: 1218.1MW → 1241.6MW (+23.50 MW, location-based assignment, distance: N/A km)
      ✓ solar_Cardiff: 954.6MW → 964.6MW (+9.99 MW, location-based assignment, distance: N/A km)
      ✓ solar_Portsmouth: 2957.7MW → 2969.8MW (+12.10 MW, location-based assignment, distance: N/A km)
      ✓ solar_Newcastle: 164.1MW → 172.1MW (+8.00 MW, location-based assignment, distance: N/A km)
      ✓ solar_Edinburgh: 598.2MW → 599.9MW (+1.64 MW, location-based assignment, distance: N/A km)
      ✓ solar_Newcastle: 172.1MW → 292.1MW (+120.00 MW, location-based assignment, distance: N/A km)
      ✓ solar_Portsmouth: 2969.8MW → 2992.3MW (+22.50 MW, location-based assignment, distance: N/A km)
      ✓ solar_Ipswich: 1969.3MW → 1994.3MW (+25.00 MW, location-based assignment, distance: N/A km)
      ✓ solar_Cardiff: 964.6MW → 965.6MW (+1.00 MW, location-based assignment, distance: N/A km)
      ✓ solar_Manchester: 339.5MW → 343.5MW (+4.00 MW, location-based assignment, distance: N/A km)
      ✓ solar_Nottingham: 2034.2MW → 2062.2MW (+28.00 MW, location-based assignment, distance: N/A km)
      ✓ solar_Ipswich: 1994.3MW → 2034.3MW (+40.00 MW, location-based assignment, distance: N/A km)
      ✓ solar_Nottingham: 2062.2MW → 2069.7MW (+7.50 MW, location-based assignment, distance: N/A km)
      ✓ solar_Sheffield: 1241.6MW → 1274.1MW (+32.49 MW, location-based assignment, distance: N/A km)
      ✓ solar_Cardiff: 965.6MW → 974.0MW (+8.36 MW, location-based assignment, distance: N/A km)
      ✓ solar_Portsmouth: 2992.3MW → 3008.0MW (+15.64 MW, location-based assignment, distance: N/A km)
      ✓ solar_Ipswich: 2034.3MW → 2049.3MW (+15.00 MW, location-based assignment, distance: N/A km)
      ✓ solar_Bournemouth: 2844.4MW → 2846.3MW (+1.93 MW, location-based assignment, distance: N/A km)
      ✓ solar_Sheffield: 1274.1MW → 1277.1MW (+3.00 MW, location-based assignment, distance: N/A km)
      ✓ solar_Manchester: 343.5MW → 360.7MW (+17.21 MW, location-based assignment, distance: N/A km)
      ✓ solar_Sheffield: 1277.1MW → 1294.7MW (+17.64 MW, location-based assignment, distance: N/A km)
      ✓ solar_Nottingham: 2069.7MW → 2075.7MW (+6.00 MW, location-based assignment, distance: N/A km)
      ✓ solar_Edinburgh: 599.9MW → 612.4MW (+12.50 MW, location-based assignment, distance: N/A km)
      ✓ solar_Ipswich: 2049.3MW → 2059.3MW (+10.00 MW, location-based assignment, distance: N/A km)
      ✓ solar_Bournemouth: 2846.3MW → 2855.5MW (+9.20 MW, location-based assignment, distance: N/A km)
      ✓ solar_Birmingham: 962.4MW → 967.4MW (+5.00 MW, location-based assignment, distance: N/A km)
      ✓ solar_Portsmouth: 3008.0MW → 3010.0MW (+2.00 MW, location-based assignment, distance: N/A km)
      ✓ solar_Portsmouth: 3010.0MW → 3015.0MW (+5.00 MW, location-based assignment, distance: N/A km)
      ✓ solar_Portsmouth: 3015.0MW → 3016.1MW (+1.15 MW, location-based assignment, distance: N/A km)
      ✓ solar_Ipswich: 2059.3MW → 2060.3MW (+1.00 MW, location-based assignment, distance: N/A km)
      ✓ solar_Bournemouth: 2855.5MW → 2856.5MW (+1.00 MW, location-based assignment, distance: N/A km)
      ✓ solar_Nottingham: 2075.7MW → 2096.4MW (+20.68 MW, location-based assignment, distance: N/A km)
      ✓ solar_Manchester: 360.7MW → 370.0MW (+9.30 MW, location-based assignment, distance: N/A km)
      ✓ solar_Bournemouth: 2856.5MW → 2857.6MW (+1.06 MW, location-based assignment, distance: N/A km)
      ✓ solar_Bournemouth: 2857.6MW → 2858.7MW (+1.10 MW, location-based assignment, distance: N/A km)
      ✓ solar_Manchester: 370.0MW → 371.1MW (+1.12 MW, location-based assignment, distance: N/A km)
      ✓ solar_Manchester: 371.1MW → 372.2MW (+1.10 MW, location-based assignment, distance: N/A km)
      ✓ solar_Portsmouth: 3016.1MW → 3018.3MW (+2.15 MW, location-based assignment, distance: N/A km)
      ✓ solar_Bournemouth: 2858.7MW → 2870.1MW (+11.46 MW, location-based assignment, distance: N/A km)
      ✓ solar_Portsmouth: 3018.3MW → 3061.6MW (+43.35 MW, location-based assignment, distance: N/A km)
      ✓ solar_Ipswich: 2060.3MW → 2062.7MW (+2.40 MW, location-based assignment, distance: N/A km)
      ✓ solar_Nottingham: 2096.4MW → 2097.8MW (+1.44 MW, location-based assignment, distance: N/A km)
      ✓ solar_Bournemouth: 2870.1MW → 2871.2MW (+1.02 MW, location-based assignment, distance: N/A km)
      ✓ solar_Newcastle: 292.1MW → 293.5MW (+1.40 MW, location-based assignment, distance: N/A km)
      ✓ solar_Cardiff: 974.0MW → 975.4MW (+1.40 MW, location-based assignment, distance: N/A km)
      ✓ solar_Manchester: 372.2MW → 373.5MW (+1.30 MW, location-based assignment, distance: N/A km)
      ✓ solar_Ipswich: 2062.7MW → 2065.0MW (+2.30 MW, location-based assignment, distance: N/A km)
      ✓ solar_Newcastle: 293.5MW → 294.5MW (+1.00 MW, location-based assignment, distance: N/A km)
      ✓ solar_Ipswich: 2065.0MW → 2067.8MW (+2.80 MW, location-based assignment, distance: N/A km)
      ✓ solar_Sheffield: 1294.7MW → 1295.8MW (+1.10 MW, location-based assignment, distance: N/A km)
      ✓ solar_Birmingham: 967.4MW → 968.5MW (+1.03 MW, location-based assignment, distance: N/A km)
      ✓ solar_Cardiff: 975.4MW → 1001.2MW (+25.87 MW, location-based assignment, distance: N/A km)
      ✓ solar_Sheffield: 1295.8MW → 1296.9MW (+1.11 MW, location-based assignment, distance: N/A km)
      ✓ solar_Manchester: 373.5MW → 374.7MW (+1.12 MW, location-based assignment, distance: N/A km)
      ✓ solar_Birmingham: 968.5MW → 969.5MW (+1.01 MW, location-based assignment, distance: N/A km)
      ✓ solar_Ipswich: 2067.8MW → 2076.6MW (+8.80 MW, location-based assignment, distance: N/A km)
      ✓ solar_Nottingham: 2097.8MW → 2098.7MW (+0.87 MW, location-based assignment, distance: N/A km)
      ✓ solar_Birmingham: 969.5MW → 1015.6MW (+46.14 MW, location-based assignment, distance: N/A km)
    📊 Allocating 31.58 MW solar capacity (no location data) across 11 generators (total existing: 14724.45 MW)
      ✓ solar_Birmingham: 1015.6MW → 1017.8MW (+2.18 MW, 6.90% share, proportional)
      ✓ solar_Bournemouth: 2871.2MW → 2877.3MW (+6.16 MW, 19.50% share, proportional)
      ✓ solar_Cardiff: 1001.2MW → 1003.4MW (+2.15 MW, 6.80% share, proportional)
      ✓ solar_Edinburgh: 612.4MW → 613.7MW (+1.31 MW, 4.16% share, proportional)
      ✓ solar_Ipswich: 2076.6MW → 2081.1MW (+4.45 MW, 14.10% share, proportional)
      ✓ solar_London: 21.0MW → 21.1MW (+0.05 MW, 0.14% share, proportional)
      ✓ solar_Manchester: 374.7MW → 375.5MW (+0.80 MW, 2.54% share, proportional)
      ✓ solar_Newcastle: 294.5MW → 295.2MW (+0.63 MW, 2.00% share, proportional)
      ✓ solar_Nottingham: 2098.7MW → 2103.2MW (+4.50 MW, 14.25% share, proportional)
      ✓ solar_Portsmouth: 3061.6MW → 3068.2MW (+6.57 MW, 20.79% share, proportional)
      ✓ solar_Sheffield: 1296.9MW → 1299.7MW (+2.78 MW, 8.81% share, proportional)
    ✓ Updated 0.5c_battery: pool_limit 2465.87 → 2694.96 (+229.09 MW, per_pool_limit=1347.48 MWh/period from external)
    ✓ Updated 1c_battery: pool_limit 75.00 → 81.96 (+6.97 MW, per_pool_limit=40.98 MWh/period from external)
    ✓ Updated 0.25c_battery: pool_limit 299.98 → 327.85 (+27.87 MW, per_pool_limit=163.93 MWh/period from external)
    ✓ Updated hydrogen_battery: pool_limit 0.75 → 0.82 (+0.07 MW, per_pool_limit=0.41 MWh/period from external)
    ✓ Updated 0.5c_battery: pool_limit 2694.96 → 2712.32 (+17.36 MW, per_pool_limit=1356.16 MWh/period from external)
    ✓ Updated 1c_battery: pool_limit 81.96 → 82.49 (+0.53 MW, per_pool_limit=41.25 MWh/period from external)
    ✓ Updated 0.25c_battery: pool_limit 327.85 → 329.97 (+2.11 MW, per_pool_limit=164.98 MWh/period from external)
    ✓ Updated hydrogen_battery: pool_limit 0.82 → 0.82 (+0.01 MW, per_pool_limit=0.41 MWh/period from external)
    ✓ Updated 0.5c_battery: pool_limit 2712.32 → 2755.30 (+42.98 MW, per_pool_limit=1377.65 MWh/period from external)
    ✓ Updated 1c_battery: pool_limit 82.49 → 83.80 (+1.31 MW, per_pool_limit=41.90 MWh/period from external)
    ✓ Updated 0.25c_battery: pool_limit 329.97 → 335.19 (+5.23 MW, per_pool_limit=167.60 MWh/period from external)
    ✓ Updated hydrogen_battery: pool_limit 0.82 → 0.84 (+0.01 MW, per_pool_limit=0.42 MWh/period from external)
    ✓ Updated 0.5c_battery: pool_limit 2755.30 → 2798.60 (+43.30 MW, per_pool_limit=1399.30 MWh/period from external)
    ✓ Updated 1c_battery: pool_limit 83.80 → 85.12 (+1.32 MW, per_pool_limit=42.56 MWh/period from external)
    ✓ Updated 0.25c_battery: pool_limit 335.19 → 340.46 (+5.27 MW, per_pool_limit=170.23 MWh/period from external)
    ✓ Updated hydrogen_battery: pool_limit 0.84 → 0.85 (+0.01 MW, per_pool_limit=0.43 MWh/period from external)
    ✓ Updated 0.5c_battery: pool_limit 2798.60 → 2841.99 (+43.39 MW, per_pool_limit=1420.99 MWh/period from external)
    ✓ Updated 1c_battery: pool_limit 85.12 → 86.44 (+1.32 MW, per_pool_limit=43.22 MWh/period from external)
    ✓ Updated 0.25c_battery: pool_limit 340.46 → 345.74 (+5.28 MW, per_pool_limit=172.87 MWh/period from external)
    ✓ Updated hydrogen_battery: pool_limit 0.85 → 0.86 (+0.01 MW, per_pool_limit=0.43 MWh/period from external)
    ✓ Updated 0.5c_battery: pool_limit 2841.99 → 2855.87 (+13.88 MW, per_pool_limit=1427.94 MWh/period from external)
    ✓ Updated 1c_battery: pool_limit 86.44 → 86.86 (+0.42 MW, per_pool_limit=43.43 MWh/period from external)
    ✓ Updated 0.25c_battery: pool_limit 345.74 → 347.43 (+1.69 MW, per_pool_limit=173.71 MWh/period from external)
    ✓ Updated hydrogen_battery: pool_limit 0.86 → 0.87 (+0.00 MW, per_pool_limit=0.43 MWh/period from external)
    ✓ Updated 0.5c_battery: pool_limit 2855.87 → 2899.26 (+43.39 MW, per_pool_limit=1449.63 MWh/period from external)
    ✓ Updated 1c_battery: pool_limit 86.86 → 88.18 (+1.32 MW, per_pool_limit=44.09 MWh/period from external)
    ✓ Updated 0.25c_battery: pool_limit 347.43 → 352.71 (+5.28 MW, per_pool_limit=176.35 MWh/period from external)
    ✓ Updated hydrogen_battery: pool_limit 0.87 → 0.88 (+0.01 MW, per_pool_limit=0.44 MWh/period from external)
    ✓ Updated 0.5c_battery: pool_limit 2899.26 → 2942.56 (+43.30 MW, per_pool_limit=1471.28 MWh/period from external)
    ✓ Updated 1c_battery: pool_limit 88.18 → 89.49 (+1.32 MW, per_pool_limit=44.75 MWh/period from external)
    ✓ Updated 0.25c_battery: pool_limit 352.71 → 357.98 (+5.27 MW, per_pool_limit=178.99 MWh/period from external)
    ✓ Updated hydrogen_battery: pool_limit 0.88 → 0.89 (+0.01 MW, per_pool_limit=0.45 MWh/period from external)
    ✓ Updated 0.5c_battery: pool_limit 2942.56 → 3376.45 (+433.89 MW, per_pool_limit=1688.23 MWh/period from external)
    ✓ Updated 1c_battery: pool_limit 89.49 → 102.69 (+13.20 MW, per_pool_limit=51.35 MWh/period from external)
    ✓ Updated 0.25c_battery: pool_limit 357.98 → 410.76 (+52.78 MW, per_pool_limit=205.38 MWh/period from external)
    ✓ Updated hydrogen_battery: pool_limit 0.89 → 1.03 (+0.13 MW, per_pool_limit=0.51 MWh/period from external)
    ✓ Updated 0.5c_battery: pool_limit 3376.45 → 4244.23 (+867.78 MW, per_pool_limit=2122.11 MWh/period from external)
    ✓ Updated 1c_battery: pool_limit 102.69 → 129.08 (+26.39 MW, per_pool_limit=64.54 MWh/period from external)
    ✓ Updated 0.25c_battery: pool_limit 410.76 → 516.33 (+105.57 MW, per_pool_limit=258.16 MWh/period from external)
    ✓ Updated hydrogen_battery: pool_limit 1.03 → 1.29 (+0.26 MW, per_pool_limit=0.65 MWh/period from external)
    ✓ Updated 0.5c_battery: pool_limit 4244.23 → 4248.57 (+4.34 MW, per_pool_limit=2124.28 MWh/period from external)
    ✓ Updated 1c_battery: pool_limit 129.08 → 129.21 (+0.13 MW, per_pool_limit=64.61 MWh/period from external)
    ✓ Updated 0.25c_battery: pool_limit 516.33 → 516.86 (+0.53 MW, per_pool_limit=258.43 MWh/period from external)
    ✓ Updated hydrogen_battery: pool_limit 1.29 → 1.29 (+0.00 MW, per_pool_limit=0.65 MWh/period from external)
    ✓ Updated 0.5c_battery: pool_limit 4248.57 → 4298.03 (+49.46 MW, per_pool_limit=2149.01 MWh/period from external)
    ✓ Updated 1c_battery: pool_limit 129.21 → 130.72 (+1.50 MW, per_pool_limit=65.36 MWh/period from external)
    ✓ Updated 0.25c_battery: pool_limit 516.86 → 522.87 (+6.02 MW, per_pool_limit=261.44 MWh/period from external)
    ✓ Updated hydrogen_battery: pool_limit 1.29 → 1.31 (+0.02 MW, per_pool_limit=0.65 MWh/period from external)
    ✓ Updated 0.5c_battery: pool_limit 4298.03 → 4322.76 (+24.73 MW, per_pool_limit=2161.38 MWh/period from external)
    ✓ Updated 1c_battery: pool_limit 130.72 → 131.47 (+0.75 MW, per_pool_limit=65.74 MWh/period from external)
    ✓ Updated 0.25c_battery: pool_limit 522.87 → 525.88 (+3.01 MW, per_pool_limit=262.94 MWh/period from external)
    ✓ Updated hydrogen_battery: pool_limit 1.31 → 1.31 (+0.01 MW, per_pool_limit=0.66 MWh/period from external)
    ✓ Updated 0.5c_battery: pool_limit 4322.76 → 4409.54 (+86.78 MW, per_pool_limit=2204.77 MWh/period from external)
    ✓ Updated 1c_battery: pool_limit 131.47 → 134.11 (+2.64 MW, per_pool_limit=67.06 MWh/period from external)
    ✓ Updated 0.25c_battery: pool_limit 525.88 → 536.44 (+10.56 MW, per_pool_limit=268.22 MWh/period from external)
    ✓ Updated hydrogen_battery: pool_limit 1.31 → 1.34 (+0.03 MW, per_pool_limit=0.67 MWh/period from external)
    ✓ Updated 0.5c_battery: pool_limit 4409.54 → 5450.87 (+1041.33 MW, per_pool_limit=2725.43 MWh/period from external)
    ✓ Updated 1c_battery: pool_limit 134.11 → 165.78 (+31.67 MW, per_pool_limit=82.89 MWh/period from external)
    ✓ Updated 0.25c_battery: pool_limit 536.44 → 663.12 (+126.68 MW, per_pool_limit=331.56 MWh/period from external)
    ✓ Updated hydrogen_battery: pool_limit 1.34 → 1.66 (+0.32 MW, per_pool_limit=0.83 MWh/period from external)
    ✓ Updated 0.5c_battery: pool_limit 5450.87 → 5468.22 (+17.36 MW, per_pool_limit=2734.11 MWh/period from external)
    ✓ Updated 1c_battery: pool_limit 165.78 → 166.31 (+0.53 MW, per_pool_limit=83.15 MWh/period from external)
    ✓ Updated 0.25c_battery: pool_limit 663.12 → 665.23 (+2.11 MW, per_pool_limit=332.62 MWh/period from external)
    ✓ Updated hydrogen_battery: pool_limit 1.66 → 1.66 (+0.01 MW, per_pool_limit=0.83 MWh/period from external)
    ✓ Updated 0.5c_battery: pool_limit 5468.22 → 5815.33 (+347.11 MW, per_pool_limit=2907.67 MWh/period from external)
    ✓ Updated 1c_battery: pool_limit 166.31 → 176.87 (+10.56 MW, per_pool_limit=88.43 MWh/period from external)
    ✓ Updated 0.25c_battery: pool_limit 665.23 → 707.46 (+42.23 MW, per_pool_limit=353.73 MWh/period from external)
    ✓ Updated hydrogen_battery: pool_limit 1.66 → 1.77 (+0.11 MW, per_pool_limit=0.88 MWh/period from external)
    ✓ Updated 0.5c_battery: pool_limit 5815.33 → 5867.40 (+52.07 MW, per_pool_limit=2933.70 MWh/period from external)
    ✓ Updated 1c_battery: pool_limit 176.87 → 178.45 (+1.58 MW, per_pool_limit=89.22 MWh/period from external)
    ✓ Updated 0.25c_battery: pool_limit 707.46 → 713.80 (+6.33 MW, per_pool_limit=356.90 MWh/period from external)
    ✓ Updated hydrogen_battery: pool_limit 1.77 → 1.78 (+0.02 MW, per_pool_limit=0.89 MWh/period from external)
    ✓ Updated 0.5c_battery: pool_limit 5867.40 → 5980.21 (+112.81 MW, per_pool_limit=2990.11 MWh/period from external)
    ✓ Updated 1c_battery: pool_limit 178.45 → 181.88 (+3.43 MW, per_pool_limit=90.94 MWh/period from external)
    ✓ Updated 0.25c_battery: pool_limit 713.80 → 727.52 (+13.72 MW, per_pool_limit=363.76 MWh/period from external)
    ✓ Updated hydrogen_battery: pool_limit 1.78 → 1.82 (+0.03 MW, per_pool_limit=0.91 MWh/period from external)
    ✓ Updated 0.5c_battery: pool_limit 5980.21 → 6006.24 (+26.03 MW, per_pool_limit=3003.12 MWh/period from external)
    ✓ Updated 1c_battery: pool_limit 181.88 → 182.67 (+0.79 MW, per_pool_limit=91.34 MWh/period from external)
    ✓ Updated 0.25c_battery: pool_limit 727.52 → 730.69 (+3.17 MW, per_pool_limit=365.34 MWh/period from external)
    ✓ Updated hydrogen_battery: pool_limit 1.82 → 1.83 (+0.01 MW, per_pool_limit=0.91 MWh/period from external)
    ✓ Updated 0.5c_battery: pool_limit 6006.24 → 6049.63 (+43.39 MW, per_pool_limit=3024.82 MWh/period from external)
    ✓ Updated 1c_battery: pool_limit 182.67 → 183.99 (+1.32 MW, per_pool_limit=92.00 MWh/period from external)
    ✓ Updated 0.25c_battery: pool_limit 730.69 → 735.97 (+5.28 MW, per_pool_limit=367.98 MWh/period from external)
    ✓ Updated hydrogen_battery: pool_limit 1.83 → 1.84 (+0.01 MW, per_pool_limit=0.92 MWh/period from external)
    ✓ Updated 0.5c_battery: pool_limit 6049.63 → 6093.02 (+43.39 MW, per_pool_limit=3046.51 MWh/period from external)
    ✓ Updated 1c_battery: pool_limit 183.99 → 185.31 (+1.32 MW, per_pool_limit=92.66 MWh/period from external)
    ✓ Updated 0.25c_battery: pool_limit 735.97 → 741.24 (+5.28 MW, per_pool_limit=370.62 MWh/period from external)
    ✓ Updated hydrogen_battery: pool_limit 1.84 → 1.85 (+0.01 MW, per_pool_limit=0.93 MWh/period from external)
    ✓ Updated 0.5c_battery: pool_limit 6093.02 → 6396.74 (+303.72 MW, per_pool_limit=3198.37 MWh/period from external)
    ✓ Updated 1c_battery: pool_limit 185.31 → 194.55 (+9.24 MW, per_pool_limit=97.27 MWh/period from external)
    ✓ Updated 0.25c_battery: pool_limit 741.24 → 778.19 (+36.95 MW, per_pool_limit=389.10 MWh/period from external)
    ✓ Updated hydrogen_battery: pool_limit 1.85 → 1.95 (+0.09 MW, per_pool_limit=0.97 MWh/period from external)
    ✓ Updated 0.5c_battery: pool_limit 6396.74 → 6457.49 (+60.74 MW, per_pool_limit=3228.74 MWh/period from external)
    ✓ Updated 1c_battery: pool_limit 194.55 → 196.40 (+1.85 MW, per_pool_limit=98.20 MWh/period from external)
    ✓ Updated 0.25c_battery: pool_limit 778.19 → 785.58 (+7.39 MW, per_pool_limit=392.79 MWh/period from external)
    ✓ Updated hydrogen_battery: pool_limit 1.95 → 1.96 (+0.02 MW, per_pool_limit=0.98 MWh/period from external)
    ✓ Updated 0.5c_battery: pool_limit 6457.49 → 6500.88 (+43.39 MW, per_pool_limit=3250.44 MWh/period from external)
    ✓ Updated 1c_battery: pool_limit 196.40 → 197.72 (+1.32 MW, per_pool_limit=98.86 MWh/period from external)
    ✓ Updated 0.25c_battery: pool_limit 785.58 → 790.86 (+5.28 MW, per_pool_limit=395.43 MWh/period from external)
    ✓ Updated hydrogen_battery: pool_limit 1.96 → 1.98 (+0.01 MW, per_pool_limit=0.99 MWh/period from external)
    ✓ Updated 0.5c_battery: pool_limit 6500.88 → 6509.38 (+8.50 MW, per_pool_limit=3254.69 MWh/period from external)
    ✓ Updated 1c_battery: pool_limit 197.72 → 197.97 (+0.26 MW, per_pool_limit=98.99 MWh/period from external)
    ✓ Updated 0.25c_battery: pool_limit 790.86 → 791.90 (+1.03 MW, per_pool_limit=395.95 MWh/period from external)
    ✓ Updated hydrogen_battery: pool_limit 1.98 → 1.98 (+0.00 MW, per_pool_limit=0.99 MWh/period from external)
    ✓ Updated 0.5c_battery: pool_limit 6509.38 → 6552.77 (+43.39 MW, per_pool_limit=3276.38 MWh/period from external)
    ✓ Updated 1c_battery: pool_limit 197.97 → 199.29 (+1.32 MW, per_pool_limit=99.65 MWh/period from external)
    ✓ Updated 0.25c_battery: pool_limit 791.90 → 797.17 (+5.28 MW, per_pool_limit=398.59 MWh/period from external)
    ✓ Updated hydrogen_battery: pool_limit 1.98 → 1.99 (+0.01 MW, per_pool_limit=1.00 MWh/period from external)
    ✓ Updated 0.5c_battery: pool_limit 6552.77 → 6643.89 (+91.12 MW, per_pool_limit=3321.94 MWh/period from external)
    ✓ Updated 1c_battery: pool_limit 199.29 → 202.06 (+2.77 MW, per_pool_limit=101.03 MWh/period from external)
    ✓ Updated 0.25c_battery: pool_limit 797.17 → 808.26 (+11.08 MW, per_pool_limit=404.13 MWh/period from external)
    ✓ Updated hydrogen_battery: pool_limit 1.99 → 2.02 (+0.03 MW, per_pool_limit=1.01 MWh/period from external)
    ✓ Updated 0.5c_battery: pool_limit 6643.89 → 6687.27 (+43.38 MW, per_pool_limit=3343.63 MWh/period from external)
    ✓ Updated 1c_battery: pool_limit 202.06 → 203.38 (+1.32 MW, per_pool_limit=101.69 MWh/period from external)
    ✓ Updated 0.25c_battery: pool_limit 808.26 → 813.54 (+5.28 MW, per_pool_limit=406.77 MWh/period from external)
    ✓ Updated hydrogen_battery: pool_limit 2.02 → 2.03 (+0.01 MW, per_pool_limit=1.02 MWh/period from external)
    ✓ Updated 0.5c_battery: pool_limit 6687.27 → 6730.65 (+43.38 MW, per_pool_limit=3365.32 MWh/period from external)
    ✓ Updated 1c_battery: pool_limit 203.38 → 204.70 (+1.32 MW, per_pool_limit=102.35 MWh/period from external)
    ✓ Updated 0.25c_battery: pool_limit 813.54 → 818.81 (+5.28 MW, per_pool_limit=409.41 MWh/period from external)
    ✓ Updated hydrogen_battery: pool_limit 2.03 → 2.05 (+0.01 MW, per_pool_limit=1.02 MWh/period from external)
    ✓ Updated 0.5c_battery: pool_limit 6730.65 → 6780.11 (+49.46 MW, per_pool_limit=3390.05 MWh/period from external)
    ✓ Updated 1c_battery: pool_limit 204.70 → 206.21 (+1.50 MW, per_pool_limit=103.10 MWh/period from external)
    ✓ Updated 0.25c_battery: pool_limit 818.81 → 824.83 (+6.02 MW, per_pool_limit=412.42 MWh/period from external)
    ✓ Updated hydrogen_battery: pool_limit 2.05 → 2.06 (+0.02 MW, per_pool_limit=1.03 MWh/period from external)
    ✓ Updated 0.5c_battery: pool_limit 6780.11 → 6832.18 (+52.07 MW, per_pool_limit=3416.09 MWh/period from external)
    ✓ Updated 1c_battery: pool_limit 206.21 → 207.79 (+1.58 MW, per_pool_limit=103.90 MWh/period from external)
    ✓ Updated 0.25c_battery: pool_limit 824.83 → 831.16 (+6.33 MW, per_pool_limit=415.58 MWh/period from external)
    ✓ Updated hydrogen_battery: pool_limit 2.06 → 2.08 (+0.02 MW, per_pool_limit=1.04 MWh/period from external)
    ✓ Updated 0.5c_battery: pool_limit 6832.18 → 6918.95 (+86.78 MW, per_pool_limit=3459.48 MWh/period from external)
    ✓ Updated 1c_battery: pool_limit 207.79 → 210.43 (+2.64 MW, per_pool_limit=105.22 MWh/period from external)
    ✓ Updated 0.25c_battery: pool_limit 831.16 → 841.72 (+10.56 MW, per_pool_limit=420.86 MWh/period from external)
    ✓ Updated hydrogen_battery: pool_limit 2.08 → 2.10 (+0.03 MW, per_pool_limit=1.05 MWh/period from external)
    ✓ Updated 0.5c_battery: pool_limit 6918.95 → 6962.26 (+43.30 MW, per_pool_limit=3481.13 MWh/period from external)
    ✓ Updated 1c_battery: pool_limit 210.43 → 211.75 (+1.32 MW, per_pool_limit=105.87 MWh/period from external)
    ✓ Updated 0.25c_battery: pool_limit 841.72 → 846.99 (+5.27 MW, per_pool_limit=423.49 MWh/period from external)
    ✓ Updated hydrogen_battery: pool_limit 2.10 → 2.12 (+0.01 MW, per_pool_limit=1.06 MWh/period from external)
    ✓ Updated 0.5c_battery: pool_limit 6962.26 → 7135.81 (+173.56 MW, per_pool_limit=3567.91 MWh/period from external)
    ✓ Updated 1c_battery: pool_limit 211.75 → 217.03 (+5.28 MW, per_pool_limit=108.51 MWh/period from external)
    ✓ Updated 0.25c_battery: pool_limit 846.99 → 868.10 (+21.11 MW, per_pool_limit=434.05 MWh/period from external)
    ✓ Updated hydrogen_battery: pool_limit 2.12 → 2.17 (+0.05 MW, per_pool_limit=1.09 MWh/period from external)
    ✓ Updated 0.5c_battery: pool_limit 7135.81 → 7170.52 (+34.71 MW, per_pool_limit=3585.26 MWh/period from external)
    ✓ Updated 1c_battery: pool_limit 217.03 → 218.08 (+1.06 MW, per_pool_limit=109.04 MWh/period from external)
    ✓ Updated 0.25c_battery: pool_limit 868.10 → 872.33 (+4.22 MW, per_pool_limit=436.16 MWh/period from external)
    ✓ Updated hydrogen_battery: pool_limit 2.17 → 2.18 (+0.01 MW, per_pool_limit=1.09 MWh/period from external)
    ✓ Updated 0.5c_battery: pool_limit 7170.52 → 7196.55 (+26.03 MW, per_pool_limit=3598.28 MWh/period from external)
    ✓ Updated 1c_battery: pool_limit 218.08 → 218.87 (+0.79 MW, per_pool_limit=109.44 MWh/period from external)
    ✓ Updated 0.25c_battery: pool_limit 872.33 → 875.49 (+3.17 MW, per_pool_limit=437.75 MWh/period from external)
    ✓ Updated hydrogen_battery: pool_limit 2.18 → 2.19 (+0.01 MW, per_pool_limit=1.09 MWh/period from external)
    ✓ Updated 0.5c_battery: pool_limit 7196.55 → 7231.27 (+34.71 MW, per_pool_limit=3615.63 MWh/period from external)
    ✓ Updated 1c_battery: pool_limit 218.87 → 219.93 (+1.06 MW, per_pool_limit=109.96 MWh/period from external)
    ✓ Updated 0.25c_battery: pool_limit 875.49 → 879.72 (+4.22 MW, per_pool_limit=439.86 MWh/period from external)
    ✓ Updated hydrogen_battery: pool_limit 2.19 → 2.20 (+0.01 MW, per_pool_limit=1.10 MWh/period from external)
    ✓ Updated 0.5c_battery: pool_limit 7231.27 → 7274.65 (+43.39 MW, per_pool_limit=3637.33 MWh/period from external)
    ✓ Updated 1c_battery: pool_limit 219.93 → 221.25 (+1.32 MW, per_pool_limit=110.62 MWh/period from external)
    ✓ Updated 0.25c_battery: pool_limit 879.72 → 884.99 (+5.28 MW, per_pool_limit=442.50 MWh/period from external)
    ✓ Updated hydrogen_battery: pool_limit 2.20 → 2.21 (+0.01 MW, per_pool_limit=1.11 MWh/period from external)
    ✓ Updated 0.5c_battery: pool_limit 7274.65 → 8489.54 (+1214.89 MW, per_pool_limit=4244.77 MWh/period from external)
    ✓ Updated 1c_battery: pool_limit 221.25 → 258.20 (+36.95 MW, per_pool_limit=129.10 MWh/period from external)
    ✓ Updated 0.25c_battery: pool_limit 884.99 → 1032.79 (+147.80 MW, per_pool_limit=516.40 MWh/period from external)
    ✓ Updated hydrogen_battery: pool_limit 2.21 → 2.58 (+0.37 MW, per_pool_limit=1.29 MWh/period from external)
    ✓ Updated 0.5c_battery: pool_limit 8489.54 → 8532.84 (+43.30 MW, per_pool_limit=4266.42 MWh/period from external)
    ✓ Updated 1c_battery: pool_limit 258.20 → 259.51 (+1.32 MW, per_pool_limit=129.76 MWh/period from external)
    ✓ Updated 0.25c_battery: pool_limit 1032.79 → 1038.06 (+5.27 MW, per_pool_limit=519.03 MWh/period from external)
    ✓ Updated hydrogen_battery: pool_limit 2.58 → 2.60 (+0.01 MW, per_pool_limit=1.30 MWh/period from external)
    ✓ Updated 0.5c_battery: pool_limit 8532.84 → 8597.92 (+65.08 MW, per_pool_limit=4298.96 MWh/period from external)
    ✓ Updated 1c_battery: pool_limit 259.51 → 261.49 (+1.98 MW, per_pool_limit=130.75 MWh/period from external)
    ✓ Updated 0.25c_battery: pool_limit 1038.06 → 1045.98 (+7.92 MW, per_pool_limit=522.99 MWh/period from external)
    ✓ Updated hydrogen_battery: pool_limit 2.60 → 2.61 (+0.02 MW, per_pool_limit=1.31 MWh/period from external)
    ✓ Updated 0.5c_battery: pool_limit 8597.92 → 8647.39 (+49.46 MW, per_pool_limit=4323.69 MWh/period from external)
    ✓ Updated 1c_battery: pool_limit 261.49 → 263.00 (+1.50 MW, per_pool_limit=131.50 MWh/period from external)
    ✓ Updated 0.25c_battery: pool_limit 1045.98 → 1051.99 (+6.02 MW, per_pool_limit=526.00 MWh/period from external)
    ✓ Updated hydrogen_battery: pool_limit 2.61 → 2.63 (+0.02 MW, per_pool_limit=1.31 MWh/period from external)
    ✓ Updated 0.5c_battery: pool_limit 8647.39 → 8734.17 (+86.78 MW, per_pool_limit=4367.08 MWh/period from external)
    ✓ Updated 1c_battery: pool_limit 263.00 → 265.64 (+2.64 MW, per_pool_limit=132.82 MWh/period from external)
    ✓ Updated 0.25c_battery: pool_limit 1051.99 → 1062.55 (+10.56 MW, per_pool_limit=531.28 MWh/period from external)
    ✓ Updated hydrogen_battery: pool_limit 2.63 → 2.66 (+0.03 MW, per_pool_limit=1.33 MWh/period from external)
    ✓ Updated 0.5c_battery: pool_limit 8734.17 → 8820.94 (+86.78 MW, per_pool_limit=4410.47 MWh/period from external)
    ✓ Updated 1c_battery: pool_limit 265.64 → 268.28 (+2.64 MW, per_pool_limit=134.14 MWh/period from external)
    ✓ Updated 0.25c_battery: pool_limit 1062.55 → 1073.11 (+10.56 MW, per_pool_limit=536.55 MWh/period from external)
    ✓ Updated hydrogen_battery: pool_limit 2.66 → 2.68 (+0.03 MW, per_pool_limit=1.34 MWh/period from external)
    ✓ Updated 0.5c_battery: pool_limit 8820.94 → 8864.24 (+43.30 MW, per_pool_limit=4432.12 MWh/period from external)
    ✓ Updated 1c_battery: pool_limit 268.28 → 269.59 (+1.32 MW, per_pool_limit=134.80 MWh/period from external)
    ✓ Updated 0.25c_battery: pool_limit 1073.11 → 1078.38 (+5.27 MW, per_pool_limit=539.19 MWh/period from external)
    ✓ Updated hydrogen_battery: pool_limit 2.68 → 2.70 (+0.01 MW, per_pool_limit=1.35 MWh/period from external)
    ✓ Updated 0.5c_battery: pool_limit 8864.24 → 9115.90 (+251.65 MW, per_pool_limit=4557.95 MWh/period from external)
    ✓ Updated 1c_battery: pool_limit 269.59 → 277.25 (+7.65 MW, per_pool_limit=138.62 MWh/period from external)
    ✓ Updated 0.25c_battery: pool_limit 1078.38 → 1108.99 (+30.61 MW, per_pool_limit=554.50 MWh/period from external)
    ✓ Updated hydrogen_battery: pool_limit 2.70 → 2.77 (+0.08 MW, per_pool_limit=1.39 MWh/period from external)
    ✓ Updated 0.5c_battery: pool_limit 9115.90 → 9150.61 (+34.71 MW, per_pool_limit=4575.31 MWh/period from external)
    ✓ Updated 1c_battery: pool_limit 277.25 → 278.30 (+1.06 MW, per_pool_limit=139.15 MWh/period from external)
    ✓ Updated 0.25c_battery: pool_limit 1108.99 → 1113.21 (+4.22 MW, per_pool_limit=556.61 MWh/period from external)
    ✓ Updated hydrogen_battery: pool_limit 2.77 → 2.78 (+0.01 MW, per_pool_limit=1.39 MWh/period from external)
    ✓ Updated 0.5c_battery: pool_limit 9150.61 → 9194.00 (+43.39 MW, per_pool_limit=4597.00 MWh/period from external)
    ✓ Updated 1c_battery: pool_limit 278.30 → 279.62 (+1.32 MW, per_pool_limit=139.81 MWh/period from external)
    ✓ Updated 0.25c_battery: pool_limit 1113.21 → 1118.49 (+5.28 MW, per_pool_limit=559.25 MWh/period from external)
    ✓ Updated hydrogen_battery: pool_limit 2.78 → 2.80 (+0.01 MW, per_pool_limit=1.40 MWh/period from external)
    ✓ Updated 0.5c_battery: pool_limit 9194.00 → 9202.68 (+8.68 MW, per_pool_limit=4601.34 MWh/period from external)
    ✓ Updated 1c_battery: pool_limit 279.62 → 279.89 (+0.26 MW, per_pool_limit=139.94 MWh/period from external)
    ✓ Updated 0.25c_battery: pool_limit 1118.49 → 1119.55 (+1.06 MW, per_pool_limit=559.77 MWh/period from external)
    ✓ Updated hydrogen_battery: pool_limit 2.80 → 2.80 (+0.00 MW, per_pool_limit=1.40 MWh/period from external)
    ✓ Updated 0.5c_battery: pool_limit 9202.68 → 9289.28 (+86.60 MW, per_pool_limit=4644.64 MWh/period from external)
    ✓ Updated 1c_battery: pool_limit 279.89 → 282.52 (+2.63 MW, per_pool_limit=141.26 MWh/period from external)
    ✓ Updated 0.25c_battery: pool_limit 1119.55 → 1130.08 (+10.54 MW, per_pool_limit=565.04 MWh/period from external)
    ✓ Updated hydrogen_battery: pool_limit 2.80 → 2.83 (+0.03 MW, per_pool_limit=1.41 MWh/period from external)
    ✓ Updated 0.5c_battery: pool_limit 9289.28 → 9302.30 (+13.02 MW, per_pool_limit=4651.15 MWh/period from external)
    ✓ Updated 1c_battery: pool_limit 282.52 → 282.92 (+0.40 MW, per_pool_limit=141.46 MWh/period from external)
    ✓ Updated 0.25c_battery: pool_limit 1130.08 → 1131.67 (+1.58 MW, per_pool_limit=565.83 MWh/period from external)
    ✓ Updated hydrogen_battery: pool_limit 2.83 → 2.83 (+0.00 MW, per_pool_limit=1.41 MWh/period from external)
    ✓ Updated 0.5c_battery: pool_limit 9302.30 → 9331.80 (+29.50 MW, per_pool_limit=4665.90 MWh/period from external)
    ✓ Updated 1c_battery: pool_limit 282.92 → 283.81 (+0.90 MW, per_pool_limit=141.91 MWh/period from external)
    ✓ Updated 0.25c_battery: pool_limit 1131.67 → 1135.26 (+3.59 MW, per_pool_limit=567.63 MWh/period from external)
    ✓ Updated hydrogen_battery: pool_limit 2.83 → 2.84 (+0.01 MW, per_pool_limit=1.42 MWh/period from external)
    ✓ Updated 0.5c_battery: pool_limit 9331.80 → 9366.51 (+34.71 MW, per_pool_limit=4683.26 MWh/period from external)
    ✓ Updated 1c_battery: pool_limit 283.81 → 284.87 (+1.06 MW, per_pool_limit=142.43 MWh/period from external)
    ✓ Updated 0.25c_battery: pool_limit 1135.26 → 1139.48 (+4.22 MW, per_pool_limit=569.74 MWh/period from external)
    ✓ Updated hydrogen_battery: pool_limit 2.84 → 2.85 (+0.01 MW, per_pool_limit=1.42 MWh/period from external)
    ✓ Updated 0.5c_battery: pool_limit 9366.51 → 9405.56 (+39.05 MW, per_pool_limit=4702.78 MWh/period from external)
    ✓ Updated 1c_battery: pool_limit 284.87 → 286.06 (+1.19 MW, per_pool_limit=143.03 MWh/period from external)
    ✓ Updated 0.25c_battery: pool_limit 1139.48 → 1144.23 (+4.75 MW, per_pool_limit=572.11 MWh/period from external)
    ✓ Updated hydrogen_battery: pool_limit 2.85 → 2.86 (+0.01 MW, per_pool_limit=1.43 MWh/period from external)
    ✓ Updated 0.5c_battery: pool_limit 9405.56 → 9422.92 (+17.36 MW, per_pool_limit=4711.46 MWh/period from external)
    ✓ Updated 1c_battery: pool_limit 286.06 → 286.59 (+0.53 MW, per_pool_limit=143.29 MWh/period from external)
    ✓ Updated 0.25c_battery: pool_limit 1144.23 → 1146.34 (+2.11 MW, per_pool_limit=573.17 MWh/period from external)
    ✓ Updated hydrogen_battery: pool_limit 2.86 → 2.87 (+0.01 MW, per_pool_limit=1.43 MWh/period from external)
    ✓ Updated 0.5c_battery: pool_limit 9422.92 → 9427.26 (+4.34 MW, per_pool_limit=4713.63 MWh/period from external)
    ✓ Updated 1c_battery: pool_limit 286.59 → 286.72 (+0.13 MW, per_pool_limit=143.36 MWh/period from external)
    ✓ Updated 0.25c_battery: pool_limit 1146.34 → 1146.87 (+0.53 MW, per_pool_limit=573.43 MWh/period from external)
    ✓ Updated hydrogen_battery: pool_limit 2.87 → 2.87 (+0.00 MW, per_pool_limit=1.43 MWh/period from external)
    ✓ Updated 0.5c_battery: pool_limit 9427.26 → 9470.56 (+43.30 MW, per_pool_limit=4735.28 MWh/period from external)
    ✓ Updated 1c_battery: pool_limit 286.72 → 288.03 (+1.32 MW, per_pool_limit=144.02 MWh/period from external)
    ✓ Updated 0.25c_battery: pool_limit 1146.87 → 1152.14 (+5.27 MW, per_pool_limit=576.07 MWh/period from external)
    ✓ Updated hydrogen_battery: pool_limit 2.87 → 2.88 (+0.01 MW, per_pool_limit=1.44 MWh/period from external)
    ✓ Updated 0.5c_battery: pool_limit 9470.56 → 9531.35 (+60.79 MW, per_pool_limit=4765.67 MWh/period from external)
    ✓ Updated 1c_battery: pool_limit 288.03 → 289.88 (+1.85 MW, per_pool_limit=144.94 MWh/period from external)
    ✓ Updated 0.25c_battery: pool_limit 1152.14 → 1159.53 (+7.40 MW, per_pool_limit=579.77 MWh/period from external)
    ✓ Updated hydrogen_battery: pool_limit 2.88 → 2.90 (+0.02 MW, per_pool_limit=1.45 MWh/period from external)
    ✓ Updated 0.5c_battery: pool_limit 9531.35 → 9661.51 (+130.17 MW, per_pool_limit=4830.76 MWh/period from external)
    ✓ Updated 1c_battery: pool_limit 289.88 → 293.84 (+3.96 MW, per_pool_limit=146.92 MWh/period from external)
    ✓ Updated 0.25c_battery: pool_limit 1159.53 → 1175.37 (+15.84 MW, per_pool_limit=587.68 MWh/period from external)
    ✓ Updated hydrogen_battery: pool_limit 2.90 → 2.94 (+0.04 MW, per_pool_limit=1.47 MWh/period from external)
    ✓ Updated 0.5c_battery: pool_limit 9661.51 → 9675.40 (+13.88 MW, per_pool_limit=4837.70 MWh/period from external)
    ✓ Updated 1c_battery: pool_limit 293.84 → 294.26 (+0.42 MW, per_pool_limit=147.13 MWh/period from external)
    ✓ Updated 0.25c_battery: pool_limit 1175.37 → 1177.06 (+1.69 MW, per_pool_limit=588.53 MWh/period from external)
    ✓ Updated hydrogen_battery: pool_limit 2.94 → 2.94 (+0.00 MW, per_pool_limit=1.47 MWh/period from external)
    ✓ Updated 0.5c_battery: pool_limit 9675.40 → 9718.70 (+43.30 MW, per_pool_limit=4859.35 MWh/period from external)
    ✓ Updated 1c_battery: pool_limit 294.26 → 295.58 (+1.32 MW, per_pool_limit=147.79 MWh/period from external)
    ✓ Updated 0.25c_battery: pool_limit 1177.06 → 1182.32 (+5.27 MW, per_pool_limit=591.16 MWh/period from external)
    ✓ Updated hydrogen_battery: pool_limit 2.94 → 2.96 (+0.01 MW, per_pool_limit=1.48 MWh/period from external)
    ✓ Updated 0.5c_battery: pool_limit 9718.70 → 9757.75 (+39.05 MW, per_pool_limit=4878.87 MWh/period from external)
    ✓ Updated 1c_battery: pool_limit 295.58 → 296.77 (+1.19 MW, per_pool_limit=148.38 MWh/period from external)
    ✓ Updated 0.25c_battery: pool_limit 1182.32 → 1187.07 (+4.75 MW, per_pool_limit=593.54 MWh/period from external)
    ✓ Updated hydrogen_battery: pool_limit 2.96 → 2.97 (+0.01 MW, per_pool_limit=1.48 MWh/period from external)
    ✓ Updated 0.5c_battery: pool_limit 9757.75 → 9801.14 (+43.39 MW, per_pool_limit=4900.57 MWh/period from external)
    ✓ Updated 1c_battery: pool_limit 296.77 → 298.09 (+1.32 MW, per_pool_limit=149.04 MWh/period from external)
    ✓ Updated 0.25c_battery: pool_limit 1187.07 → 1192.35 (+5.28 MW, per_pool_limit=596.18 MWh/period from external)
    ✓ Updated hydrogen_battery: pool_limit 2.97 → 2.98 (+0.01 MW, per_pool_limit=1.49 MWh/period from external)
    ✓ Updated 0.5c_battery: pool_limit 9801.14 → 9809.82 (+8.68 MW, per_pool_limit=4904.91 MWh/period from external)
    ✓ Updated 1c_battery: pool_limit 298.09 → 298.35 (+0.26 MW, per_pool_limit=149.18 MWh/period from external)
    ✓ Updated 0.25c_battery: pool_limit 1192.35 → 1193.41 (+1.06 MW, per_pool_limit=596.70 MWh/period from external)
    ✓ Updated hydrogen_battery: pool_limit 2.98 → 2.98 (+0.00 MW, per_pool_limit=1.49 MWh/period from external)
    ✓ Updated 0.5c_battery: pool_limit 9809.82 → 10070.15 (+260.33 MW, per_pool_limit=5035.07 MWh/period from external)
    ✓ Updated 1c_battery: pool_limit 298.35 → 306.27 (+7.92 MW, per_pool_limit=153.13 MWh/period from external)
    ✓ Updated 0.25c_battery: pool_limit 1193.41 → 1225.08 (+31.67 MW, per_pool_limit=612.54 MWh/period from external)
    ✓ Updated hydrogen_battery: pool_limit 2.98 → 3.06 (+0.08 MW, per_pool_limit=1.53 MWh/period from external)
    ✓ Updated 0.5c_battery: pool_limit 10070.15 → 10073.62 (+3.47 MW, per_pool_limit=5036.81 MWh/period from external)
    ✓ Updated 1c_battery: pool_limit 306.27 → 306.38 (+0.11 MW, per_pool_limit=153.19 MWh/period from external)
    ✓ Updated 0.25c_battery: pool_limit 1225.08 → 1225.50 (+0.42 MW, per_pool_limit=612.75 MWh/period from external)
    ✓ Updated hydrogen_battery: pool_limit 3.06 → 3.06 (+0.00 MW, per_pool_limit=1.53 MWh/period from external)
    ✓ Updated 0.5c_battery: pool_limit 10073.62 → 10117.01 (+43.39 MW, per_pool_limit=5058.50 MWh/period from external)
    ✓ Updated 1c_battery: pool_limit 306.38 → 307.69 (+1.32 MW, per_pool_limit=153.85 MWh/period from external)
    ✓ Updated 0.25c_battery: pool_limit 1225.50 → 1230.78 (+5.28 MW, per_pool_limit=615.39 MWh/period from external)
    ✓ Updated hydrogen_battery: pool_limit 3.06 → 3.08 (+0.01 MW, per_pool_limit=1.54 MWh/period from external)
    ✓ Updated 0.5c_battery: pool_limit 10117.01 → 10118.31 (+1.30 MW, per_pool_limit=5059.16 MWh/period from external)
    ✓ Updated 1c_battery: pool_limit 307.69 → 307.73 (+0.04 MW, per_pool_limit=153.87 MWh/period from external)
    ✓ Updated 0.25c_battery: pool_limit 1230.78 → 1230.94 (+0.16 MW, per_pool_limit=615.47 MWh/period from external)
    ✓ Updated hydrogen_battery: pool_limit 3.08 → 3.08 (+0.00 MW, per_pool_limit=1.54 MWh/period from external)
    ✓ Updated 0.5c_battery: pool_limit 10118.31 → 10422.03 (+303.72 MW, per_pool_limit=5211.02 MWh/period from external)
    ✓ Updated 1c_battery: pool_limit 307.73 → 316.97 (+9.24 MW, per_pool_limit=158.49 MWh/period from external)
    ✓ Updated 0.25c_battery: pool_limit 1230.94 → 1267.89 (+36.95 MW, per_pool_limit=633.94 MWh/period from external)
    ✓ Updated hydrogen_battery: pool_limit 3.08 → 3.17 (+0.09 MW, per_pool_limit=1.58 MWh/period from external)
    ✓ Updated 0.5c_battery: pool_limit 10422.03 → 10448.06 (+26.03 MW, per_pool_limit=5224.03 MWh/period from external)
    ✓ Updated 1c_battery: pool_limit 316.97 → 317.76 (+0.79 MW, per_pool_limit=158.88 MWh/period from external)
    ✓ Updated 0.25c_battery: pool_limit 1267.89 → 1271.05 (+3.17 MW, per_pool_limit=635.53 MWh/period from external)
    ✓ Updated hydrogen_battery: pool_limit 3.17 → 3.18 (+0.01 MW, per_pool_limit=1.59 MWh/period from external)
    ✓ Updated 0.5c_battery: pool_limit 10448.06 → 10491.37 (+43.30 MW, per_pool_limit=5245.68 MWh/period from external)
    ✓ Updated 1c_battery: pool_limit 317.76 → 319.08 (+1.32 MW, per_pool_limit=159.54 MWh/period from external)
    ✓ Updated 0.25c_battery: pool_limit 1271.05 → 1276.32 (+5.27 MW, per_pool_limit=638.16 MWh/period from external)
    ✓ Updated hydrogen_battery: pool_limit 3.18 → 3.19 (+0.01 MW, per_pool_limit=1.60 MWh/period from external)
    ✓ Updated 0.5c_battery: pool_limit 10491.37 → 10838.48 (+347.11 MW, per_pool_limit=5419.24 MWh/period from external)
    ✓ Updated 1c_battery: pool_limit 319.08 → 329.64 (+10.56 MW, per_pool_limit=164.82 MWh/period from external)
    ✓ Updated 0.25c_battery: pool_limit 1276.32 → 1318.55 (+42.23 MW, per_pool_limit=659.27 MWh/period from external)
    ✓ Updated hydrogen_battery: pool_limit 3.19 → 3.30 (+0.11 MW, per_pool_limit=1.65 MWh/period from external)
    ✓ Updated 0.5c_battery: pool_limit 10838.48 → 10899.22 (+60.74 MW, per_pool_limit=5449.61 MWh/period from external)
    ✓ Updated 1c_battery: pool_limit 329.64 → 331.48 (+1.85 MW, per_pool_limit=165.74 MWh/period from external)
    ✓ Updated 0.25c_battery: pool_limit 1318.55 → 1325.94 (+7.39 MW, per_pool_limit=662.97 MWh/period from external)
    ✓ Updated hydrogen_battery: pool_limit 3.30 → 3.31 (+0.02 MW, per_pool_limit=1.66 MWh/period from external)
    ✓ Updated 0.5c_battery: pool_limit 10899.22 → 10916.58 (+17.36 MW, per_pool_limit=5458.29 MWh/period from external)
    ✓ Updated 1c_battery: pool_limit 331.48 → 332.01 (+0.53 MW, per_pool_limit=166.01 MWh/period from external)
    ✓ Updated 0.25c_battery: pool_limit 1325.94 → 1328.05 (+2.11 MW, per_pool_limit=664.03 MWh/period from external)
    ✓ Updated hydrogen_battery: pool_limit 3.31 → 3.32 (+0.01 MW, per_pool_limit=1.66 MWh/period from external)
    ✓ Updated 0.5c_battery: pool_limit 10916.58 → 10927.86 (+11.28 MW, per_pool_limit=5463.93 MWh/period from external)
    ✓ Updated 1c_battery: pool_limit 332.01 → 332.36 (+0.34 MW, per_pool_limit=166.18 MWh/period from external)
    ✓ Updated 0.25c_battery: pool_limit 1328.05 → 1329.42 (+1.37 MW, per_pool_limit=664.71 MWh/period from external)
    ✓ Updated hydrogen_battery: pool_limit 3.32 → 3.32 (+0.00 MW, per_pool_limit=1.66 MWh/period from external)
    ✓ Updated 0.5c_battery: pool_limit 10927.86 → 10962.57 (+34.71 MW, per_pool_limit=5481.28 MWh/period from external)
    ✓ Updated 1c_battery: pool_limit 332.36 → 333.41 (+1.06 MW, per_pool_limit=166.71 MWh/period from external)
    ✓ Updated 0.25c_battery: pool_limit 1329.42 → 1333.65 (+4.22 MW, per_pool_limit=666.82 MWh/period from external)
    ✓ Updated hydrogen_battery: pool_limit 3.32 → 3.33 (+0.01 MW, per_pool_limit=1.67 MWh/period from external)
    ✓ Updated 0.5c_battery: pool_limit 10962.57 → 11084.06 (+121.49 MW, per_pool_limit=5542.03 MWh/period from external)
    ✓ Updated 1c_battery: pool_limit 333.41 → 337.11 (+3.69 MW, per_pool_limit=168.55 MWh/period from external)
    ✓ Updated 0.25c_battery: pool_limit 1333.65 → 1348.43 (+14.78 MW, per_pool_limit=674.21 MWh/period from external)
    ✓ Updated hydrogen_battery: pool_limit 3.33 → 3.37 (+0.04 MW, per_pool_limit=1.69 MWh/period from external)
    ✓ Updated 0.5c_battery: pool_limit 11084.06 → 11257.61 (+173.56 MW, per_pool_limit=5628.81 MWh/period from external)
    ✓ Updated 1c_battery: pool_limit 337.11 → 342.38 (+5.28 MW, per_pool_limit=171.19 MWh/period from external)
    ✓ Updated 0.25c_battery: pool_limit 1348.43 → 1369.54 (+21.11 MW, per_pool_limit=684.77 MWh/period from external)
    ✓ Updated hydrogen_battery: pool_limit 3.37 → 3.42 (+0.05 MW, per_pool_limit=1.71 MWh/period from external)
    ✓ Updated 0.5c_battery: pool_limit 11257.61 → 11691.50 (+433.89 MW, per_pool_limit=5845.75 MWh/period from external)
    ✓ Updated 1c_battery: pool_limit 342.38 → 355.58 (+13.20 MW, per_pool_limit=177.79 MWh/period from external)
    ✓ Updated 0.25c_battery: pool_limit 1369.54 → 1422.32 (+52.78 MW, per_pool_limit=711.16 MWh/period from external)
    ✓ Updated hydrogen_battery: pool_limit 3.42 → 3.56 (+0.13 MW, per_pool_limit=1.78 MWh/period from external)
    ✓ Updated 0.5c_battery: pool_limit 11691.50 → 11734.80 (+43.30 MW, per_pool_limit=5867.40 MWh/period from external)
    ✓ Updated 1c_battery: pool_limit 355.58 → 356.90 (+1.32 MW, per_pool_limit=178.45 MWh/period from external)
    ✓ Updated 0.25c_battery: pool_limit 1422.32 → 1427.59 (+5.27 MW, per_pool_limit=713.80 MWh/period from external)
    ✓ Updated hydrogen_battery: pool_limit 3.56 → 3.57 (+0.01 MW, per_pool_limit=1.78 MWh/period from external)
    ✓ Updated 0.5c_battery: pool_limit 11734.80 → 11838.93 (+104.13 MW, per_pool_limit=5919.47 MWh/period from external)
    ✓ Updated 1c_battery: pool_limit 356.90 → 360.06 (+3.17 MW, per_pool_limit=180.03 MWh/period from external)
    ✓ Updated 0.25c_battery: pool_limit 1427.59 → 1440.26 (+12.67 MW, per_pool_limit=720.13 MWh/period from external)
    ✓ Updated hydrogen_battery: pool_limit 3.57 → 3.60 (+0.03 MW, per_pool_limit=1.80 MWh/period from external)
    ✓ Updated 0.5c_battery: pool_limit 11838.93 → 12142.66 (+303.72 MW, per_pool_limit=6071.33 MWh/period from external)
    ✓ Updated 1c_battery: pool_limit 360.06 → 369.30 (+9.24 MW, per_pool_limit=184.65 MWh/period from external)
    ✓ Updated 0.25c_battery: pool_limit 1440.26 → 1477.21 (+36.95 MW, per_pool_limit=738.60 MWh/period from external)
    ✓ Updated hydrogen_battery: pool_limit 3.60 → 3.69 (+0.09 MW, per_pool_limit=1.85 MWh/period from external)
    ✓ Updated 0.5c_battery: pool_limit 12142.66 → 12172.16 (+29.50 MW, per_pool_limit=6086.08 MWh/period from external)
    ✓ Updated 1c_battery: pool_limit 369.30 → 370.20 (+0.90 MW, per_pool_limit=185.10 MWh/period from external)
    ✓ Updated 0.25c_battery: pool_limit 1477.21 → 1480.80 (+3.59 MW, per_pool_limit=740.40 MWh/period from external)
    ✓ Updated hydrogen_battery: pool_limit 3.69 → 3.70 (+0.01 MW, per_pool_limit=1.85 MWh/period from external)
    ✓ Updated 0.5c_battery: pool_limit 12172.16 → 12214.99 (+42.82 MW, per_pool_limit=6107.49 MWh/period from external)
    ✓ Updated 1c_battery: pool_limit 370.20 → 371.50 (+1.30 MW, per_pool_limit=185.75 MWh/period from external)
    ✓ Updated 0.25c_battery: pool_limit 1480.80 → 1486.01 (+5.21 MW, per_pool_limit=743.00 MWh/period from external)
    ✓ Updated hydrogen_battery: pool_limit 3.70 → 3.72 (+0.01 MW, per_pool_limit=1.86 MWh/period from external)
    ✓ Updated 0.5c_battery: pool_limit 12214.99 → 12222.36 (+7.38 MW, per_pool_limit=6111.18 MWh/period from external)
    ✓ Updated 1c_battery: pool_limit 371.50 → 371.73 (+0.22 MW, per_pool_limit=185.86 MWh/period from external)
    ✓ Updated 0.25c_battery: pool_limit 1486.01 → 1486.91 (+0.90 MW, per_pool_limit=743.45 MWh/period from external)
    ✓ Updated hydrogen_battery: pool_limit 3.72 → 3.72 (+0.00 MW, per_pool_limit=1.86 MWh/period from external)
    ✓ Updated 0.5c_battery: pool_limit 12222.36 → 12248.39 (+26.03 MW, per_pool_limit=6124.20 MWh/period from external)
    ✓ Updated 1c_battery: pool_limit 371.73 → 372.52 (+0.79 MW, per_pool_limit=186.26 MWh/period from external)
    ✓ Updated 0.25c_battery: pool_limit 1486.91 → 1490.07 (+3.17 MW, per_pool_limit=745.04 MWh/period from external)
    ✓ Updated hydrogen_battery: pool_limit 3.72 → 3.73 (+0.01 MW, per_pool_limit=1.86 MWh/period from external)
    ✓ Updated 0.5c_battery: pool_limit 12248.39 → 12508.73 (+260.33 MW, per_pool_limit=6254.36 MWh/period from external)
    ✓ Updated 1c_battery: pool_limit 372.52 → 380.44 (+7.92 MW, per_pool_limit=190.22 MWh/period from external)
    ✓ Updated 0.25c_battery: pool_limit 1490.07 → 1521.74 (+31.67 MW, per_pool_limit=760.87 MWh/period from external)
    ✓ Updated hydrogen_battery: pool_limit 3.73 → 3.80 (+0.08 MW, per_pool_limit=1.90 MWh/period from external)
    ✓ Updated 0.5c_battery: pool_limit 12508.73 → 12904.43 (+395.71 MW, per_pool_limit=6452.22 MWh/period from external)
    ✓ Updated 1c_battery: pool_limit 380.44 → 392.47 (+12.03 MW, per_pool_limit=196.24 MWh/period from external)
    ✓ Updated 0.25c_battery: pool_limit 1521.74 → 1569.88 (+48.14 MW, per_pool_limit=784.94 MWh/period from external)
    ✓ Updated hydrogen_battery: pool_limit 3.80 → 3.92 (+0.12 MW, per_pool_limit=1.96 MWh/period from external)
    ✓ Updated 0.5c_battery: pool_limit 12904.43 → 12947.73 (+43.30 MW, per_pool_limit=6473.87 MWh/period from external)
    ✓ Updated 1c_battery: pool_limit 392.47 → 393.79 (+1.32 MW, per_pool_limit=196.89 MWh/period from external)
    ✓ Updated 0.25c_battery: pool_limit 1569.88 → 1575.15 (+5.27 MW, per_pool_limit=787.58 MWh/period from external)
    ✓ Updated hydrogen_battery: pool_limit 3.92 → 3.94 (+0.01 MW, per_pool_limit=1.97 MWh/period from external)
    ✓ Updated 0.5c_battery: pool_limit 12947.73 → 12988.95 (+41.22 MW, per_pool_limit=6494.48 MWh/period from external)
    ✓ Updated 1c_battery: pool_limit 393.79 → 395.04 (+1.25 MW, per_pool_limit=197.52 MWh/period from external)
    ✓ Updated 0.25c_battery: pool_limit 1575.15 → 1580.16 (+5.01 MW, per_pool_limit=790.08 MWh/period from external)
    ✓ Updated hydrogen_battery: pool_limit 3.94 → 3.95 (+0.01 MW, per_pool_limit=1.98 MWh/period from external)
    ✓ Updated 0.5c_battery: pool_limit 12988.95 → 12994.16 (+5.21 MW, per_pool_limit=6497.08 MWh/period from external)
    ✓ Updated 1c_battery: pool_limit 395.04 → 395.20 (+0.16 MW, per_pool_limit=197.60 MWh/period from external)
    ✓ Updated 0.25c_battery: pool_limit 1580.16 → 1580.80 (+0.63 MW, per_pool_limit=790.40 MWh/period from external)
    ✓ Updated hydrogen_battery: pool_limit 3.95 → 3.95 (+0.00 MW, per_pool_limit=1.98 MWh/period from external)
    ✓ Updated 0.5c_battery: pool_limit 12994.16 → 13428.05 (+433.89 MW, per_pool_limit=6714.02 MWh/period from external)
    ✓ Updated 1c_battery: pool_limit 395.20 → 408.40 (+13.20 MW, per_pool_limit=204.20 MWh/period from external)
    ✓ Updated 0.25c_battery: pool_limit 1580.80 → 1633.58 (+52.78 MW, per_pool_limit=816.79 MWh/period from external)
    ✓ Updated hydrogen_battery: pool_limit 3.95 → 4.08 (+0.13 MW, per_pool_limit=2.04 MWh/period from external)
    ✓ Updated 0.5c_battery: pool_limit 13428.05 → 13453.99 (+25.95 MW, per_pool_limit=6727.00 MWh/period from external)
    ✓ Updated 1c_battery: pool_limit 408.40 → 409.18 (+0.79 MW, per_pool_limit=204.59 MWh/period from external)
    ✓ Updated 0.25c_battery: pool_limit 1633.58 → 1636.74 (+3.16 MW, per_pool_limit=818.37 MWh/period from external)
    ✓ Updated hydrogen_battery: pool_limit 4.08 → 4.09 (+0.01 MW, per_pool_limit=2.05 MWh/period from external)
    ✓ Updated 0.5c_battery: pool_limit 13453.99 → 13464.41 (+10.41 MW, per_pool_limit=6732.20 MWh/period from external)
    ✓ Updated 1c_battery: pool_limit 409.18 → 409.50 (+0.32 MW, per_pool_limit=204.75 MWh/period from external)
    ✓ Updated 0.25c_battery: pool_limit 1636.74 → 1638.01 (+1.27 MW, per_pool_limit=819.00 MWh/period from external)
    ✓ Updated hydrogen_battery: pool_limit 4.09 → 4.10 (+0.00 MW, per_pool_limit=2.05 MWh/period from external)
    ✓ Updated 0.5c_battery: pool_limit 13464.41 → 13468.75 (+4.34 MW, per_pool_limit=6734.37 MWh/period from external)
    ✓ Updated 1c_battery: pool_limit 409.50 → 409.63 (+0.13 MW, per_pool_limit=204.82 MWh/period from external)
    ✓ Updated 0.25c_battery: pool_limit 1638.01 → 1638.53 (+0.53 MW, per_pool_limit=819.27 MWh/period from external)
    ✓ Updated hydrogen_battery: pool_limit 4.10 → 4.10 (+0.00 MW, per_pool_limit=2.05 MWh/period from external)
    ✓ Updated 0.5c_battery: pool_limit 13468.75 → 13512.05 (+43.30 MW, per_pool_limit=6756.02 MWh/period from external)
    ✓ Updated 1c_battery: pool_limit 409.63 → 410.95 (+1.32 MW, per_pool_limit=205.48 MWh/period from external)
    ✓ Updated 0.25c_battery: pool_limit 1638.53 → 1643.80 (+5.27 MW, per_pool_limit=821.90 MWh/period from external)
    ✓ Updated hydrogen_battery: pool_limit 4.10 → 4.11 (+0.01 MW, per_pool_limit=2.05 MWh/period from external)
    ✓ Updated 0.5c_battery: pool_limit 13512.05 → 13590.15 (+78.10 MW, per_pool_limit=6795.07 MWh/period from external)
    ✓ Updated 1c_battery: pool_limit 410.95 → 413.33 (+2.38 MW, per_pool_limit=206.66 MWh/period from external)
    ✓ Updated 0.25c_battery: pool_limit 1643.80 → 1653.30 (+9.50 MW, per_pool_limit=826.65 MWh/period from external)
    ✓ Updated hydrogen_battery: pool_limit 4.11 → 4.13 (+0.02 MW, per_pool_limit=2.07 MWh/period from external)
    ✓ Updated 0.5c_battery: pool_limit 13590.15 → 13650.89 (+60.74 MW, per_pool_limit=6825.45 MWh/period from external)
    ✓ Updated 1c_battery: pool_limit 413.33 → 415.17 (+1.85 MW, per_pool_limit=207.59 MWh/period from external)
    ✓ Updated 0.25c_battery: pool_limit 1653.30 → 1660.69 (+7.39 MW, per_pool_limit=830.35 MWh/period from external)
    ✓ Updated hydrogen_battery: pool_limit 4.13 → 4.15 (+0.02 MW, per_pool_limit=2.08 MWh/period from external)
    ✓ Updated 0.5c_battery: pool_limit 13650.89 → 13700.36 (+49.46 MW, per_pool_limit=6850.18 MWh/period from external)
    ✓ Updated 1c_battery: pool_limit 415.17 → 416.68 (+1.50 MW, per_pool_limit=208.34 MWh/period from external)
    ✓ Updated 0.25c_battery: pool_limit 1660.69 → 1666.71 (+6.02 MW, per_pool_limit=833.35 MWh/period from external)
    ✓ Updated hydrogen_battery: pool_limit 4.15 → 4.17 (+0.02 MW, per_pool_limit=2.08 MWh/period from external)
    ✓ Updated 0.5c_battery: pool_limit 13700.36 → 13743.66 (+43.30 MW, per_pool_limit=6871.83 MWh/period from external)
    ✓ Updated 1c_battery: pool_limit 416.68 → 417.99 (+1.32 MW, per_pool_limit=209.00 MWh/period from external)
    ✓ Updated 0.25c_battery: pool_limit 1666.71 → 1671.98 (+5.27 MW, per_pool_limit=835.99 MWh/period from external)
    ✓ Updated hydrogen_battery: pool_limit 4.17 → 4.18 (+0.01 MW, per_pool_limit=2.09 MWh/period from external)
    ✓ Updated 0.5c_battery: pool_limit 13743.66 → 13787.05 (+43.39 MW, per_pool_limit=6893.52 MWh/period from external)
    ✓ Updated 1c_battery: pool_limit 417.99 → 419.31 (+1.32 MW, per_pool_limit=209.66 MWh/period from external)
    ✓ Updated 0.25c_battery: pool_limit 1671.98 → 1677.26 (+5.28 MW, per_pool_limit=838.63 MWh/period from external)
    ✓ Updated hydrogen_battery: pool_limit 4.18 → 4.19 (+0.01 MW, per_pool_limit=2.10 MWh/period from external)
    ✓ Updated 0.5c_battery: pool_limit 13787.05 → 13873.82 (+86.78 MW, per_pool_limit=6936.91 MWh/period from external)
    ✓ Updated 1c_battery: pool_limit 419.31 → 421.95 (+2.64 MW, per_pool_limit=210.98 MWh/period from external)
    ✓ Updated 0.25c_battery: pool_limit 1677.26 → 1687.81 (+10.56 MW, per_pool_limit=843.91 MWh/period from external)
    ✓ Updated hydrogen_battery: pool_limit 4.19 → 4.22 (+0.03 MW, per_pool_limit=2.11 MWh/period from external)
    ✓ Updated 0.5c_battery: pool_limit 13873.82 → 13909.75 (+35.93 MW, per_pool_limit=6954.87 MWh/period from external)
    ✓ Updated 1c_battery: pool_limit 421.95 → 423.05 (+1.09 MW, per_pool_limit=211.52 MWh/period from external)
    ✓ Updated 0.25c_battery: pool_limit 1687.81 → 1692.18 (+4.37 MW, per_pool_limit=846.09 MWh/period from external)
    ✓ Updated hydrogen_battery: pool_limit 4.22 → 4.23 (+0.01 MW, per_pool_limit=2.12 MWh/period from external)
    ✓ Updated 0.5c_battery: pool_limit 13909.75 → 13953.05 (+43.30 MW, per_pool_limit=6976.53 MWh/period from external)
    ✓ Updated 1c_battery: pool_limit 423.05 → 424.36 (+1.32 MW, per_pool_limit=212.18 MWh/period from external)
    ✓ Updated 0.25c_battery: pool_limit 1692.18 → 1697.45 (+5.27 MW, per_pool_limit=848.73 MWh/period from external)
    ✓ Updated hydrogen_battery: pool_limit 4.23 → 4.24 (+0.01 MW, per_pool_limit=2.12 MWh/period from external)
    ✓ Updated 0.5c_battery: pool_limit 13953.05 → 13956.00 (+2.95 MW, per_pool_limit=6978.00 MWh/period from external)
    ✓ Updated 1c_battery: pool_limit 424.36 → 424.45 (+0.09 MW, per_pool_limit=212.23 MWh/period from external)
    ✓ Updated 0.25c_battery: pool_limit 1697.45 → 1697.81 (+0.36 MW, per_pool_limit=848.91 MWh/period from external)
    ✓ Updated hydrogen_battery: pool_limit 4.24 → 4.24 (+0.00 MW, per_pool_limit=2.12 MWh/period from external)
    ✓ Updated 0.5c_battery: pool_limit 13956.00 → 13968.93 (+12.93 MW, per_pool_limit=6984.47 MWh/period from external)
    ✓ Updated 1c_battery: pool_limit 424.45 → 424.85 (+0.39 MW, per_pool_limit=212.42 MWh/period from external)
    ✓ Updated 0.25c_battery: pool_limit 1697.81 → 1699.38 (+1.57 MW, per_pool_limit=849.69 MWh/period from external)
    ✓ Updated hydrogen_battery: pool_limit 4.24 → 4.25 (+0.00 MW, per_pool_limit=2.12 MWh/period from external)
    ✓ Updated 0.5c_battery: pool_limit 13968.93 → 14185.88 (+216.94 MW, per_pool_limit=7092.94 MWh/period from external)
    ✓ Updated 1c_battery: pool_limit 424.85 → 431.44 (+6.60 MW, per_pool_limit=215.72 MWh/period from external)
    ✓ Updated 0.25c_battery: pool_limit 1699.38 → 1725.78 (+26.39 MW, per_pool_limit=862.89 MWh/period from external)
    ✓ Updated hydrogen_battery: pool_limit 4.25 → 4.31 (+0.07 MW, per_pool_limit=2.16 MWh/period from external)
    ✓ Updated 0.5c_battery: pool_limit 14185.88 → 14272.65 (+86.78 MW, per_pool_limit=7136.33 MWh/period from external)
    ✓ Updated 1c_battery: pool_limit 431.44 → 434.08 (+2.64 MW, per_pool_limit=217.04 MWh/period from external)
    ✓ Updated 0.25c_battery: pool_limit 1725.78 → 1736.33 (+10.56 MW, per_pool_limit=868.17 MWh/period from external)
    ✓ Updated hydrogen_battery: pool_limit 4.31 → 4.34 (+0.03 MW, per_pool_limit=2.17 MWh/period from external)
    ✓ Updated 0.5c_battery: pool_limit 14272.65 → 14333.40 (+60.74 MW, per_pool_limit=7166.70 MWh/period from external)
    ✓ Updated 1c_battery: pool_limit 434.08 → 435.93 (+1.85 MW, per_pool_limit=217.97 MWh/period from external)
    ✓ Updated 0.25c_battery: pool_limit 1736.33 → 1743.72 (+7.39 MW, per_pool_limit=871.86 MWh/period from external)
    ✓ Updated hydrogen_battery: pool_limit 4.34 → 4.36 (+0.02 MW, per_pool_limit=2.18 MWh/period from external)
    ✓ Updated 0.5c_battery: pool_limit 14333.40 → 14376.35 (+42.95 MW, per_pool_limit=7188.18 MWh/period from external)
    ✓ Updated 1c_battery: pool_limit 435.93 → 437.24 (+1.31 MW, per_pool_limit=218.62 MWh/period from external)
    ✓ Updated 0.25c_battery: pool_limit 1743.72 → 1748.95 (+5.23 MW, per_pool_limit=874.47 MWh/period from external)
    ✓ Updated hydrogen_battery: pool_limit 4.36 → 4.37 (+0.01 MW, per_pool_limit=2.19 MWh/period from external)
    ✓ Updated 0.5c_battery: pool_limit 14376.35 → 14723.46 (+347.11 MW, per_pool_limit=7361.73 MWh/period from external)
    ✓ Updated 1c_battery: pool_limit 437.24 → 447.79 (+10.56 MW, per_pool_limit=223.90 MWh/period from external)
    ✓ Updated 0.25c_battery: pool_limit 1748.95 → 1791.18 (+42.23 MW, per_pool_limit=895.59 MWh/period from external)
    ✓ Updated hydrogen_battery: pool_limit 4.37 → 4.48 (+0.11 MW, per_pool_limit=2.24 MWh/period from external)
    ✓ Updated 0.5c_battery: pool_limit 14723.46 → 14897.02 (+173.56 MW, per_pool_limit=7448.51 MWh/period from external)
    ✓ Updated 1c_battery: pool_limit 447.79 → 453.07 (+5.28 MW, per_pool_limit=226.54 MWh/period from external)
    ✓ Updated 0.25c_battery: pool_limit 1791.18 → 1812.29 (+21.11 MW, per_pool_limit=906.14 MWh/period from external)
    ✓ Updated hydrogen_battery: pool_limit 4.48 → 4.53 (+0.05 MW, per_pool_limit=2.27 MWh/period from external)
    ✓ Updated 0.5c_battery: pool_limit 14897.02 → 14918.71 (+21.69 MW, per_pool_limit=7459.36 MWh/period from external)
    ✓ Updated 1c_battery: pool_limit 453.07 → 453.73 (+0.66 MW, per_pool_limit=226.87 MWh/period from external)
    ✓ Updated 0.25c_battery: pool_limit 1812.29 → 1814.93 (+2.64 MW, per_pool_limit=907.46 MWh/period from external)
    ✓ Updated hydrogen_battery: pool_limit 4.53 → 4.54 (+0.01 MW, per_pool_limit=2.27 MWh/period from external)
    ✓ Updated 0.5c_battery: pool_limit 14918.71 → 14927.39 (+8.68 MW, per_pool_limit=7463.69 MWh/period from external)
    ✓ Updated 1c_battery: pool_limit 453.73 → 454.00 (+0.26 MW, per_pool_limit=227.00 MWh/period from external)
    ✓ Updated 0.25c_battery: pool_limit 1814.93 → 1815.98 (+1.06 MW, per_pool_limit=907.99 MWh/period from external)
    ✓ Updated hydrogen_battery: pool_limit 4.54 → 4.54 (+0.00 MW, per_pool_limit=2.27 MWh/period from external)
    ✓ Updated 0.5c_battery: pool_limit 14927.39 → 14949.08 (+21.69 MW, per_pool_limit=7474.54 MWh/period from external)
    ✓ Updated 1c_battery: pool_limit 454.00 → 454.66 (+0.66 MW, per_pool_limit=227.33 MWh/period from external)
    ✓ Updated 0.25c_battery: pool_limit 1815.98 → 1818.62 (+2.64 MW, per_pool_limit=909.31 MWh/period from external)
    ✓ Updated hydrogen_battery: pool_limit 4.54 → 4.55 (+0.01 MW, per_pool_limit=2.27 MWh/period from external)
    ✓ Updated 0.5c_battery: pool_limit 14949.08 → 14975.12 (+26.03 MW, per_pool_limit=7487.56 MWh/period from external)
    ✓ Updated 1c_battery: pool_limit 454.66 → 455.45 (+0.79 MW, per_pool_limit=227.72 MWh/period from external)
    ✓ Updated 0.25c_battery: pool_limit 1818.62 → 1821.79 (+3.17 MW, per_pool_limit=910.90 MWh/period from external)
    ✓ Updated hydrogen_battery: pool_limit 4.55 → 4.55 (+0.01 MW, per_pool_limit=2.28 MWh/period from external)
    ✓ Updated 0.5c_battery: pool_limit 14975.12 → 15018.46 (+43.35 MW, per_pool_limit=7509.23 MWh/period from external)
    ✓ Updated 1c_battery: pool_limit 455.45 → 456.77 (+1.32 MW, per_pool_limit=228.38 MWh/period from external)
    ✓ Updated 0.25c_battery: pool_limit 1821.79 → 1827.06 (+5.27 MW, per_pool_limit=913.53 MWh/period from external)
    ✓ Updated hydrogen_battery: pool_limit 4.55 → 4.57 (+0.01 MW, per_pool_limit=2.28 MWh/period from external)
    ✓ Updated 0.5c_battery: pool_limit 15018.46 → 15061.84 (+43.38 MW, per_pool_limit=7530.92 MWh/period from external)
    ✓ Updated 1c_battery: pool_limit 456.77 → 458.09 (+1.32 MW, per_pool_limit=229.04 MWh/period from external)
    ✓ Updated 0.25c_battery: pool_limit 1827.06 → 1832.34 (+5.28 MW, per_pool_limit=916.17 MWh/period from external)
    ✓ Updated hydrogen_battery: pool_limit 4.57 → 4.58 (+0.01 MW, per_pool_limit=2.29 MWh/period from external)
    ✓ Updated 0.5c_battery: pool_limit 15061.84 → 15105.14 (+43.30 MW, per_pool_limit=7552.57 MWh/period from external)
    ✓ Updated 1c_battery: pool_limit 458.09 → 459.40 (+1.32 MW, per_pool_limit=229.70 MWh/period from external)
    ✓ Updated 0.25c_battery: pool_limit 1832.34 → 1837.61 (+5.27 MW, per_pool_limit=918.80 MWh/period from external)
    ✓ Updated hydrogen_battery: pool_limit 4.58 → 4.59 (+0.01 MW, per_pool_limit=2.30 MWh/period from external)
    ✓ Updated 0.5c_battery: pool_limit 15105.14 → 15191.92 (+86.78 MW, per_pool_limit=7595.96 MWh/period from external)
    ✓ Updated 1c_battery: pool_limit 459.40 → 462.04 (+2.64 MW, per_pool_limit=231.02 MWh/period from external)
    ✓ Updated 0.25c_battery: pool_limit 1837.61 → 1848.17 (+10.56 MW, per_pool_limit=924.08 MWh/period from external)
    ✓ Updated hydrogen_battery: pool_limit 4.59 → 4.62 (+0.03 MW, per_pool_limit=2.31 MWh/period from external)
    ✓ Updated 0.5c_battery: pool_limit 15191.92 → 16059.70 (+867.78 MW, per_pool_limit=8029.85 MWh/period from external)
    ✓ Updated 1c_battery: pool_limit 462.04 → 488.43 (+26.39 MW, per_pool_limit=244.22 MWh/period from external)
    ✓ Updated 0.25c_battery: pool_limit 1848.17 → 1953.73 (+105.57 MW, per_pool_limit=976.87 MWh/period from external)
    ✓ Updated hydrogen_battery: pool_limit 4.62 → 4.88 (+0.26 MW, per_pool_limit=2.44 MWh/period from external)
    ✓ Updated 0.5c_battery: pool_limit 16059.70 → 16146.39 (+86.69 MW, per_pool_limit=8073.19 MWh/period from external)
    ✓ Updated 1c_battery: pool_limit 488.43 → 491.07 (+2.64 MW, per_pool_limit=245.54 MWh/period from external)
    ✓ Updated 0.25c_battery: pool_limit 1953.73 → 1964.28 (+10.55 MW, per_pool_limit=982.14 MWh/period from external)
    ✓ Updated hydrogen_battery: pool_limit 4.88 → 4.91 (+0.03 MW, per_pool_limit=2.46 MWh/period from external)
    ✓ Updated 0.5c_battery: pool_limit 16146.39 → 16189.69 (+43.30 MW, per_pool_limit=8094.85 MWh/period from external)
    ✓ Updated 1c_battery: pool_limit 491.07 → 492.39 (+1.32 MW, per_pool_limit=246.19 MWh/period from external)
    ✓ Updated 0.25c_battery: pool_limit 1964.28 → 1969.55 (+5.27 MW, per_pool_limit=984.77 MWh/period from external)
    ✓ Updated hydrogen_battery: pool_limit 4.91 → 4.92 (+0.01 MW, per_pool_limit=2.46 MWh/period from external)
    ✓ Updated 0.5c_battery: pool_limit 16189.69 → 16224.40 (+34.71 MW, per_pool_limit=8112.20 MWh/period from external)
    ✓ Updated 1c_battery: pool_limit 492.39 → 493.44 (+1.06 MW, per_pool_limit=246.72 MWh/period from external)
    ✓ Updated 0.25c_battery: pool_limit 1969.55 → 1973.77 (+4.22 MW, per_pool_limit=986.89 MWh/period from external)
    ✓ Updated hydrogen_battery: pool_limit 4.92 → 4.93 (+0.01 MW, per_pool_limit=2.47 MWh/period from external)
    ✓ Updated 0.5c_battery: pool_limit 16224.40 → 16233.08 (+8.68 MW, per_pool_limit=8116.54 MWh/period from external)
    ✓ Updated 1c_battery: pool_limit 493.44 → 493.71 (+0.26 MW, per_pool_limit=246.85 MWh/period from external)
    ✓ Updated 0.25c_battery: pool_limit 1973.77 → 1974.83 (+1.06 MW, per_pool_limit=987.41 MWh/period from external)
    ✓ Updated hydrogen_battery: pool_limit 4.93 → 4.94 (+0.00 MW, per_pool_limit=2.47 MWh/period from external)
    ✓ Updated 0.5c_battery: pool_limit 16233.08 → 16267.79 (+34.71 MW, per_pool_limit=8133.90 MWh/period from external)
    ✓ Updated 1c_battery: pool_limit 493.71 → 494.76 (+1.06 MW, per_pool_limit=247.38 MWh/period from external)
    ✓ Updated 0.25c_battery: pool_limit 1974.83 → 1979.05 (+4.22 MW, per_pool_limit=989.52 MWh/period from external)
    ✓ Updated hydrogen_battery: pool_limit 4.94 → 4.95 (+0.01 MW, per_pool_limit=2.47 MWh/period from external)
    ✓ Updated 0.5c_battery: pool_limit 16267.79 → 16268.73 (+0.94 MW, per_pool_limit=8134.36 MWh/period from external)
    ✓ Updated 1c_battery: pool_limit 494.76 → 494.79 (+0.03 MW, per_pool_limit=247.40 MWh/period from external)
    ✓ Updated 0.25c_battery: pool_limit 1979.05 → 1979.16 (+0.11 MW, per_pool_limit=989.58 MWh/period from external)
    ✓ Updated hydrogen_battery: pool_limit 4.95 → 4.95 (+0.00 MW, per_pool_limit=2.47 MWh/period from external)
    ✓ Updated 0.5c_battery: pool_limit 16268.73 → 16299.10 (+30.37 MW, per_pool_limit=8149.55 MWh/period from external)
    ✓ Updated 1c_battery: pool_limit 494.79 → 495.71 (+0.92 MW, per_pool_limit=247.86 MWh/period from external)
    ✓ Updated 0.25c_battery: pool_limit 1979.16 → 1982.86 (+3.69 MW, per_pool_limit=991.43 MWh/period from external)
    ✓ Updated hydrogen_battery: pool_limit 4.95 → 4.96 (+0.01 MW, per_pool_limit=2.48 MWh/period from external)
    ✓ Updated 0.5c_battery: pool_limit 16299.10 → 16342.49 (+43.39 MW, per_pool_limit=8171.24 MWh/period from external)
    ✓ Updated 1c_battery: pool_limit 495.71 → 497.03 (+1.32 MW, per_pool_limit=248.52 MWh/period from external)
    ✓ Updated 0.25c_battery: pool_limit 1982.86 → 1988.14 (+5.28 MW, per_pool_limit=994.07 MWh/period from external)
    ✓ Updated hydrogen_battery: pool_limit 4.96 → 4.97 (+0.01 MW, per_pool_limit=2.49 MWh/period from external)
    ✓ Updated 0.5c_battery: pool_limit 16342.49 → 16385.88 (+43.39 MW, per_pool_limit=8192.94 MWh/period from external)
    ✓ Updated 1c_battery: pool_limit 497.03 → 498.35 (+1.32 MW, per_pool_limit=249.18 MWh/period from external)
    ✓ Updated 0.25c_battery: pool_limit 1988.14 → 1993.42 (+5.28 MW, per_pool_limit=996.71 MWh/period from external)
    ✓ Updated hydrogen_battery: pool_limit 4.97 → 4.98 (+0.01 MW, per_pool_limit=2.49 MWh/period from external)
    ✓ Updated 0.5c_battery: pool_limit 16385.88 → 16420.59 (+34.71 MW, per_pool_limit=8210.29 MWh/period from external)
    ✓ Updated 1c_battery: pool_limit 498.35 → 499.41 (+1.06 MW, per_pool_limit=249.70 MWh/period from external)
    ✓ Updated 0.25c_battery: pool_limit 1993.42 → 1997.64 (+4.22 MW, per_pool_limit=998.82 MWh/period from external)
    ✓ Updated hydrogen_battery: pool_limit 4.98 → 4.99 (+0.01 MW, per_pool_limit=2.50 MWh/period from external)
    ✓ Updated 0.5c_battery: pool_limit 16420.59 → 16455.30 (+34.71 MW, per_pool_limit=8227.65 MWh/period from external)
    ✓ Updated 1c_battery: pool_limit 499.41 → 500.47 (+1.06 MW, per_pool_limit=250.23 MWh/period from external)
    ✓ Updated 0.25c_battery: pool_limit 1997.64 → 2001.86 (+4.22 MW, per_pool_limit=1000.93 MWh/period from external)
    ✓ Updated hydrogen_battery: pool_limit 4.99 → 5.00 (+0.01 MW, per_pool_limit=2.50 MWh/period from external)
    ✓ Updated 0.5c_battery: pool_limit 16455.30 → 16498.69 (+43.39 MW, per_pool_limit=8249.34 MWh/period from external)
    ✓ Updated 1c_battery: pool_limit 500.47 → 501.78 (+1.32 MW, per_pool_limit=250.89 MWh/period from external)
    ✓ Updated 0.25c_battery: pool_limit 2001.86 → 2007.14 (+5.28 MW, per_pool_limit=1003.57 MWh/period from external)
    ✓ Updated hydrogen_battery: pool_limit 5.00 → 5.02 (+0.01 MW, per_pool_limit=2.51 MWh/period from external)
    ✓ Updated 0.5c_battery: pool_limit 16498.69 → 16845.80 (+347.11 MW, per_pool_limit=8422.90 MWh/period from external)
    ✓ Updated 1c_battery: pool_limit 501.78 → 512.34 (+10.56 MW, per_pool_limit=256.17 MWh/period from external)
    ✓ Updated 0.25c_battery: pool_limit 2007.14 → 2049.37 (+42.23 MW, per_pool_limit=1024.68 MWh/period from external)
    ✓ Updated hydrogen_battery: pool_limit 5.02 → 5.12 (+0.11 MW, per_pool_limit=2.56 MWh/period from external)
    ✓ Updated 0.5c_battery: pool_limit 16845.80 → 17054.06 (+208.27 MW, per_pool_limit=8527.03 MWh/period from external)
    ✓ Updated 1c_battery: pool_limit 512.34 → 518.68 (+6.33 MW, per_pool_limit=259.34 MWh/period from external)
    ✓ Updated 0.25c_battery: pool_limit 2049.37 → 2074.70 (+25.34 MW, per_pool_limit=1037.35 MWh/period from external)
    ✓ Updated hydrogen_battery: pool_limit 5.12 → 5.19 (+0.06 MW, per_pool_limit=2.59 MWh/period from external)
    ✓ Updated 0.5c_battery: pool_limit 17054.06 → 17058.40 (+4.34 MW, per_pool_limit=8529.20 MWh/period from external)
    ✓ Updated 1c_battery: pool_limit 518.68 → 518.81 (+0.13 MW, per_pool_limit=259.40 MWh/period from external)
    ✓ Updated 0.25c_battery: pool_limit 2074.70 → 2075.23 (+0.53 MW, per_pool_limit=1037.62 MWh/period from external)
    ✓ Updated hydrogen_battery: pool_limit 5.19 → 5.19 (+0.00 MW, per_pool_limit=2.59 MWh/period from external)
    ✓ Updated 0.5c_battery: pool_limit 17058.40 → 17084.44 (+26.03 MW, per_pool_limit=8542.22 MWh/period from external)
    ✓ Updated 1c_battery: pool_limit 518.81 → 519.60 (+0.79 MW, per_pool_limit=259.80 MWh/period from external)
    ✓ Updated 0.25c_battery: pool_limit 2075.23 → 2078.40 (+3.17 MW, per_pool_limit=1039.20 MWh/period from external)
    ✓ Updated hydrogen_battery: pool_limit 5.19 → 5.20 (+0.01 MW, per_pool_limit=2.60 MWh/period from external)
    ✓ Updated 0.5c_battery: pool_limit 17084.44 → 17431.55 (+347.11 MW, per_pool_limit=8715.77 MWh/period from external)
    ✓ Updated 1c_battery: pool_limit 519.60 → 530.16 (+10.56 MW, per_pool_limit=265.08 MWh/period from external)
    ✓ Updated 0.25c_battery: pool_limit 2078.40 → 2120.63 (+42.23 MW, per_pool_limit=1060.31 MWh/period from external)
    ✓ Updated hydrogen_battery: pool_limit 5.20 → 5.30 (+0.11 MW, per_pool_limit=2.65 MWh/period from external)
    ✓ Updated 0.5c_battery: pool_limit 17431.55 → 17433.28 (+1.74 MW, per_pool_limit=8716.64 MWh/period from external)
    ✓ Updated 1c_battery: pool_limit 530.16 → 530.21 (+0.05 MW, per_pool_limit=265.10 MWh/period from external)
    ✓ Updated 0.25c_battery: pool_limit 2120.63 → 2120.84 (+0.21 MW, per_pool_limit=1060.42 MWh/period from external)
    ✓ Updated hydrogen_battery: pool_limit 5.30 → 5.30 (+0.00 MW, per_pool_limit=2.65 MWh/period from external)
    ✓ Updated 0.5c_battery: pool_limit 17433.28 → 17489.69 (+56.41 MW, per_pool_limit=8744.84 MWh/period from external)
    ✓ Updated 1c_battery: pool_limit 530.21 → 531.92 (+1.72 MW, per_pool_limit=265.96 MWh/period from external)
    ✓ Updated 0.25c_battery: pool_limit 2120.84 → 2127.70 (+6.86 MW, per_pool_limit=1063.85 MWh/period from external)
    ✓ Updated hydrogen_battery: pool_limit 5.30 → 5.32 (+0.02 MW, per_pool_limit=2.66 MWh/period from external)
    ✓ Updated 0.5c_battery: pool_limit 17489.69 → 17524.40 (+34.71 MW, per_pool_limit=8762.20 MWh/period from external)
    ✓ Updated 1c_battery: pool_limit 531.92 → 532.98 (+1.06 MW, per_pool_limit=266.49 MWh/period from external)
    ✓ Updated 0.25c_battery: pool_limit 2127.70 → 2131.92 (+4.22 MW, per_pool_limit=1065.96 MWh/period from external)
    ✓ Updated hydrogen_battery: pool_limit 5.32 → 5.33 (+0.01 MW, per_pool_limit=2.66 MWh/period from external)
    ✓ Updated 0.5c_battery: pool_limit 17524.40 → 18001.67 (+477.28 MW, per_pool_limit=9000.84 MWh/period from external)
    ✓ Updated 1c_battery: pool_limit 532.98 → 547.50 (+14.52 MW, per_pool_limit=273.75 MWh/period from external)
    ✓ Updated 0.25c_battery: pool_limit 2131.92 → 2189.98 (+58.06 MW, per_pool_limit=1094.99 MWh/period from external)
    ✓ Updated hydrogen_battery: pool_limit 5.33 → 5.47 (+0.15 MW, per_pool_limit=2.74 MWh/period from external)
    ✓ Updated 0.5c_battery: pool_limit 18001.67 → 18175.23 (+173.56 MW, per_pool_limit=9087.61 MWh/period from external)
    ✓ Updated 1c_battery: pool_limit 547.50 → 552.77 (+5.28 MW, per_pool_limit=276.39 MWh/period from external)
    ✓ Updated 0.25c_battery: pool_limit 2189.98 → 2211.10 (+21.11 MW, per_pool_limit=1105.55 MWh/period from external)
    ✓ Updated hydrogen_battery: pool_limit 5.47 → 5.53 (+0.05 MW, per_pool_limit=2.76 MWh/period from external)
    ✓ Updated 0.5c_battery: pool_limit 18175.23 → 18348.78 (+173.56 MW, per_pool_limit=9174.39 MWh/period from external)
    ✓ Updated 1c_battery: pool_limit 552.77 → 558.05 (+5.28 MW, per_pool_limit=279.03 MWh/period from external)
    ✓ Updated 0.25c_battery: pool_limit 2211.10 → 2232.21 (+21.11 MW, per_pool_limit=1116.11 MWh/period from external)
    ✓ Updated hydrogen_battery: pool_limit 5.53 → 5.58 (+0.05 MW, per_pool_limit=2.79 MWh/period from external)
    ✓ Updated 0.5c_battery: pool_limit 18348.78 → 18374.82 (+26.03 MW, per_pool_limit=9187.41 MWh/period from external)
    ✓ Updated 1c_battery: pool_limit 558.05 → 558.84 (+0.79 MW, per_pool_limit=279.42 MWh/period from external)
    ✓ Updated 0.25c_battery: pool_limit 2232.21 → 2235.38 (+3.17 MW, per_pool_limit=1117.69 MWh/period from external)
    ✓ Updated hydrogen_battery: pool_limit 5.58 → 5.59 (+0.01 MW, per_pool_limit=2.79 MWh/period from external)
    ✓ Updated 0.5c_battery: pool_limit 18374.82 → 18413.87 (+39.05 MW, per_pool_limit=9206.93 MWh/period from external)
    ✓ Updated 1c_battery: pool_limit 558.84 → 560.03 (+1.19 MW, per_pool_limit=280.02 MWh/period from external)
    ✓ Updated 0.25c_battery: pool_limit 2235.38 → 2240.13 (+4.75 MW, per_pool_limit=1120.06 MWh/period from external)
    ✓ Updated hydrogen_battery: pool_limit 5.59 → 5.60 (+0.01 MW, per_pool_limit=2.80 MWh/period from external)
    ✓ Updated 0.5c_battery: pool_limit 18413.87 → 18457.17 (+43.30 MW, per_pool_limit=9228.58 MWh/period from external)
    ✓ Updated 1c_battery: pool_limit 560.03 → 561.35 (+1.32 MW, per_pool_limit=280.67 MWh/period from external)
    ✓ Updated 0.25c_battery: pool_limit 2240.13 → 2245.40 (+5.27 MW, per_pool_limit=1122.70 MWh/period from external)
    ✓ Updated hydrogen_battery: pool_limit 5.60 → 5.61 (+0.01 MW, per_pool_limit=2.81 MWh/period from external)
    ✓ Updated 0.5c_battery: pool_limit 18457.17 → 18804.28 (+347.11 MW, per_pool_limit=9402.14 MWh/period from external)
    ✓ Updated 1c_battery: pool_limit 561.35 → 571.91 (+10.56 MW, per_pool_limit=285.95 MWh/period from external)
    ✓ Updated 0.25c_battery: pool_limit 2245.40 → 2287.63 (+42.23 MW, per_pool_limit=1143.81 MWh/period from external)
    ✓ Updated hydrogen_battery: pool_limit 5.61 → 5.72 (+0.11 MW, per_pool_limit=2.86 MWh/period from external)
    ✓ Updated 0.5c_battery: pool_limit 18804.28 → 18830.31 (+26.03 MW, per_pool_limit=9415.16 MWh/period from external)
    ✓ Updated 1c_battery: pool_limit 571.91 → 572.70 (+0.79 MW, per_pool_limit=286.35 MWh/period from external)
    ✓ Updated 0.25c_battery: pool_limit 2287.63 → 2290.79 (+3.17 MW, per_pool_limit=1145.40 MWh/period from external)
    ✓ Updated hydrogen_battery: pool_limit 5.72 → 5.73 (+0.01 MW, per_pool_limit=2.86 MWh/period from external)
    ✓ Updated 0.5c_battery: pool_limit 18830.31 → 18836.39 (+6.07 MW, per_pool_limit=9418.19 MWh/period from external)
    ✓ Updated 1c_battery: pool_limit 572.70 → 572.88 (+0.18 MW, per_pool_limit=286.44 MWh/period from external)
    ✓ Updated 0.25c_battery: pool_limit 2290.79 → 2291.53 (+0.74 MW, per_pool_limit=1145.77 MWh/period from external)
    ✓ Updated hydrogen_battery: pool_limit 5.73 → 5.73 (+0.00 MW, per_pool_limit=2.86 MWh/period from external)
    ✓ Updated 0.5c_battery: pool_limit 18836.39 → 18923.16 (+86.78 MW, per_pool_limit=9461.58 MWh/period from external)
    ✓ Updated 1c_battery: pool_limit 572.88 → 575.52 (+2.64 MW, per_pool_limit=287.76 MWh/period from external)
    ✓ Updated 0.25c_battery: pool_limit 2291.53 → 2302.09 (+10.56 MW, per_pool_limit=1151.04 MWh/period from external)
    ✓ Updated hydrogen_battery: pool_limit 5.73 → 5.76 (+0.03 MW, per_pool_limit=2.88 MWh/period from external)
    ✓ Updated 0.5c_battery: pool_limit 18923.16 → 18929.67 (+6.51 MW, per_pool_limit=9464.84 MWh/period from external)
    ✓ Updated 1c_battery: pool_limit 575.52 → 575.72 (+0.20 MW, per_pool_limit=287.86 MWh/period from external)
    ✓ Updated 0.25c_battery: pool_limit 2302.09 → 2302.88 (+0.79 MW, per_pool_limit=1151.44 MWh/period from external)
    ✓ Updated hydrogen_battery: pool_limit 5.76 → 5.76 (+0.00 MW, per_pool_limit=2.88 MWh/period from external)
    ✓ Updated 0.5c_battery: pool_limit 18929.67 → 19450.34 (+520.67 MW, per_pool_limit=9725.17 MWh/period from external)
    ✓ Updated 1c_battery: pool_limit 575.72 → 591.56 (+15.84 MW, per_pool_limit=295.78 MWh/period from external)
    ✓ Updated 0.25c_battery: pool_limit 2302.88 → 2366.22 (+63.34 MW, per_pool_limit=1183.11 MWh/period from external)
    ✓ Updated hydrogen_battery: pool_limit 5.76 → 5.92 (+0.16 MW, per_pool_limit=2.96 MWh/period from external)
    ✓ Updated 0.5c_battery: pool_limit 19450.34 → 19493.73 (+43.39 MW, per_pool_limit=9746.86 MWh/period from external)
    ✓ Updated 1c_battery: pool_limit 591.56 → 592.87 (+1.32 MW, per_pool_limit=296.44 MWh/period from external)
    ✓ Updated 0.25c_battery: pool_limit 2366.22 → 2371.50 (+5.28 MW, per_pool_limit=1185.75 MWh/period from external)
    ✓ Updated hydrogen_battery: pool_limit 5.92 → 5.93 (+0.01 MW, per_pool_limit=2.96 MWh/period from external)
    ✓ Updated 0.5c_battery: pool_limit 19493.73 → 19579.64 (+85.91 MW, per_pool_limit=9789.82 MWh/period from external)
    ✓ Updated 1c_battery: pool_limit 592.87 → 595.49 (+2.61 MW, per_pool_limit=297.74 MWh/period from external)
    ✓ Updated 0.25c_battery: pool_limit 2371.50 → 2381.95 (+10.45 MW, per_pool_limit=1190.98 MWh/period from external)
    ✓ Updated hydrogen_battery: pool_limit 5.93 → 5.95 (+0.03 MW, per_pool_limit=2.98 MWh/period from external)
    ✓ Updated 0.5c_battery: pool_limit 19579.64 → 19665.55 (+85.91 MW, per_pool_limit=9832.77 MWh/period from external)
    ✓ Updated 1c_battery: pool_limit 595.49 → 598.10 (+2.61 MW, per_pool_limit=299.05 MWh/period from external)
    ✓ Updated 0.25c_battery: pool_limit 2381.95 → 2392.40 (+10.45 MW, per_pool_limit=1196.20 MWh/period from external)
    ✓ Updated hydrogen_battery: pool_limit 5.95 → 5.98 (+0.03 MW, per_pool_limit=2.99 MWh/period from external)
    ✓ Updated 0.5c_battery: pool_limit 19665.55 → 19710.67 (+45.12 MW, per_pool_limit=9855.34 MWh/period from external)
    ✓ Updated 1c_battery: pool_limit 598.10 → 599.47 (+1.37 MW, per_pool_limit=299.74 MWh/period from external)
    ✓ Updated 0.25c_battery: pool_limit 2392.40 → 2397.89 (+5.49 MW, per_pool_limit=1198.95 MWh/period from external)
    ✓ Updated hydrogen_battery: pool_limit 5.98 → 5.99 (+0.01 MW, per_pool_limit=3.00 MWh/period from external)
    ✓ Updated 0.5c_battery: pool_limit 19710.67 → 19719.35 (+8.68 MW, per_pool_limit=9859.67 MWh/period from external)
    ✓ Updated 1c_battery: pool_limit 599.47 → 599.74 (+0.26 MW, per_pool_limit=299.87 MWh/period from external)
    ✓ Updated 0.25c_battery: pool_limit 2397.89 → 2398.95 (+1.06 MW, per_pool_limit=1199.47 MWh/period from external)
    ✓ Updated hydrogen_battery: pool_limit 5.99 → 6.00 (+0.00 MW, per_pool_limit=3.00 MWh/period from external)
    ✓ Updated 0.5c_battery: pool_limit 19719.35 → 19736.70 (+17.36 MW, per_pool_limit=9868.35 MWh/period from external)
    ✓ Updated 1c_battery: pool_limit 599.74 → 600.26 (+0.53 MW, per_pool_limit=300.13 MWh/period from external)
    ✓ Updated 0.25c_battery: pool_limit 2398.95 → 2401.06 (+2.11 MW, per_pool_limit=1200.53 MWh/period from external)
    ✓ Updated hydrogen_battery: pool_limit 6.00 → 6.00 (+0.01 MW, per_pool_limit=3.00 MWh/period from external)
    ✓ Updated 0.5c_battery: pool_limit 19736.70 → 19741.91 (+5.21 MW, per_pool_limit=9870.96 MWh/period from external)
    ✓ Updated 1c_battery: pool_limit 600.26 → 600.42 (+0.16 MW, per_pool_limit=300.21 MWh/period from external)
    ✓ Updated 0.25c_battery: pool_limit 2401.06 → 2401.69 (+0.63 MW, per_pool_limit=1200.85 MWh/period from external)
    ✓ Updated hydrogen_battery: pool_limit 6.00 → 6.00 (+0.00 MW, per_pool_limit=3.00 MWh/period from external)
    ✓ Updated 0.5c_battery: pool_limit 19741.91 → 20089.02 (+347.11 MW, per_pool_limit=10044.51 MWh/period from external)
    ✓ Updated 1c_battery: pool_limit 600.42 → 610.98 (+10.56 MW, per_pool_limit=305.49 MWh/period from external)
    ✓ Updated 0.25c_battery: pool_limit 2401.69 → 2443.92 (+42.23 MW, per_pool_limit=1221.96 MWh/period from external)
    ✓ Updated hydrogen_battery: pool_limit 6.00 → 6.11 (+0.11 MW, per_pool_limit=3.05 MWh/period from external)
    ✓ Updated 0.5c_battery: pool_limit 20089.02 → 20158.44 (+69.42 MW, per_pool_limit=10079.22 MWh/period from external)
    ✓ Updated 1c_battery: pool_limit 610.98 → 613.09 (+2.11 MW, per_pool_limit=306.55 MWh/period from external)
    ✓ Updated 0.25c_battery: pool_limit 2443.92 → 2452.37 (+8.45 MW, per_pool_limit=1226.18 MWh/period from external)
    ✓ Updated hydrogen_battery: pool_limit 6.11 → 6.13 (+0.02 MW, per_pool_limit=3.07 MWh/period from external)
    ✓ Updated 0.5c_battery: pool_limit 20158.44 → 20175.80 (+17.36 MW, per_pool_limit=10087.90 MWh/period from external)
    ✓ Updated 1c_battery: pool_limit 613.09 → 613.62 (+0.53 MW, per_pool_limit=306.81 MWh/period from external)
    ✓ Updated 0.25c_battery: pool_limit 2452.37 → 2454.48 (+2.11 MW, per_pool_limit=1227.24 MWh/period from external)
    ✓ Updated hydrogen_battery: pool_limit 6.13 → 6.14 (+0.01 MW, per_pool_limit=3.07 MWh/period from external)
    ✓ Updated 0.5c_battery: pool_limit 20175.80 → 20193.15 (+17.36 MW, per_pool_limit=10096.58 MWh/period from external)
    ✓ Updated 1c_battery: pool_limit 613.62 → 614.15 (+0.53 MW, per_pool_limit=307.07 MWh/period from external)
    ✓ Updated 0.25c_battery: pool_limit 2454.48 → 2456.59 (+2.11 MW, per_pool_limit=1228.29 MWh/period from external)
    ✓ Updated hydrogen_battery: pool_limit 6.14 → 6.14 (+0.01 MW, per_pool_limit=3.07 MWh/period from external)
    ✓ Updated 0.5c_battery: pool_limit 20193.15 → 20201.83 (+8.68 MW, per_pool_limit=10100.92 MWh/period from external)
    ✓ Updated 1c_battery: pool_limit 614.15 → 614.41 (+0.26 MW, per_pool_limit=307.21 MWh/period from external)
    ✓ Updated 0.25c_battery: pool_limit 2456.59 → 2457.64 (+1.06 MW, per_pool_limit=1228.82 MWh/period from external)
    ✓ Updated hydrogen_battery: pool_limit 6.14 → 6.14 (+0.00 MW, per_pool_limit=3.07 MWh/period from external)
    ✓ Updated 0.5c_battery: pool_limit 20201.83 → 20635.72 (+433.89 MW, per_pool_limit=10317.86 MWh/period from external)
    ✓ Updated 1c_battery: pool_limit 614.41 → 627.61 (+13.20 MW, per_pool_limit=313.80 MWh/period from external)
    ✓ Updated 0.25c_battery: pool_limit 2457.64 → 2510.43 (+52.78 MW, per_pool_limit=1255.21 MWh/period from external)
    ✓ Updated hydrogen_battery: pool_limit 6.14 → 6.28 (+0.13 MW, per_pool_limit=3.14 MWh/period from external)
    ✓ Updated 0.5c_battery: pool_limit 20635.72 → 20670.43 (+34.71 MW, per_pool_limit=10335.21 MWh/period from external)
    ✓ Updated 1c_battery: pool_limit 627.61 → 628.66 (+1.06 MW, per_pool_limit=314.33 MWh/period from external)
    ✓ Updated 0.25c_battery: pool_limit 2510.43 → 2514.65 (+4.22 MW, per_pool_limit=1257.33 MWh/period from external)
    ✓ Updated hydrogen_battery: pool_limit 6.28 → 6.29 (+0.01 MW, per_pool_limit=3.14 MWh/period from external)
    ✓ Updated 0.5c_battery: pool_limit 20670.43 → 20680.84 (+10.41 MW, per_pool_limit=10340.42 MWh/period from external)
    ✓ Updated 1c_battery: pool_limit 628.66 → 628.98 (+0.32 MW, per_pool_limit=314.49 MWh/period from external)
    ✓ Updated 0.25c_battery: pool_limit 2514.65 → 2515.92 (+1.27 MW, per_pool_limit=1257.96 MWh/period from external)
    ✓ Updated hydrogen_battery: pool_limit 6.29 → 6.29 (+0.00 MW, per_pool_limit=3.14 MWh/period from external)
    ✓ Updated 0.5c_battery: pool_limit 20680.84 → 20682.93 (+2.08 MW, per_pool_limit=10341.46 MWh/period from external)
    ✓ Updated 1c_battery: pool_limit 628.98 → 629.04 (+0.06 MW, per_pool_limit=314.52 MWh/period from external)
    ✓ Updated 0.25c_battery: pool_limit 2515.92 → 2516.17 (+0.25 MW, per_pool_limit=1258.09 MWh/period from external)
    ✓ Updated hydrogen_battery: pool_limit 6.29 → 6.29 (+0.00 MW, per_pool_limit=3.15 MWh/period from external)
    ✓ Updated 0.5c_battery: pool_limit 20682.93 → 20708.96 (+26.03 MW, per_pool_limit=10354.48 MWh/period from external)
    ✓ Updated 1c_battery: pool_limit 629.04 → 629.83 (+0.79 MW, per_pool_limit=314.92 MWh/period from external)
    ✓ Updated 0.25c_battery: pool_limit 2516.17 → 2519.34 (+3.17 MW, per_pool_limit=1259.67 MWh/period from external)
    ✓ Updated hydrogen_battery: pool_limit 6.29 → 6.30 (+0.01 MW, per_pool_limit=3.15 MWh/period from external)
    ✓ Updated 0.5c_battery: pool_limit 20708.96 → 20752.35 (+43.39 MW, per_pool_limit=10376.17 MWh/period from external)
    ✓ Updated 1c_battery: pool_limit 629.83 → 631.15 (+1.32 MW, per_pool_limit=315.58 MWh/period from external)
    ✓ Updated 0.25c_battery: pool_limit 2519.34 → 2524.62 (+5.28 MW, per_pool_limit=1262.31 MWh/period from external)
    ✓ Updated hydrogen_battery: pool_limit 6.30 → 6.31 (+0.01 MW, per_pool_limit=3.16 MWh/period from external)
    ✓ Updated 0.5c_battery: pool_limit 20752.35 → 20787.06 (+34.71 MW, per_pool_limit=10393.53 MWh/period from external)
    ✓ Updated 1c_battery: pool_limit 631.15 → 632.21 (+1.06 MW, per_pool_limit=316.10 MWh/period from external)
    ✓ Updated 0.25c_battery: pool_limit 2524.62 → 2528.84 (+4.22 MW, per_pool_limit=1264.42 MWh/period from external)
    ✓ Updated hydrogen_battery: pool_limit 6.31 → 6.32 (+0.01 MW, per_pool_limit=3.16 MWh/period from external)
    ✓ Updated 0.5c_battery: pool_limit 20787.06 → 20804.41 (+17.36 MW, per_pool_limit=10402.21 MWh/period from external)
    ✓ Updated 1c_battery: pool_limit 632.21 → 632.74 (+0.53 MW, per_pool_limit=316.37 MWh/period from external)
    ✓ Updated 0.25c_battery: pool_limit 2528.84 → 2530.95 (+2.11 MW, per_pool_limit=1265.48 MWh/period from external)
    ✓ Updated hydrogen_battery: pool_limit 6.32 → 6.33 (+0.01 MW, per_pool_limit=3.16 MWh/period from external)
    ✓ Updated 0.5c_battery: pool_limit 20804.41 → 20808.75 (+4.34 MW, per_pool_limit=10404.38 MWh/period from external)
    ✓ Updated 1c_battery: pool_limit 632.74 → 632.87 (+0.13 MW, per_pool_limit=316.43 MWh/period from external)
    ✓ Updated 0.25c_battery: pool_limit 2530.95 → 2531.48 (+0.53 MW, per_pool_limit=1265.74 MWh/period from external)
    ✓ Updated hydrogen_battery: pool_limit 6.33 → 6.33 (+0.00 MW, per_pool_limit=3.16 MWh/period from external)
      ✓ onshore_Edinburgh: 10632.2MW → 10649.0MW (+16.80 MW, location-based assignment, distance: N/A km)
      ✓ onshore_Cardiff: 1217.2MW → 1252.2MW (+35.00 MW, location-based assignment, distance: N/A km)
      ✓ onshore_Edinburgh: 10649.0MW → 10650.0MW (+1.00 MW, location-based assignment, distance: N/A km)
      ✓ onshore_Edinburgh: 10650.0MW → 10670.0MW (+20.00 MW, location-based assignment, distance: N/A km)
      ✓ onshore_Edinburgh: 10670.0MW → 10706.0MW (+36.00 MW, location-based assignment, distance: N/A km)
      ✓ onshore_Edinburgh: 10706.0MW → 10778.6MW (+72.60 MW, location-based assignment, distance: N/A km)
      ✓ onshore_Edinburgh: 10778.6MW → 10787.6MW (+9.00 MW, location-based assignment, distance: N/A km)
      ✓ onshore_Ipswich: 451.7MW → 453.2MW (+1.50 MW, location-based assignment, distance: N/A km)
      ✓ onshore_Edinburgh: 10787.6MW → 10846.1MW (+58.50 MW, location-based assignment, distance: N/A km)
      ✓ onshore_Edinburgh: 10846.1MW → 10851.1MW (+5.00 MW, location-based assignment, distance: N/A km)
      ✓ onshore_Edinburgh: 10851.1MW → 10852.1MW (+1.00 MW, location-based assignment, distance: N/A km)
      ✓ onshore_Edinburgh: 10852.1MW → 10859.1MW (+7.05 MW, location-based assignment, distance: N/A km)
      ✓ onshore_Edinburgh: 10859.1MW → 10863.0MW (+3.90 MW, location-based assignment, distance: N/A km)
      ✓ onshore_Edinburgh: 10863.0MW → 10865.3MW (+2.30 MW, location-based assignment, distance: N/A km)
      ✓ onshore_Birmingham: 8.4MW → 9.4MW (+1.00 MW, location-based assignment, distance: N/A km)

--- Starting Iteration 2: Electricity Market Simulation (Case 3: Decarbonization Cost to VRE + CM Cost to CCGT/OCGT) ---
--- Iteration 2: calling run_simulation(periods=17520, generators=48, batteries=5) ---
尝试打开wind文件: F:\newfinalweather\average_annual_wind_profile.nc
文件是否存在: True
Using cached weather profiles.
--- Iteration 2: run_simulation returned. Processing results. ---
--- Iteration 2: Simulation Finished. Starting Investment Analysis (Case 3) ---
--- Iteration 2: Adding 4 assets with zero income to analysis ---
  ⚠ Warning: Found 3 assets with capacity > 10,000 MW:
      0.5c_battery: 20808.75 MW (asset_type: 0.5c_battery)
      CCGT: 28000.00 MW (asset_type: CCGT)
      onshore_Edinburgh: 10865.35 MW (asset_type: onshore)
✓ Fast investment analysis saved to C:\Users\86150\Desktop\five_scenario_include_uncertain_freq_cap_runs\05_future_base_2025_2035_20260719_base_cm_aligned_repd_virtual_pool_1000twh_scheme_c\investment_analysis_trace.sqlite
  System Cost: £26.23bn | Cost/MWh: £112.36
  📊 Total VRE profiles recorded for year 2026
      CAPACITY EXPANSION:
         - Solar: 14756.03 MW | Onshore: 14982.30 MW | Offshore: 14679.00 MW
         - Total VRE Capacity: 44417.33 MW
      GENERATION:
         - Total VRE Generation: 141.22 TWh
         - Total Thermal Generation: 92.19 TWh
         - Total Generation (VRE+Thermal): 233.41 TWh
         - Total Forecast Demand: 233.11 TWh
      EXCESS ANALYSIS:
         - Excess BEFORE storage/interconn: 0.01 TWh (VRE - Forecast)
         - Excess AFTER storage/interconn: 4.25 TWh (final excess)
         - Absorbed by storage/interconn: 0.00 TWh
         - Storage Capacity: 26907.33 MW
         - Excess/VRE Ratio (after): 3.01%
         - Excess/VRE Ratio (before): 0.01%
  📊 Edinburgh onshore wind generation recorded for year 2026 (Capacity: 10865.35 MW, Generation: 76032183.47 MWh)
✓ Checkpoint saved after 2026: C:\Users\86150\Desktop\five_scenario_include_uncertain_freq_cap_runs\05_future_base_2025_2035_20260719_base_cm_aligned_repd_virtual_pool_1000twh_scheme_c\checkpoints\future_base_2025_2035_checkpoint.pkl
    ⚠️ Batteries found in analysis but no investments recommended:
      - 0.25c_battery: Recommendation=Do_Nothing, ROI=0.0033, Net Revenue=3512315.17, Current Capacity=2531.48 MW
      - 0.5c_battery: Recommendation=Do_Nothing, ROI=0.0000, Net Revenue=29858.88, Current Capacity=20808.75 MW
      - 1c_battery: Recommendation=Do_Nothing, ROI=0.0031, Net Revenue=649400.52, Current Capacity=632.87 MW

==================== YEAR 2027 (CASE 3) ====================
  📦 Projects completing in 2027: 557 (46858.58 MW)
      - External (REPD): 546 projects (46105.02 MW)
      - Model-driven: 11 projects (753.56 MW)
      ✓ solar_Bournemouth: 2877.3MW → 2881.6MW (+4.24 MW, location-based assignment, distance: N/A km)
      ✓ solar_Bournemouth: 2881.6MW → 2885.8MW (+4.24 MW, location-based assignment, distance: N/A km)
      ✓ solar_Cardiff: 1003.4MW → 1051.4MW (+48.03 MW, location-based assignment, distance: N/A km)
      ✓ solar_Ipswich: 2081.1MW → 2095.7MW (+14.65 MW, location-based assignment, distance: N/A km)
      ✓ solar_Nottingham: 2103.2MW → 2137.6MW (+34.47 MW, location-based assignment, distance: N/A km)
      ✓ solar_Edinburgh: 613.7MW → 653.7MW (+40.00 MW, location-based assignment, distance: N/A km)
      ✓ solar_Manchester: 375.5MW → 418.4MW (+42.94 MW, location-based assignment, distance: N/A km)
      ✓ solar_Sheffield: 1299.7MW → 1339.6MW (+39.91 MW, location-based assignment, distance: N/A km)
      ✓ solar_Portsmouth: 3068.2MW → 3111.5MW (+43.35 MW, location-based assignment, distance: N/A km)
      ✓ solar_Cardiff: 1051.4MW → 1186.2MW (+134.83 MW, location-based assignment, distance: N/A km)
      ✓ solar_Bournemouth: 2885.8MW → 2897.3MW (+11.46 MW, location-based assignment, distance: N/A km)
      ✓ solar_Ipswich: 2095.7MW → 2145.6MW (+49.90 MW, location-based assignment, distance: N/A km)
      ✓ solar_Birmingham: 1017.8MW → 1062.1MW (+44.25 MW, location-based assignment, distance: N/A km)
      ✓ solar_Nottingham: 2137.6MW → 2637.6MW (+500.00 MW, location-based assignment, distance: N/A km)
      ✓ solar_Nottingham: 2637.6MW → 2687.5MW (+49.90 MW, location-based assignment, distance: N/A km)
      ✓ solar_Cardiff: 1186.2MW → 1203.1MW (+16.85 MW, location-based assignment, distance: N/A km)
      ✓ solar_Bournemouth: 2897.3MW → 2939.6MW (+42.35 MW, location-based assignment, distance: N/A km)
      ✓ solar_Nottingham: 2687.5MW → 2737.4MW (+49.90 MW, location-based assignment, distance: N/A km)
      ✓ solar_Portsmouth: 3111.5MW → 3198.3MW (+86.79 MW, location-based assignment, distance: N/A km)
      ✓ solar_Portsmouth: 3198.3MW → 3241.8MW (+43.43 MW, location-based assignment, distance: N/A km)
      ✓ solar_Cardiff: 1203.1MW → 1245.2MW (+42.05 MW, location-based assignment, distance: N/A km)
      ✓ solar_Cardiff: 1245.2MW → 1350.5MW (+105.34 MW, location-based assignment, distance: N/A km)
      ✓ solar_Ipswich: 2145.6MW → 2162.0MW (+16.37 MW, location-based assignment, distance: N/A km)
      ✓ solar_Birmingham: 1062.1MW → 1106.3MW (+44.25 MW, location-based assignment, distance: N/A km)
      ✓ solar_Bournemouth: 2939.6MW → 2941.4MW (+1.78 MW, location-based assignment, distance: N/A km)
      ✓ solar_Portsmouth: 3241.8MW → 3276.5MW (+34.75 MW, location-based assignment, distance: N/A km)
      ✓ solar_Nottingham: 2737.4MW → 2780.4MW (+43.00 MW, location-based assignment, distance: N/A km)
      ✓ solar_Nottingham: 2780.4MW → 2823.4MW (+43.00 MW, location-based assignment, distance: N/A km)
      ✓ solar_Edinburgh: 653.7MW → 708.2MW (+54.53 MW, location-based assignment, distance: N/A km)
      ✓ solar_Newcastle: 295.2MW → 321.0MW (+25.86 MW, location-based assignment, distance: N/A km)
      ✓ solar_Portsmouth: 3276.5MW → 3283.5MW (+6.95 MW, location-based assignment, distance: N/A km)
      ✓ solar_Ipswich: 2162.0MW → 2162.9MW (+0.89 MW, location-based assignment, distance: N/A km)
      ✓ solar_Sheffield: 1339.6MW → 1386.0MW (+46.40 MW, location-based assignment, distance: N/A km)
      ✓ solar_Bournemouth: 2941.4MW → 2957.1MW (+15.70 MW, location-based assignment, distance: N/A km)
      ✓ solar_Nottingham: 2823.4MW → 3254.3MW (+430.88 MW, location-based assignment, distance: N/A km)
      ✓ solar_Edinburgh: 708.2MW → 762.7MW (+54.53 MW, location-based assignment, distance: N/A km)
      ✓ solar_Newcastle: 321.0MW → 358.9MW (+37.88 MW, location-based assignment, distance: N/A km)
      ✓ solar_Portsmouth: 3283.5MW → 3326.8MW (+43.35 MW, location-based assignment, distance: N/A km)
      ✓ solar_Nottingham: 3254.3MW → 3297.3MW (+43.00 MW, location-based assignment, distance: N/A km)
      ✓ solar_Newcastle: 358.9MW → 529.4MW (+170.48 MW, location-based assignment, distance: N/A km)
      ✓ solar_Sheffield: 1386.0MW → 1432.3MW (+46.32 MW, location-based assignment, distance: N/A km)
      ✓ solar_Ipswich: 2162.9MW → 2180.1MW (+17.23 MW, location-based assignment, distance: N/A km)
      ✓ solar_Ipswich: 2180.1MW → 2197.1MW (+16.97 MW, location-based assignment, distance: N/A km)
      ✓ solar_Sheffield: 1432.3MW → 1460.2MW (+27.85 MW, location-based assignment, distance: N/A km)
      ✓ solar_Bournemouth: 2957.1MW → 2999.4MW (+42.35 MW, location-based assignment, distance: N/A km)
      ✓ solar_Bournemouth: 2999.4MW → 3033.4MW (+33.94 MW, location-based assignment, distance: N/A km)
      ✓ solar_Ipswich: 2197.1MW → 2214.3MW (+17.23 MW, location-based assignment, distance: N/A km)
      ✓ solar_Cardiff: 1350.5MW → 1434.7MW (+84.19 MW, location-based assignment, distance: N/A km)
      ✓ solar_Ipswich: 2214.3MW → 2229.9MW (+15.51 MW, location-based assignment, distance: N/A km)
      ✓ solar_Ipswich: 2229.9MW → 2272.9MW (+43.00 MW, location-based assignment, distance: N/A km)
      ✓ solar_Ipswich: 2272.9MW → 2303.0MW (+30.16 MW, location-based assignment, distance: N/A km)
      ✓ solar_Birmingham: 1106.3MW → 1107.3MW (+0.98 MW, location-based assignment, distance: N/A km)
      ✓ solar_Bournemouth: 3033.4MW → 3046.1MW (+12.73 MW, location-based assignment, distance: N/A km)
      ✓ solar_Edinburgh: 762.7MW → 799.1MW (+36.35 MW, location-based assignment, distance: N/A km)
      ✓ solar_Sheffield: 1460.2MW → 1497.3MW (+37.13 MW, location-based assignment, distance: N/A km)
      ✓ solar_Edinburgh: 799.1MW → 824.1MW (+24.99 MW, location-based assignment, distance: N/A km)
      ✓ solar_Portsmouth: 3326.8MW → 3327.9MW (+1.11 MW, location-based assignment, distance: N/A km)
      ✓ solar_Portsmouth: 3327.9MW → 3358.3MW (+30.41 MW, location-based assignment, distance: N/A km)
      ✓ solar_Portsmouth: 3358.3MW → 3375.7MW (+17.38 MW, location-based assignment, distance: N/A km)
      ✓ solar_Ipswich: 2303.0MW → 2328.9MW (+25.85 MW, location-based assignment, distance: N/A km)
      ✓ solar_Ipswich: 2328.9MW → 2371.9MW (+43.00 MW, location-based assignment, distance: N/A km)
      ✓ solar_Nottingham: 3297.3MW → 3313.5MW (+16.15 MW, location-based assignment, distance: N/A km)
      ✓ solar_Sheffield: 1497.3MW → 1506.6MW (+9.28 MW, location-based assignment, distance: N/A km)
      ✓ solar_Ipswich: 2371.9MW → 2378.2MW (+6.29 MW, location-based assignment, distance: N/A km)
      ✓ solar_Manchester: 418.4MW → 441.6MW (+23.23 MW, location-based assignment, distance: N/A km)
      ✓ solar_Ipswich: 2378.2MW → 2404.0MW (+25.85 MW, location-based assignment, distance: N/A km)
      ✓ solar_Birmingham: 1107.3MW → 1123.2MW (+15.96 MW, location-based assignment, distance: N/A km)
      ✓ solar_Cardiff: 1434.7MW → 1435.5MW (+0.84 MW, location-based assignment, distance: N/A km)
      ✓ solar_Birmingham: 1123.2MW → 1140.1MW (+16.85 MW, location-based assignment, distance: N/A km)
      ✓ solar_Birmingham: 1140.1MW → 1175.6MW (+35.47 MW, location-based assignment, distance: N/A km)
      ✓ solar_Birmingham: 1175.6MW → 1219.0MW (+43.45 MW, location-based assignment, distance: N/A km)
      ✓ solar_Portsmouth: 3375.7MW → 3380.1MW (+4.34 MW, location-based assignment, distance: N/A km)
      ✓ solar_Edinburgh: 824.1MW → 915.0MW (+90.88 MW, location-based assignment, distance: N/A km)
      ✓ solar_Manchester: 441.6MW → 442.5MW (+0.86 MW, location-based assignment, distance: N/A km)
      ✓ solar_Nottingham: 3313.5MW → 3356.5MW (+43.08 MW, location-based assignment, distance: N/A km)
      ✓ solar_Manchester: 442.5MW → 451.1MW (+8.61 MW, location-based assignment, distance: N/A km)
      ✓ solar_Edinburgh: 915.0MW → 983.1MW (+68.16 MW, location-based assignment, distance: N/A km)
      ✓ solar_Ipswich: 2404.0MW → 2424.7MW (+20.68 MW, location-based assignment, distance: N/A km)
      ✓ solar_Bournemouth: 3046.1MW → 3071.6MW (+25.46 MW, location-based assignment, distance: N/A km)
      ✓ solar_Manchester: 451.1MW → 470.9MW (+19.79 MW, location-based assignment, distance: N/A km)
      ✓ solar_Edinburgh: 983.1MW → 1051.3MW (+68.16 MW, location-based assignment, distance: N/A km)
      ✓ solar_Birmingham: 1219.0MW → 1263.3MW (+44.25 MW, location-based assignment, distance: N/A km)
      ✓ solar_Sheffield: 1506.6MW → 1534.2MW (+27.57 MW, location-based assignment, distance: N/A km)
      ✓ solar_Nottingham: 3356.5MW → 3357.4MW (+0.86 MW, location-based assignment, distance: N/A km)
      ✓ solar_Edinburgh: 1051.3MW → 1069.5MW (+18.18 MW, location-based assignment, distance: N/A km)
      ✓ solar_Cardiff: 1435.5MW → 1465.0MW (+29.49 MW, location-based assignment, distance: N/A km)
      ✓ solar_Nottingham: 3357.4MW → 3383.3MW (+25.85 MW, location-based assignment, distance: N/A km)
      ✓ solar_Nottingham: 3383.3MW → 4021.0MW (+637.70 MW, location-based assignment, distance: N/A km)
      ✓ solar_Portsmouth: 3380.1MW → 3388.8MW (+8.69 MW, location-based assignment, distance: N/A km)
      ✓ solar_Portsmouth: 3388.8MW → 3394.0MW (+5.21 MW, location-based assignment, distance: N/A km)
      ✓ solar_Portsmouth: 3394.0MW → 3398.3MW (+4.34 MW, location-based assignment, distance: N/A km)
      ✓ solar_Newcastle: 529.4MW → 576.7MW (+47.26 MW, location-based assignment, distance: N/A km)
      ✓ solar_Edinburgh: 1069.5MW → 1124.0MW (+54.53 MW, location-based assignment, distance: N/A km)
      ✓ solar_Sheffield: 1534.2MW → 1831.2MW (+297.03 MW, location-based assignment, distance: N/A km)
      ✓ solar_Portsmouth: 3398.3MW → 3433.9MW (+35.62 MW, location-based assignment, distance: N/A km)
      ✓ solar_Nottingham: 4021.0MW → 4030.4MW (+9.48 MW, location-based assignment, distance: N/A km)
      ✓ solar_Nottingham: 4030.4MW → 4039.1MW (+8.62 MW, location-based assignment, distance: N/A km)
      ✓ solar_Nottingham: 4039.1MW → 4047.7MW (+8.62 MW, location-based assignment, distance: N/A km)
      ✓ solar_Nottingham: 4047.7MW → 4081.3MW (+33.61 MW, location-based assignment, distance: N/A km)
      ✓ solar_Ipswich: 2424.7MW → 2467.6MW (+42.91 MW, location-based assignment, distance: N/A km)
      ✓ solar_Ipswich: 2467.6MW → 2498.6MW (+31.02 MW, location-based assignment, distance: N/A km)
      ✓ solar_Manchester: 470.9MW → 478.6MW (+7.74 MW, location-based assignment, distance: N/A km)
      ✓ solar_Cardiff: 1465.0MW → 1469.2MW (+4.21 MW, location-based assignment, distance: N/A km)
      ✓ solar_Cardiff: 1469.2MW → 1494.5MW (+25.28 MW, location-based assignment, distance: N/A km)
      ✓ solar_Edinburgh: 1124.0MW → 1126.7MW (+2.73 MW, location-based assignment, distance: N/A km)
      ✓ solar_Bournemouth: 3071.6MW → 3113.9MW (+42.35 MW, location-based assignment, distance: N/A km)
      ✓ solar_Bournemouth: 3113.9MW → 3115.6MW (+1.71 MW, location-based assignment, distance: N/A km)
      ✓ solar_Sheffield: 1831.2MW → 1860.2MW (+28.96 MW, location-based assignment, distance: N/A km)
      ✓ solar_Ipswich: 2498.6MW → 2541.6MW (+43.00 MW, location-based assignment, distance: N/A km)
      ✓ solar_Edinburgh: 1126.7MW → 1146.7MW (+19.99 MW, location-based assignment, distance: N/A km)
      ✓ solar_Bournemouth: 3115.6MW → 3158.0MW (+42.35 MW, location-based assignment, distance: N/A km)
      ✓ solar_Cardiff: 1494.5MW → 1498.7MW (+4.21 MW, location-based assignment, distance: N/A km)
      ✓ solar_Nottingham: 4081.3MW → 4512.2MW (+430.88 MW, location-based assignment, distance: N/A km)
      ✓ solar_Birmingham: 1263.3MW → 1298.7MW (+35.47 MW, location-based assignment, distance: N/A km)
      ✓ solar_Portsmouth: 3433.9MW → 3443.0MW (+9.12 MW, location-based assignment, distance: N/A km)
      ✓ solar_Portsmouth: 3443.0MW → 3460.4MW (+17.38 MW, location-based assignment, distance: N/A km)
      ✓ solar_Nottingham: 4512.2MW → 4555.2MW (+43.00 MW, location-based assignment, distance: N/A km)
      ✓ solar_Edinburgh: 1146.7MW → 1221.7MW (+74.98 MW, location-based assignment, distance: N/A km)
      ✓ solar_Ipswich: 2541.6MW → 2565.8MW (+24.13 MW, location-based assignment, distance: N/A km)
      ✓ solar_Bournemouth: 3158.0MW → 3163.1MW (+5.09 MW, location-based assignment, distance: N/A km)
      ✓ solar_Portsmouth: 3460.4MW → 3477.8MW (+17.38 MW, location-based assignment, distance: N/A km)
      ✓ solar_Portsmouth: 3477.8MW → 3478.9MW (+1.07 MW, location-based assignment, distance: N/A km)
      ✓ solar_Portsmouth: 3478.9MW → 3489.7MW (+10.86 MW, location-based assignment, distance: N/A km)
      ✓ solar_Nottingham: 4555.2MW → 4559.0MW (+3.80 MW, location-based assignment, distance: N/A km)
      ✓ solar_Portsmouth: 3489.7MW → 3497.4MW (+7.65 MW, location-based assignment, distance: N/A km)
      ✓ solar_Portsmouth: 3497.4MW → 3523.4MW (+26.06 MW, location-based assignment, distance: N/A km)
      ✓ solar_Birmingham: 1298.7MW → 1306.6MW (+7.80 MW, location-based assignment, distance: N/A km)
      ✓ solar_Manchester: 478.6MW → 487.2MW (+8.61 MW, location-based assignment, distance: N/A km)
      ✓ solar_Nottingham: 4559.0MW → 4576.2MW (+17.24 MW, location-based assignment, distance: N/A km)
      ✓ solar_Birmingham: 1306.6MW → 1311.9MW (+5.32 MW, location-based assignment, distance: N/A km)
      ✓ solar_Edinburgh: 1221.7MW → 1222.8MW (+1.16 MW, location-based assignment, distance: N/A km)
      ✓ solar_Birmingham: 1311.9MW → 1329.6MW (+17.74 MW, location-based assignment, distance: N/A km)
      ✓ solar_Nottingham: 4576.2MW → 4619.3MW (+43.08 MW, location-based assignment, distance: N/A km)
      ✓ solar_Sheffield: 1860.2MW → 1896.6MW (+36.48 MW, location-based assignment, distance: N/A km)
      ✓ solar_Birmingham: 1329.6MW → 1330.8MW (+1.15 MW, location-based assignment, distance: N/A km)
      ✓ solar_Birmingham: 1330.8MW → 1332.5MW (+1.77 MW, location-based assignment, distance: N/A km)
      ✓ solar_Birmingham: 1332.5MW → 1347.4MW (+14.90 MW, location-based assignment, distance: N/A km)
      ✓ solar_Edinburgh: 1222.8MW → 1250.0MW (+27.17 MW, location-based assignment, distance: N/A km)
      ✓ solar_Birmingham: 1347.4MW → 1352.0MW (+4.61 MW, location-based assignment, distance: N/A km)
      ✓ solar_Sheffield: 1896.6MW → 1913.8MW (+17.17 MW, location-based assignment, distance: N/A km)
      ✓ solar_Sheffield: 1913.8MW → 1960.1MW (+46.32 MW, location-based assignment, distance: N/A km)
      ✓ solar_Portsmouth: 3523.4MW → 3764.1MW (+240.65 MW, location-based assignment, distance: N/A km)
      ✓ solar_Portsmouth: 3764.1MW → 3807.4MW (+43.35 MW, location-based assignment, distance: N/A km)
      ✓ solar_Birmingham: 1352.0MW → 1387.5MW (+35.47 MW, location-based assignment, distance: N/A km)
      ✓ solar_Ipswich: 2565.8MW → 2586.4MW (+20.68 MW, location-based assignment, distance: N/A km)
      ✓ solar_Bournemouth: 3163.1MW → 3183.9MW (+20.79 MW, location-based assignment, distance: N/A km)
      ✓ solar_Nottingham: 4619.3MW → 4634.8MW (+15.51 MW, location-based assignment, distance: N/A km)
      ✓ solar_Sheffield: 1960.1MW → 1992.6MW (+32.49 MW, location-based assignment, distance: N/A km)
      ✓ solar_Ipswich: 2586.4MW → 2603.4MW (+16.97 MW, location-based assignment, distance: N/A km)
      ✓ solar_Newcastle: 576.7MW → 606.5MW (+29.83 MW, location-based assignment, distance: N/A km)
      ✓ solar_Portsmouth: 3807.4MW → 3850.8MW (+43.35 MW, location-based assignment, distance: N/A km)
      ✓ solar_Cardiff: 1498.7MW → 1502.8MW (+4.07 MW, location-based assignment, distance: N/A km)
      ✓ solar_Bournemouth: 3183.9MW → 3186.9MW (+3.05 MW, location-based assignment, distance: N/A km)
      ✓ solar_Ipswich: 2603.4MW → 2646.5MW (+43.08 MW, location-based assignment, distance: N/A km)
      ✓ solar_Manchester: 487.2MW → 495.8MW (+8.61 MW, location-based assignment, distance: N/A km)
      ✓ solar_Bournemouth: 3186.9MW → 3205.6MW (+18.67 MW, location-based assignment, distance: N/A km)
      ✓ solar_Bournemouth: 3205.6MW → 3210.1MW (+4.57 MW, location-based assignment, distance: N/A km)
      ✓ solar_Bournemouth: 3210.1MW → 3220.3MW (+10.18 MW, location-based assignment, distance: N/A km)
      ✓ solar_Portsmouth: 3850.8MW → 3859.9MW (+9.12 MW, location-based assignment, distance: N/A km)
      ✓ solar_Manchester: 495.8MW → 507.0MW (+11.19 MW, location-based assignment, distance: N/A km)
      ✓ solar_Portsmouth: 3859.9MW → 3861.0MW (+1.06 MW, location-based assignment, distance: N/A km)
      ✓ solar_Bournemouth: 3220.3MW → 3230.5MW (+10.18 MW, location-based assignment, distance: N/A km)
      ✓ solar_Bournemouth: 3230.5MW → 3232.2MW (+1.64 MW, location-based assignment, distance: N/A km)
      ✓ solar_Portsmouth: 3861.0MW → 3869.7MW (+8.69 MW, location-based assignment, distance: N/A km)
      ✓ solar_Manchester: 507.0MW → 508.1MW (+1.08 MW, location-based assignment, distance: N/A km)
      ✓ solar_Nottingham: 4634.8MW → 4640.0MW (+5.17 MW, location-based assignment, distance: N/A km)
      ✓ solar_Ipswich: 2646.5MW → 2689.6MW (+43.08 MW, location-based assignment, distance: N/A km)
      ✓ solar_Nottingham: 4640.0MW → 4676.2MW (+36.19 MW, location-based assignment, distance: N/A km)
      ✓ solar_Newcastle: 606.5MW → 652.0MW (+45.46 MW, location-based assignment, distance: N/A km)
      ✓ solar_Nottingham: 4676.2MW → 4693.6MW (+17.41 MW, location-based assignment, distance: N/A km)
      ✓ solar_Ipswich: 2689.6MW → 2711.1MW (+21.54 MW, location-based assignment, distance: N/A km)
      ✓ solar_Portsmouth: 3869.7MW → 3902.7MW (+33.01 MW, location-based assignment, distance: N/A km)
      ✓ solar_Nottingham: 4693.6MW → 4695.0MW (+1.41 MW, location-based assignment, distance: N/A km)
      ✓ solar_Portsmouth: 3902.7MW → 3919.2MW (+16.51 MW, location-based assignment, distance: N/A km)
      ✓ solar_Ipswich: 2711.1MW → 2724.0MW (+12.93 MW, location-based assignment, distance: N/A km)
      ✓ solar_Manchester: 508.1MW → 535.6MW (+27.54 MW, location-based assignment, distance: N/A km)
      ✓ solar_Bournemouth: 3232.2MW → 3240.6MW (+8.49 MW, location-based assignment, distance: N/A km)
      ✓ solar_Birmingham: 1387.5MW → 1431.8MW (+44.25 MW, location-based assignment, distance: N/A km)
      ✓ solar_Sheffield: 1992.6MW → 2020.5MW (+27.85 MW, location-based assignment, distance: N/A km)
      ✓ solar_Bournemouth: 3240.6MW → 3242.5MW (+1.87 MW, location-based assignment, distance: N/A km)
      ✓ solar_Ipswich: 2724.0MW → 2767.1MW (+43.04 MW, location-based assignment, distance: N/A km)
      ✓ solar_Edinburgh: 1250.0MW → 1281.8MW (+31.81 MW, location-based assignment, distance: N/A km)
      ✓ solar_Portsmouth: 3919.2MW → 3933.1MW (+13.90 MW, location-based assignment, distance: N/A km)
      ✓ solar_Manchester: 535.6MW → 536.7MW (+1.02 MW, location-based assignment, distance: N/A km)
      ✓ solar_Birmingham: 1431.8MW → 1444.2MW (+12.42 MW, location-based assignment, distance: N/A km)
      ✓ solar_Portsmouth: 3933.1MW → 3934.5MW (+1.38 MW, location-based assignment, distance: N/A km)
      ✓ solar_Nottingham: 4695.0MW → 4699.3MW (+4.31 MW, location-based assignment, distance: N/A km)
      ✓ solar_Sheffield: 2020.5MW → 2021.9MW (+1.39 MW, location-based assignment, distance: N/A km)
      ✓ solar_Birmingham: 1444.2MW → 1488.4MW (+44.25 MW, location-based assignment, distance: N/A km)
      ✓ solar_Newcastle: 652.0MW → 677.5MW (+25.57 MW, location-based assignment, distance: N/A km)
      ✓ solar_Portsmouth: 3934.5MW → 3935.8MW (+1.30 MW, location-based assignment, distance: N/A km)
      ✓ solar_Bournemouth: 3242.5MW → 3246.2MW (+3.65 MW, location-based assignment, distance: N/A km)
      ✓ solar_Sheffield: 2021.9MW → 2068.2MW (+46.32 MW, location-based assignment, distance: N/A km)
      ✓ solar_Nottingham: 4699.3MW → 4742.3MW (+43.00 MW, location-based assignment, distance: N/A km)
      ✓ solar_Portsmouth: 3935.8MW → 3979.2MW (+43.43 MW, location-based assignment, distance: N/A km)
      ✓ solar_Edinburgh: 1281.8MW → 1327.2MW (+45.35 MW, location-based assignment, distance: N/A km)
      ✓ solar_Birmingham: 1488.4MW → 1489.5MW (+1.06 MW, location-based assignment, distance: N/A km)
      ✓ solar_Sheffield: 2068.2MW → 2069.2MW (+1.02 MW, location-based assignment, distance: N/A km)
      ✓ solar_Bournemouth: 3246.2MW → 3280.1MW (+33.94 MW, location-based assignment, distance: N/A km)
      ✓ solar_Bournemouth: 3280.1MW → 3280.9MW (+0.85 MW, location-based assignment, distance: N/A km)
      ✓ solar_Manchester: 536.7MW → 544.4MW (+7.74 MW, location-based assignment, distance: N/A km)
      ✓ solar_Nottingham: 4742.3MW → 4785.2MW (+42.92 MW, location-based assignment, distance: N/A km)
      ✓ solar_Portsmouth: 3979.2MW → 3981.4MW (+2.17 MW, location-based assignment, distance: N/A km)
      ✓ solar_Birmingham: 1489.5MW → 1512.3MW (+22.75 MW, location-based assignment, distance: N/A km)
      ✓ solar_Ipswich: 2767.1MW → 2788.6MW (+21.54 MW, location-based assignment, distance: N/A km)
      ✓ solar_Ipswich: 2788.6MW → 2831.6MW (+43.00 MW, location-based assignment, distance: N/A km)
      ✓ solar_Nottingham: 4785.2MW → 4795.5MW (+10.34 MW, location-based assignment, distance: N/A km)
      ✓ solar_Portsmouth: 3981.4MW → 3998.8MW (+17.38 MW, location-based assignment, distance: N/A km)
      ✓ solar_Cardiff: 1502.8MW → 1504.5MW (+1.69 MW, location-based assignment, distance: N/A km)
      ✓ solar_Manchester: 544.4MW → 561.6MW (+17.21 MW, location-based assignment, distance: N/A km)
      ✓ solar_Edinburgh: 1327.2MW → 1330.0MW (+2.86 MW, location-based assignment, distance: N/A km)
      ✓ solar_Bournemouth: 3280.9MW → 3294.7MW (+13.75 MW, location-based assignment, distance: N/A km)
      ✓ solar_Sheffield: 2069.2MW → 2115.5MW (+46.32 MW, location-based assignment, distance: N/A km)
      ✓ solar_Portsmouth: 3998.8MW → 4003.1MW (+4.34 MW, location-based assignment, distance: N/A km)
      ✓ solar_Nottingham: 4795.5MW → 4809.5MW (+13.91 MW, location-based assignment, distance: N/A km)
      ✓ solar_Sheffield: 2115.5MW → 2116.9MW (+1.39 MW, location-based assignment, distance: N/A km)
      ✓ solar_Newcastle: 677.5MW → 678.5MW (+0.95 MW, location-based assignment, distance: N/A km)
      ✓ solar_Portsmouth: 4003.1MW → 4022.2MW (+19.11 MW, location-based assignment, distance: N/A km)
      ✓ solar_Portsmouth: 4022.2MW → 4024.6MW (+2.35 MW, location-based assignment, distance: N/A km)
      ✓ solar_Portsmouth: 4024.6MW → 4038.5MW (+13.90 MW, location-based assignment, distance: N/A km)
      ✓ solar_Birmingham: 1512.3MW → 1520.1MW (+7.80 MW, location-based assignment, distance: N/A km)
      ✓ solar_Manchester: 561.6MW → 567.5MW (+5.85 MW, location-based assignment, distance: N/A km)
      ✓ solar_Bournemouth: 3294.7MW → 3337.0MW (+42.35 MW, location-based assignment, distance: N/A km)
      ✓ solar_Birmingham: 1520.1MW → 1521.2MW (+1.14 MW, location-based assignment, distance: N/A km)
      ✓ solar_Ipswich: 2831.6MW → 2874.6MW (+43.00 MW, location-based assignment, distance: N/A km)
      ✓ solar_Bournemouth: 3337.0MW → 3371.0MW (+33.94 MW, location-based assignment, distance: N/A km)
      ✓ solar_Nottingham: 4809.5MW → 4826.9MW (+17.41 MW, location-based assignment, distance: N/A km)
      ✓ solar_Edinburgh: 1330.0MW → 1375.4MW (+45.35 MW, location-based assignment, distance: N/A km)
      ✓ solar_Ipswich: 2874.6MW → 2917.6MW (+43.00 MW, location-based assignment, distance: N/A km)
      ✓ solar_Sheffield: 2116.9MW → 2163.2MW (+46.32 MW, location-based assignment, distance: N/A km)
      ✓ solar_Manchester: 567.5MW → 578.7MW (+11.19 MW, location-based assignment, distance: N/A km)
      ✓ solar_Newcastle: 678.5MW → 708.8MW (+30.31 MW, location-based assignment, distance: N/A km)
      ✓ solar_Bournemouth: 3371.0MW → 3396.4MW (+25.46 MW, location-based assignment, distance: N/A km)
      ✓ solar_Edinburgh: 1375.4MW → 1420.7MW (+45.35 MW, location-based assignment, distance: N/A km)
      ✓ solar_Sheffield: 2163.2MW → 2164.7MW (+1.49 MW, location-based assignment, distance: N/A km)
      ✓ solar_Bournemouth: 3396.4MW → 3398.5MW (+2.04 MW, location-based assignment, distance: N/A km)
      ✓ solar_Newcastle: 708.8MW → 709.7MW (+0.95 MW, location-based assignment, distance: N/A km)
      ✓ solar_Ipswich: 2917.6MW → 2928.0MW (+10.34 MW, location-based assignment, distance: N/A km)
      ✓ solar_London: 21.1MW → 63.6MW (+42.57 MW, location-based assignment, distance: N/A km)
      ✓ solar_Manchester: 578.7MW → 604.5MW (+25.82 MW, location-based assignment, distance: N/A km)
      ✓ solar_Sheffield: 2164.7MW → 2183.3MW (+18.56 MW, location-based assignment, distance: N/A km)
      ✓ solar_Bournemouth: 3398.5MW → 3600.9MW (+202.44 MW, location-based assignment, distance: N/A km)
      ✓ solar_Cardiff: 1504.5MW → 1566.3MW (+61.85 MW, location-based assignment, distance: N/A km)
      ✓ solar_Edinburgh: 1420.7MW → 1439.6MW (+18.90 MW, location-based assignment, distance: N/A km)
      ✓ solar_Ipswich: 2928.0MW → 3062.3MW (+134.36 MW, location-based assignment, distance: N/A km)
      ✓ solar_London: 63.6MW → 64.1MW (+0.46 MW, location-based assignment, distance: N/A km)
      ✓ solar_Manchester: 604.5MW → 618.7MW (+14.19 MW, location-based assignment, distance: N/A km)
      ✓ solar_Newcastle: 709.7MW → 714.0MW (+4.23 MW, location-based assignment, distance: N/A km)
      ✓ solar_Nottingham: 4826.9MW → 4904.1MW (+77.26 MW, location-based assignment, distance: N/A km)
      ✓ solar_Portsmouth: 4038.5MW → 4191.6MW (+153.12 MW, location-based assignment, distance: N/A km)
      ✓ solar_Sheffield: 2183.3MW → 2204.7MW (+21.43 MW, location-based assignment, distance: N/A km)
      ✓ solar_Birmingham: 1521.2MW → 1586.5MW (+65.31 MW, location-based assignment, distance: N/A km)
    📊 Allocating 20.12 MW solar capacity (no location data) across 11 generators (total existing: 23952.82 MW)
      ✓ solar_Birmingham: 1586.5MW → 1587.8MW (+1.33 MW, 6.62% share, proportional)
      ✓ solar_Bournemouth: 3600.9MW → 3603.9MW (+3.03 MW, 15.03% share, proportional)
      ✓ solar_Cardiff: 1566.3MW → 1567.6MW (+1.32 MW, 6.54% share, proportional)
      ✓ solar_Edinburgh: 1439.6MW → 1440.9MW (+1.21 MW, 6.01% share, proportional)
      ✓ solar_Ipswich: 3062.3MW → 3064.9MW (+2.57 MW, 12.78% share, proportional)
      ✓ solar_London: 64.1MW → 64.2MW (+0.05 MW, 0.27% share, proportional)
      ✓ solar_Manchester: 618.7MW → 619.2MW (+0.52 MW, 2.58% share, proportional)
      ✓ solar_Newcastle: 714.0MW → 714.6MW (+0.60 MW, 2.98% share, proportional)
      ✓ solar_Nottingham: 4904.1MW → 4908.2MW (+4.12 MW, 20.47% share, proportional)
      ✓ solar_Portsmouth: 4191.6MW → 4195.1MW (+3.52 MW, 17.50% share, proportional)
      ✓ solar_Sheffield: 2204.7MW → 2206.6MW (+1.85 MW, 9.20% share, proportional)
    ✓ Updated 0.5c_battery: pool_limit 20808.75 → 20852.14 (+43.39 MW, per_pool_limit=10426.07 MWh/period from external)
    ✓ Updated 1c_battery: pool_limit 632.87 → 634.19 (+1.32 MW, per_pool_limit=317.09 MWh/period from external)
    ✓ Updated 0.25c_battery: pool_limit 2531.48 → 2536.76 (+5.28 MW, per_pool_limit=1268.38 MWh/period from external)
    ✓ Updated hydrogen_battery: pool_limit 6.33 → 6.34 (+0.01 MW, per_pool_limit=3.17 MWh/period from external)
    ✓ Updated 0.5c_battery: pool_limit 20852.14 → 20863.10 (+10.96 MW, per_pool_limit=10431.55 MWh/period from external)
    ✓ Updated 1c_battery: pool_limit 634.19 → 634.52 (+0.33 MW, per_pool_limit=317.26 MWh/period from external)
    ✓ Updated 0.25c_battery: pool_limit 2536.76 → 2538.09 (+1.33 MW, per_pool_limit=1269.05 MWh/period from external)
    ✓ Updated hydrogen_battery: pool_limit 6.34 → 6.35 (+0.00 MW, per_pool_limit=3.17 MWh/period from external)
    ✓ Updated 0.5c_battery: pool_limit 20863.10 → 20895.64 (+32.54 MW, per_pool_limit=10447.82 MWh/period from external)
    ✓ Updated 1c_battery: pool_limit 634.52 → 635.51 (+0.99 MW, per_pool_limit=317.76 MWh/period from external)
    ✓ Updated 0.25c_battery: pool_limit 2538.09 → 2542.05 (+3.96 MW, per_pool_limit=1271.02 MWh/period from external)
    ✓ Updated hydrogen_battery: pool_limit 6.35 → 6.36 (+0.01 MW, per_pool_limit=3.18 MWh/period from external)
    ✓ Updated 0.5c_battery: pool_limit 20895.64 → 20955.52 (+59.88 MW, per_pool_limit=10477.76 MWh/period from external)
    ✓ Updated 1c_battery: pool_limit 635.51 → 637.33 (+1.82 MW, per_pool_limit=318.67 MWh/period from external)
    ✓ Updated 0.25c_battery: pool_limit 2542.05 → 2549.33 (+7.28 MW, per_pool_limit=1274.67 MWh/period from external)
    ✓ Updated hydrogen_battery: pool_limit 6.36 → 6.37 (+0.02 MW, per_pool_limit=3.19 MWh/period from external)
    ✓ Updated 0.5c_battery: pool_limit 20955.52 → 21129.08 (+173.56 MW, per_pool_limit=10564.54 MWh/period from external)
    ✓ Updated 1c_battery: pool_limit 637.33 → 642.61 (+5.28 MW, per_pool_limit=321.31 MWh/period from external)
    ✓ Updated 0.25c_battery: pool_limit 2549.33 → 2570.45 (+21.11 MW, per_pool_limit=1285.22 MWh/period from external)
    ✓ Updated hydrogen_battery: pool_limit 6.37 → 6.43 (+0.05 MW, per_pool_limit=3.21 MWh/period from external)
    ✓ Updated 0.5c_battery: pool_limit 21129.08 → 21389.41 (+260.33 MW, per_pool_limit=10694.70 MWh/period from external)
    ✓ Updated 1c_battery: pool_limit 642.61 → 650.53 (+7.92 MW, per_pool_limit=325.26 MWh/period from external)
    ✓ Updated 0.25c_battery: pool_limit 2570.45 → 2602.12 (+31.67 MW, per_pool_limit=1301.06 MWh/period from external)
    ✓ Updated hydrogen_battery: pool_limit 6.43 → 6.51 (+0.08 MW, per_pool_limit=3.25 MWh/period from external)
    ✓ Updated 0.5c_battery: pool_limit 21389.41 → 21396.77 (+7.36 MW, per_pool_limit=10698.38 MWh/period from external)
    ✓ Updated 1c_battery: pool_limit 650.53 → 650.75 (+0.22 MW, per_pool_limit=325.38 MWh/period from external)
    ✓ Updated 0.25c_battery: pool_limit 2602.12 → 2603.01 (+0.90 MW, per_pool_limit=1301.51 MWh/period from external)
    ✓ Updated hydrogen_battery: pool_limit 6.51 → 6.51 (+0.00 MW, per_pool_limit=3.25 MWh/period from external)
    ✓ Updated 0.5c_battery: pool_limit 21396.77 → 21433.51 (+36.74 MW, per_pool_limit=10716.75 MWh/period from external)
    ✓ Updated 1c_battery: pool_limit 650.75 → 651.87 (+1.12 MW, per_pool_limit=325.94 MWh/period from external)
    ✓ Updated 0.25c_battery: pool_limit 2603.01 → 2607.48 (+4.47 MW, per_pool_limit=1303.74 MWh/period from external)
    ✓ Updated hydrogen_battery: pool_limit 6.51 → 6.52 (+0.01 MW, per_pool_limit=3.26 MWh/period from external)
    ✓ Updated 0.5c_battery: pool_limit 21433.51 → 21469.80 (+36.30 MW, per_pool_limit=10734.90 MWh/period from external)
    ✓ Updated 1c_battery: pool_limit 651.87 → 652.97 (+1.10 MW, per_pool_limit=326.49 MWh/period from external)
    ✓ Updated 0.25c_battery: pool_limit 2607.48 → 2611.90 (+4.42 MW, per_pool_limit=1305.95 MWh/period from external)
    ✓ Updated hydrogen_battery: pool_limit 6.52 → 6.53 (+0.01 MW, per_pool_limit=3.26 MWh/period from external)
    ✓ Updated 0.5c_battery: pool_limit 21469.80 → 21542.41 (+72.61 MW, per_pool_limit=10771.21 MWh/period from external)
    ✓ Updated 1c_battery: pool_limit 652.97 → 655.18 (+2.21 MW, per_pool_limit=327.59 MWh/period from external)
    ✓ Updated 0.25c_battery: pool_limit 2611.90 → 2620.73 (+8.83 MW, per_pool_limit=1310.37 MWh/period from external)
    ✓ Updated hydrogen_battery: pool_limit 6.53 → 6.55 (+0.02 MW, per_pool_limit=3.28 MWh/period from external)
    ✓ Updated 0.5c_battery: pool_limit 21542.41 → 21578.57 (+36.16 MW, per_pool_limit=10789.29 MWh/period from external)
    ✓ Updated 1c_battery: pool_limit 655.18 → 656.28 (+1.10 MW, per_pool_limit=328.14 MWh/period from external)
    ✓ Updated 0.25c_battery: pool_limit 2620.73 → 2625.13 (+4.40 MW, per_pool_limit=1312.57 MWh/period from external)
    ✓ Updated hydrogen_battery: pool_limit 6.55 → 6.56 (+0.01 MW, per_pool_limit=3.28 MWh/period from external)
    ✓ Updated 0.5c_battery: pool_limit 21578.57 → 21593.29 (+14.72 MW, per_pool_limit=10796.65 MWh/period from external)
    ✓ Updated 1c_battery: pool_limit 656.28 → 656.73 (+0.45 MW, per_pool_limit=328.37 MWh/period from external)
    ✓ Updated 0.25c_battery: pool_limit 2625.13 → 2626.92 (+1.79 MW, per_pool_limit=1313.46 MWh/period from external)
    ✓ Updated hydrogen_battery: pool_limit 6.56 → 6.57 (+0.00 MW, per_pool_limit=3.28 MWh/period from external)
    ✓ Updated 0.5c_battery: pool_limit 21593.29 → 21617.65 (+24.35 MW, per_pool_limit=10808.82 MWh/period from external)
    ✓ Updated 1c_battery: pool_limit 656.73 → 657.47 (+0.74 MW, per_pool_limit=328.74 MWh/period from external)
    ✓ Updated 0.25c_battery: pool_limit 2626.92 → 2629.88 (+2.96 MW, per_pool_limit=1314.94 MWh/period from external)
    ✓ Updated hydrogen_battery: pool_limit 6.57 → 6.57 (+0.01 MW, per_pool_limit=3.29 MWh/period from external)
    ✓ Updated 0.5c_battery: pool_limit 21617.65 → 21621.22 (+3.57 MW, per_pool_limit=10810.61 MWh/period from external)
    ✓ Updated 1c_battery: pool_limit 657.47 → 657.58 (+0.11 MW, per_pool_limit=328.79 MWh/period from external)
    ✓ Updated 0.25c_battery: pool_limit 2629.88 → 2630.32 (+0.43 MW, per_pool_limit=1315.16 MWh/period from external)
    ✓ Updated hydrogen_battery: pool_limit 6.57 → 6.58 (+0.00 MW, per_pool_limit=3.29 MWh/period from external)
    ✓ Updated 0.5c_battery: pool_limit 21621.22 → 21657.96 (+36.74 MW, per_pool_limit=10828.98 MWh/period from external)
    ✓ Updated 1c_battery: pool_limit 657.58 → 658.70 (+1.12 MW, per_pool_limit=329.35 MWh/period from external)
    ✓ Updated 0.25c_battery: pool_limit 2630.32 → 2634.79 (+4.47 MW, per_pool_limit=1317.39 MWh/period from external)
    ✓ Updated hydrogen_battery: pool_limit 6.58 → 6.59 (+0.01 MW, per_pool_limit=3.29 MWh/period from external)
    ✓ Updated 0.5c_battery: pool_limit 21657.96 → 21677.01 (+19.05 MW, per_pool_limit=10838.50 MWh/period from external)
    ✓ Updated 1c_battery: pool_limit 658.70 → 659.28 (+0.58 MW, per_pool_limit=329.64 MWh/period from external)
    ✓ Updated 0.25c_battery: pool_limit 2634.79 → 2637.11 (+2.32 MW, per_pool_limit=1318.55 MWh/period from external)
    ✓ Updated hydrogen_battery: pool_limit 6.59 → 6.59 (+0.01 MW, per_pool_limit=3.30 MWh/period from external)
    ✓ Updated 0.5c_battery: pool_limit 21677.01 → 21750.63 (+73.62 MW, per_pool_limit=10875.31 MWh/period from external)
    ✓ Updated 1c_battery: pool_limit 659.28 → 661.52 (+2.24 MW, per_pool_limit=330.76 MWh/period from external)
    ✓ Updated 0.25c_battery: pool_limit 2637.11 → 2646.06 (+8.96 MW, per_pool_limit=1323.03 MWh/period from external)
    ✓ Updated hydrogen_battery: pool_limit 6.59 → 6.62 (+0.02 MW, per_pool_limit=3.31 MWh/period from external)
    ✓ Updated 0.5c_battery: pool_limit 21750.63 → 21794.80 (+44.17 MW, per_pool_limit=10897.40 MWh/period from external)
    ✓ Updated 1c_battery: pool_limit 661.52 → 662.86 (+1.34 MW, per_pool_limit=331.43 MWh/period from external)
    ✓ Updated 0.25c_battery: pool_limit 2646.06 → 2651.44 (+5.37 MW, per_pool_limit=1325.72 MWh/period from external)
    ✓ Updated hydrogen_battery: pool_limit 6.62 → 6.63 (+0.01 MW, per_pool_limit=3.31 MWh/period from external)
    ✓ Updated 0.5c_battery: pool_limit 21794.80 → 21809.52 (+14.72 MW, per_pool_limit=10904.76 MWh/period from external)
    ✓ Updated 1c_battery: pool_limit 662.86 → 663.31 (+0.45 MW, per_pool_limit=331.65 MWh/period from external)
    ✓ Updated 0.25c_battery: pool_limit 2651.44 → 2653.23 (+1.79 MW, per_pool_limit=1326.61 MWh/period from external)
    ✓ Updated hydrogen_battery: pool_limit 6.63 → 6.63 (+0.00 MW, per_pool_limit=3.32 MWh/period from external)
    ✓ Updated 0.5c_battery: pool_limit 21809.52 → 21813.20 (+3.68 MW, per_pool_limit=10906.60 MWh/period from external)
    ✓ Updated 1c_battery: pool_limit 663.31 → 663.42 (+0.11 MW, per_pool_limit=331.71 MWh/period from external)
    ✓ Updated 0.25c_battery: pool_limit 2653.23 → 2653.67 (+0.45 MW, per_pool_limit=1326.84 MWh/period from external)
    ✓ Updated hydrogen_battery: pool_limit 6.63 → 6.63 (+0.00 MW, per_pool_limit=3.32 MWh/period from external)
    ✓ Updated 0.5c_battery: pool_limit 21813.20 → 21886.82 (+73.62 MW, per_pool_limit=10943.41 MWh/period from external)
    ✓ Updated 1c_battery: pool_limit 663.42 → 665.66 (+2.24 MW, per_pool_limit=332.83 MWh/period from external)
    ✓ Updated 0.25c_battery: pool_limit 2653.67 → 2662.63 (+8.96 MW, per_pool_limit=1331.32 MWh/period from external)
    ✓ Updated hydrogen_battery: pool_limit 6.63 → 6.66 (+0.02 MW, per_pool_limit=3.33 MWh/period from external)
    ✓ Updated 0.5c_battery: pool_limit 21886.82 → 22052.47 (+165.64 MW, per_pool_limit=11026.23 MWh/period from external)
    ✓ Updated 1c_battery: pool_limit 665.66 → 670.70 (+5.04 MW, per_pool_limit=335.35 MWh/period from external)
    ✓ Updated 0.25c_battery: pool_limit 2662.63 → 2682.78 (+20.15 MW, per_pool_limit=1341.39 MWh/period from external)
    ✓ Updated hydrogen_battery: pool_limit 6.66 → 6.71 (+0.05 MW, per_pool_limit=3.35 MWh/period from external)
    ✓ Updated 0.5c_battery: pool_limit 22052.47 → 22061.68 (+9.21 MW, per_pool_limit=11030.84 MWh/period from external)
    ✓ Updated 1c_battery: pool_limit 670.70 → 670.98 (+0.28 MW, per_pool_limit=335.49 MWh/period from external)
    ✓ Updated 0.25c_battery: pool_limit 2682.78 → 2683.90 (+1.12 MW, per_pool_limit=1341.95 MWh/period from external)
    ✓ Updated hydrogen_battery: pool_limit 6.71 → 6.71 (+0.00 MW, per_pool_limit=3.35 MWh/period from external)
    ✓ Updated 0.5c_battery: pool_limit 22061.68 → 23094.11 (+1032.43 MW, per_pool_limit=11547.05 MWh/period from external)
    ✓ Updated 1c_battery: pool_limit 670.98 → 702.38 (+31.40 MW, per_pool_limit=351.19 MWh/period from external)
    ✓ Updated 0.25c_battery: pool_limit 2683.90 → 2809.50 (+125.60 MW, per_pool_limit=1404.75 MWh/period from external)
    ✓ Updated hydrogen_battery: pool_limit 6.71 → 7.02 (+0.31 MW, per_pool_limit=3.51 MWh/period from external)
    ✓ Updated 0.5c_battery: pool_limit 23094.11 → 23357.09 (+262.99 MW, per_pool_limit=11678.55 MWh/period from external)
    ✓ Updated 1c_battery: pool_limit 702.38 → 710.37 (+8.00 MW, per_pool_limit=355.19 MWh/period from external)
    ✓ Updated 0.25c_battery: pool_limit 2809.50 → 2841.50 (+31.99 MW, per_pool_limit=1420.75 MWh/period from external)
    ✓ Updated hydrogen_battery: pool_limit 7.02 → 7.10 (+0.08 MW, per_pool_limit=3.55 MWh/period from external)
    ✓ Updated 0.5c_battery: pool_limit 23357.09 → 23388.75 (+31.66 MW, per_pool_limit=11694.38 MWh/period from external)
    ✓ Updated 1c_battery: pool_limit 710.37 → 711.34 (+0.96 MW, per_pool_limit=355.67 MWh/period from external)
    ✓ Updated 0.25c_battery: pool_limit 2841.50 → 2845.35 (+3.85 MW, per_pool_limit=1422.67 MWh/period from external)
    ✓ Updated hydrogen_battery: pool_limit 7.10 → 7.11 (+0.01 MW, per_pool_limit=3.56 MWh/period from external)
    ✓ Updated 0.5c_battery: pool_limit 23388.75 → 23427.23 (+38.48 MW, per_pool_limit=11713.62 MWh/period from external)
    ✓ Updated 1c_battery: pool_limit 711.34 → 712.51 (+1.17 MW, per_pool_limit=356.25 MWh/period from external)
    ✓ Updated 0.25c_battery: pool_limit 2845.35 → 2850.03 (+4.68 MW, per_pool_limit=1425.01 MWh/period from external)
    ✓ Updated hydrogen_battery: pool_limit 7.11 → 7.13 (+0.01 MW, per_pool_limit=3.56 MWh/period from external)
    ✓ Updated 0.5c_battery: pool_limit 23427.23 → 23448.60 (+21.36 MW, per_pool_limit=11724.30 MWh/period from external)
    ✓ Updated 1c_battery: pool_limit 712.51 → 713.16 (+0.65 MW, per_pool_limit=356.58 MWh/period from external)
    ✓ Updated 0.25c_battery: pool_limit 2850.03 → 2852.63 (+2.60 MW, per_pool_limit=1426.31 MWh/period from external)
    ✓ Updated hydrogen_battery: pool_limit 7.13 → 7.13 (+0.01 MW, per_pool_limit=3.57 MWh/period from external)
    ✓ Updated 0.5c_battery: pool_limit 23448.60 → 23480.34 (+31.75 MW, per_pool_limit=11740.17 MWh/period from external)
    ✓ Updated 1c_battery: pool_limit 713.16 → 714.12 (+0.97 MW, per_pool_limit=357.06 MWh/period from external)
    ✓ Updated 0.25c_battery: pool_limit 2852.63 → 2856.49 (+3.86 MW, per_pool_limit=1428.24 MWh/period from external)
    ✓ Updated hydrogen_battery: pool_limit 7.13 → 7.14 (+0.01 MW, per_pool_limit=3.57 MWh/period from external)
    ✓ Updated 0.5c_battery: pool_limit 23480.34 → 23733.93 (+253.59 MW, per_pool_limit=11866.97 MWh/period from external)
    ✓ Updated 1c_battery: pool_limit 714.12 → 721.83 (+7.71 MW, per_pool_limit=360.92 MWh/period from external)
    ✓ Updated 0.25c_battery: pool_limit 2856.49 → 2887.34 (+30.85 MW, per_pool_limit=1443.67 MWh/period from external)
    ✓ Updated hydrogen_battery: pool_limit 7.14 → 7.22 (+0.08 MW, per_pool_limit=3.61 MWh/period from external)
    ✓ Updated 0.5c_battery: pool_limit 23733.93 → 23790.90 (+56.96 MW, per_pool_limit=11895.45 MWh/period from external)
    ✓ Updated 1c_battery: pool_limit 721.83 → 723.57 (+1.73 MW, per_pool_limit=361.78 MWh/period from external)
    ✓ Updated 0.25c_battery: pool_limit 2887.34 → 2894.27 (+6.93 MW, per_pool_limit=1447.13 MWh/period from external)
    ✓ Updated hydrogen_battery: pool_limit 7.22 → 7.24 (+0.02 MW, per_pool_limit=3.62 MWh/period from external)
    ✓ Updated 0.5c_battery: pool_limit 23790.90 → 23795.96 (+5.06 MW, per_pool_limit=11897.98 MWh/period from external)
    ✓ Updated 1c_battery: pool_limit 723.57 → 723.72 (+0.15 MW, per_pool_limit=361.86 MWh/period from external)
    ✓ Updated 0.25c_battery: pool_limit 2894.27 → 2894.89 (+0.62 MW, per_pool_limit=1447.44 MWh/period from external)
    ✓ Updated hydrogen_battery: pool_limit 7.24 → 7.24 (+0.00 MW, per_pool_limit=3.62 MWh/period from external)
    ✓ Updated 0.5c_battery: pool_limit 23795.96 → 23832.77 (+36.81 MW, per_pool_limit=11916.38 MWh/period from external)
    ✓ Updated 1c_battery: pool_limit 723.72 → 724.84 (+1.12 MW, per_pool_limit=362.42 MWh/period from external)
    ✓ Updated 0.25c_battery: pool_limit 2894.89 → 2899.36 (+4.48 MW, per_pool_limit=1449.68 MWh/period from external)
    ✓ Updated hydrogen_battery: pool_limit 7.24 → 7.25 (+0.01 MW, per_pool_limit=3.62 MWh/period from external)
    ✓ Updated 0.5c_battery: pool_limit 23832.77 → 23847.49 (+14.72 MW, per_pool_limit=11923.75 MWh/period from external)
    ✓ Updated 1c_battery: pool_limit 724.84 → 725.29 (+0.45 MW, per_pool_limit=362.64 MWh/period from external)
    ✓ Updated 0.25c_battery: pool_limit 2899.36 → 2901.15 (+1.79 MW, per_pool_limit=1450.58 MWh/period from external)
    ✓ Updated hydrogen_battery: pool_limit 7.25 → 7.25 (+0.00 MW, per_pool_limit=3.63 MWh/period from external)
    ✓ Updated 0.5c_battery: pool_limit 23847.49 → 24065.32 (+217.83 MW, per_pool_limit=12032.66 MWh/period from external)
    ✓ Updated 1c_battery: pool_limit 725.29 → 731.91 (+6.62 MW, per_pool_limit=365.96 MWh/period from external)
    ✓ Updated 0.25c_battery: pool_limit 2901.15 → 2927.65 (+26.50 MW, per_pool_limit=1463.83 MWh/period from external)
    ✓ Updated hydrogen_battery: pool_limit 7.25 → 7.32 (+0.07 MW, per_pool_limit=3.66 MWh/period from external)
    ✓ Updated 0.5c_battery: pool_limit 24065.32 → 24127.55 (+62.23 MW, per_pool_limit=12063.77 MWh/period from external)
    ✓ Updated 1c_battery: pool_limit 731.91 → 733.81 (+1.89 MW, per_pool_limit=366.90 MWh/period from external)
    ✓ Updated 0.25c_battery: pool_limit 2927.65 → 2935.22 (+7.57 MW, per_pool_limit=1467.61 MWh/period from external)
    ✓ Updated hydrogen_battery: pool_limit 7.32 → 7.34 (+0.02 MW, per_pool_limit=3.67 MWh/period from external)
    ✓ Updated 0.5c_battery: pool_limit 24127.55 → 24163.63 (+36.08 MW, per_pool_limit=12081.82 MWh/period from external)
    ✓ Updated 1c_battery: pool_limit 733.81 → 734.90 (+1.10 MW, per_pool_limit=367.45 MWh/period from external)
    ✓ Updated 0.25c_battery: pool_limit 2935.22 → 2939.61 (+4.39 MW, per_pool_limit=1469.81 MWh/period from external)
    ✓ Updated hydrogen_battery: pool_limit 7.34 → 7.35 (+0.01 MW, per_pool_limit=3.67 MWh/period from external)
    ✓ Updated 0.5c_battery: pool_limit 24163.63 → 24166.85 (+3.22 MW, per_pool_limit=12083.42 MWh/period from external)
    ✓ Updated 1c_battery: pool_limit 734.90 → 735.00 (+0.10 MW, per_pool_limit=367.50 MWh/period from external)
    ✓ Updated 0.25c_battery: pool_limit 2939.61 → 2940.01 (+0.39 MW, per_pool_limit=1470.00 MWh/period from external)
    ✓ Updated hydrogen_battery: pool_limit 7.35 → 7.35 (+0.00 MW, per_pool_limit=3.68 MWh/period from external)
    ✓ Updated 0.5c_battery: pool_limit 24166.85 → 24203.58 (+36.74 MW, per_pool_limit=12101.79 MWh/period from external)
    ✓ Updated 1c_battery: pool_limit 735.00 → 736.12 (+1.12 MW, per_pool_limit=368.06 MWh/period from external)
    ✓ Updated 0.25c_battery: pool_limit 2940.01 → 2944.47 (+4.47 MW, per_pool_limit=1472.24 MWh/period from external)
    ✓ Updated hydrogen_battery: pool_limit 7.35 → 7.36 (+0.01 MW, per_pool_limit=3.68 MWh/period from external)
    ✓ Updated 0.5c_battery: pool_limit 24203.58 → 24240.39 (+36.81 MW, per_pool_limit=12120.20 MWh/period from external)
    ✓ Updated 1c_battery: pool_limit 736.12 → 737.24 (+1.12 MW, per_pool_limit=368.62 MWh/period from external)
    ✓ Updated 0.25c_battery: pool_limit 2944.47 → 2948.95 (+4.48 MW, per_pool_limit=1474.48 MWh/period from external)
    ✓ Updated hydrogen_battery: pool_limit 7.36 → 7.37 (+0.01 MW, per_pool_limit=3.69 MWh/period from external)
    ✓ Updated 0.5c_battery: pool_limit 24240.39 → 24277.20 (+36.81 MW, per_pool_limit=12138.60 MWh/period from external)
    ✓ Updated 1c_battery: pool_limit 737.24 → 738.36 (+1.12 MW, per_pool_limit=369.18 MWh/period from external)
    ✓ Updated 0.25c_battery: pool_limit 2948.95 → 2953.43 (+4.48 MW, per_pool_limit=1476.72 MWh/period from external)
    ✓ Updated hydrogen_battery: pool_limit 7.37 → 7.38 (+0.01 MW, per_pool_limit=3.69 MWh/period from external)
    ✓ Updated 0.5c_battery: pool_limit 24277.20 → 24314.01 (+36.81 MW, per_pool_limit=12157.01 MWh/period from external)
    ✓ Updated 1c_battery: pool_limit 738.36 → 739.48 (+1.12 MW, per_pool_limit=369.74 MWh/period from external)
    ✓ Updated 0.25c_battery: pool_limit 2953.43 → 2957.91 (+4.48 MW, per_pool_limit=1478.95 MWh/period from external)
    ✓ Updated hydrogen_battery: pool_limit 7.38 → 7.39 (+0.01 MW, per_pool_limit=3.70 MWh/period from external)
    ✓ Updated 0.5c_battery: pool_limit 24314.01 → 24321.30 (+7.29 MW, per_pool_limit=12160.65 MWh/period from external)
    ✓ Updated 1c_battery: pool_limit 739.48 → 739.70 (+0.22 MW, per_pool_limit=369.85 MWh/period from external)
    ✓ Updated 0.25c_battery: pool_limit 2957.91 → 2958.80 (+0.89 MW, per_pool_limit=1479.40 MWh/period from external)
    ✓ Updated hydrogen_battery: pool_limit 7.39 → 7.40 (+0.00 MW, per_pool_limit=3.70 MWh/period from external)
    ✓ Updated 0.5c_battery: pool_limit 24321.30 → 24397.50 (+76.19 MW, per_pool_limit=12198.75 MWh/period from external)
    ✓ Updated 1c_battery: pool_limit 739.70 → 742.02 (+2.32 MW, per_pool_limit=371.01 MWh/period from external)
    ✓ Updated 0.25c_battery: pool_limit 2958.80 → 2968.07 (+9.27 MW, per_pool_limit=1484.03 MWh/period from external)
    ✓ Updated hydrogen_battery: pool_limit 7.40 → 7.42 (+0.02 MW, per_pool_limit=3.71 MWh/period from external)
    ✓ Updated 0.5c_battery: pool_limit 24397.50 → 24398.45 (+0.95 MW, per_pool_limit=12199.22 MWh/period from external)
    ✓ Updated 1c_battery: pool_limit 742.02 → 742.05 (+0.03 MW, per_pool_limit=371.02 MWh/period from external)
    ✓ Updated 0.25c_battery: pool_limit 2968.07 → 2968.18 (+0.12 MW, per_pool_limit=1484.09 MWh/period from external)
    ✓ Updated hydrogen_battery: pool_limit 7.42 → 7.42 (+0.00 MW, per_pool_limit=3.71 MWh/period from external)
    ✓ Updated 0.5c_battery: pool_limit 24398.45 → 24435.26 (+36.81 MW, per_pool_limit=12217.63 MWh/period from external)
    ✓ Updated 1c_battery: pool_limit 742.05 → 743.16 (+1.12 MW, per_pool_limit=371.58 MWh/period from external)
    ✓ Updated 0.25c_battery: pool_limit 2968.18 → 2972.66 (+4.48 MW, per_pool_limit=1486.33 MWh/period from external)
    ✓ Updated hydrogen_battery: pool_limit 7.42 → 7.43 (+0.01 MW, per_pool_limit=3.72 MWh/period from external)
    ✓ Updated 0.5c_battery: pool_limit 24435.26 → 24582.62 (+147.36 MW, per_pool_limit=12291.31 MWh/period from external)
    ✓ Updated 1c_battery: pool_limit 743.16 → 747.65 (+4.48 MW, per_pool_limit=373.82 MWh/period from external)
    ✓ Updated 0.25c_battery: pool_limit 2972.66 → 2990.59 (+17.93 MW, per_pool_limit=1495.29 MWh/period from external)
    ✓ Updated hydrogen_battery: pool_limit 7.43 → 7.48 (+0.04 MW, per_pool_limit=3.74 MWh/period from external)
    ✓ Updated 0.5c_battery: pool_limit 24582.62 → 24629.00 (+46.38 MW, per_pool_limit=12314.50 MWh/period from external)
    ✓ Updated 1c_battery: pool_limit 747.65 → 749.06 (+1.41 MW, per_pool_limit=374.53 MWh/period from external)
    ✓ Updated 0.25c_battery: pool_limit 2990.59 → 2996.23 (+5.64 MW, per_pool_limit=1498.11 MWh/period from external)
    ✓ Updated hydrogen_battery: pool_limit 7.48 → 7.49 (+0.01 MW, per_pool_limit=3.75 MWh/period from external)
    ✓ Updated 0.5c_battery: pool_limit 24629.00 → 24683.12 (+54.12 MW, per_pool_limit=12341.56 MWh/period from external)
    ✓ Updated 1c_battery: pool_limit 749.06 → 750.70 (+1.65 MW, per_pool_limit=375.35 MWh/period from external)
    ✓ Updated 0.25c_battery: pool_limit 2996.23 → 3002.81 (+6.58 MW, per_pool_limit=1501.41 MWh/period from external)
    ✓ Updated hydrogen_battery: pool_limit 7.49 → 7.51 (+0.02 MW, per_pool_limit=3.75 MWh/period from external)
    ✓ Updated 0.5c_battery: pool_limit 24683.12 → 24827.75 (+144.63 MW, per_pool_limit=12413.87 MWh/period from external)
    ✓ Updated 1c_battery: pool_limit 750.70 → 755.10 (+4.40 MW, per_pool_limit=377.55 MWh/period from external)
    ✓ Updated 0.25c_battery: pool_limit 3002.81 → 3020.41 (+17.59 MW, per_pool_limit=1510.20 MWh/period from external)
    ✓ Updated hydrogen_battery: pool_limit 7.51 → 7.55 (+0.04 MW, per_pool_limit=3.78 MWh/period from external)
    ✓ Updated 0.5c_battery: pool_limit 24827.75 → 24858.67 (+30.92 MW, per_pool_limit=12429.33 MWh/period from external)
    ✓ Updated 1c_battery: pool_limit 755.10 → 756.04 (+0.94 MW, per_pool_limit=378.02 MWh/period from external)
    ✓ Updated 0.25c_battery: pool_limit 3020.41 → 3024.17 (+3.76 MW, per_pool_limit=1512.08 MWh/period from external)
    ✓ Updated hydrogen_battery: pool_limit 7.55 → 7.56 (+0.01 MW, per_pool_limit=3.78 MWh/period from external)
    ✓ Updated 0.5c_battery: pool_limit 24858.67 → 24862.28 (+3.62 MW, per_pool_limit=12431.14 MWh/period from external)
    ✓ Updated 1c_battery: pool_limit 756.04 → 756.15 (+0.11 MW, per_pool_limit=378.08 MWh/period from external)
    ✓ Updated 0.25c_battery: pool_limit 3024.17 → 3024.61 (+0.44 MW, per_pool_limit=1512.30 MWh/period from external)
    ✓ Updated hydrogen_battery: pool_limit 7.56 → 7.56 (+0.00 MW, per_pool_limit=3.78 MWh/period from external)
    ✓ Updated 0.5c_battery: pool_limit 24862.28 → 24898.37 (+36.08 MW, per_pool_limit=12449.18 MWh/period from external)
    ✓ Updated 1c_battery: pool_limit 756.15 → 757.25 (+1.10 MW, per_pool_limit=378.62 MWh/period from external)
    ✓ Updated 0.25c_battery: pool_limit 3024.61 → 3029.00 (+4.39 MW, per_pool_limit=1514.50 MWh/period from external)
    ✓ Updated hydrogen_battery: pool_limit 7.56 → 7.57 (+0.01 MW, per_pool_limit=3.79 MWh/period from external)
    ✓ Updated 0.5c_battery: pool_limit 24898.37 → 25188.81 (+290.44 MW, per_pool_limit=12594.40 MWh/period from external)
    ✓ Updated 1c_battery: pool_limit 757.25 → 766.08 (+8.83 MW, per_pool_limit=383.04 MWh/period from external)
    ✓ Updated 0.25c_battery: pool_limit 3029.00 → 3064.33 (+35.33 MW, per_pool_limit=1532.17 MWh/period from external)
    ✓ Updated hydrogen_battery: pool_limit 7.57 → 7.66 (+0.09 MW, per_pool_limit=3.83 MWh/period from external)
    ✓ Updated 0.5c_battery: pool_limit 25188.81 → 25210.59 (+21.78 MW, per_pool_limit=12605.29 MWh/period from external)
    ✓ Updated 1c_battery: pool_limit 766.08 → 766.75 (+0.66 MW, per_pool_limit=383.37 MWh/period from external)
    ✓ Updated 0.25c_battery: pool_limit 3064.33 → 3066.98 (+2.65 MW, per_pool_limit=1533.49 MWh/period from external)
    ✓ Updated hydrogen_battery: pool_limit 7.66 → 7.67 (+0.01 MW, per_pool_limit=3.83 MWh/period from external)
    ✓ Updated 0.5c_battery: pool_limit 25210.59 → 25242.27 (+31.68 MW, per_pool_limit=12621.14 MWh/period from external)
    ✓ Updated 1c_battery: pool_limit 766.75 → 767.71 (+0.96 MW, per_pool_limit=383.85 MWh/period from external)
    ✓ Updated 0.25c_battery: pool_limit 3066.98 → 3070.84 (+3.85 MW, per_pool_limit=1535.42 MWh/period from external)
    ✓ Updated hydrogen_battery: pool_limit 7.67 → 7.68 (+0.01 MW, per_pool_limit=3.84 MWh/period from external)
    ✓ Updated 0.5c_battery: pool_limit 25242.27 → 25986.52 (+744.25 MW, per_pool_limit=12993.26 MWh/period from external)
    ✓ Updated 1c_battery: pool_limit 767.71 → 790.34 (+22.64 MW, per_pool_limit=395.17 MWh/period from external)
    ✓ Updated 0.25c_battery: pool_limit 3070.84 → 3161.38 (+90.54 MW, per_pool_limit=1580.69 MWh/period from external)
    ✓ Updated hydrogen_battery: pool_limit 7.68 → 7.90 (+0.23 MW, per_pool_limit=3.95 MWh/period from external)
    ✓ Updated 0.5c_battery: pool_limit 25986.52 → 26088.00 (+101.47 MW, per_pool_limit=13044.00 MWh/period from external)
    ✓ Updated 1c_battery: pool_limit 790.34 → 793.43 (+3.09 MW, per_pool_limit=396.72 MWh/period from external)
    ✓ Updated 0.25c_battery: pool_limit 3161.38 → 3173.72 (+12.34 MW, per_pool_limit=1586.86 MWh/period from external)
    ✓ Updated hydrogen_battery: pool_limit 7.90 → 7.93 (+0.03 MW, per_pool_limit=3.97 MWh/period from external)
    ✓ Updated 0.5c_battery: pool_limit 26088.00 → 26116.92 (+28.93 MW, per_pool_limit=13058.46 MWh/period from external)
    ✓ Updated 1c_battery: pool_limit 793.43 → 794.31 (+0.88 MW, per_pool_limit=397.16 MWh/period from external)
    ✓ Updated 0.25c_battery: pool_limit 3173.72 → 3177.24 (+3.52 MW, per_pool_limit=1588.62 MWh/period from external)
    ✓ Updated hydrogen_battery: pool_limit 7.93 → 7.94 (+0.01 MW, per_pool_limit=3.97 MWh/period from external)
    ✓ Updated 0.5c_battery: pool_limit 26116.92 → 26125.02 (+8.10 MW, per_pool_limit=13062.51 MWh/period from external)
    ✓ Updated 1c_battery: pool_limit 794.31 → 794.56 (+0.25 MW, per_pool_limit=397.28 MWh/period from external)
    ✓ Updated 0.25c_battery: pool_limit 3177.24 → 3178.23 (+0.99 MW, per_pool_limit=1589.11 MWh/period from external)
    ✓ Updated hydrogen_battery: pool_limit 7.94 → 7.95 (+0.00 MW, per_pool_limit=3.97 MWh/period from external)
    ✓ Updated 0.5c_battery: pool_limit 26125.02 → 26138.55 (+13.53 MW, per_pool_limit=13069.28 MWh/period from external)
    ✓ Updated 1c_battery: pool_limit 794.56 → 794.97 (+0.41 MW, per_pool_limit=397.48 MWh/period from external)
    ✓ Updated 0.25c_battery: pool_limit 3178.23 → 3179.87 (+1.65 MW, per_pool_limit=1589.94 MWh/period from external)
    ✓ Updated hydrogen_battery: pool_limit 7.95 → 7.95 (+0.00 MW, per_pool_limit=3.97 MWh/period from external)
    ✓ Updated 0.5c_battery: pool_limit 26138.55 → 26212.17 (+73.62 MW, per_pool_limit=13106.09 MWh/period from external)
    ✓ Updated 1c_battery: pool_limit 794.97 → 797.21 (+2.24 MW, per_pool_limit=398.60 MWh/period from external)
    ✓ Updated 0.25c_battery: pool_limit 3179.87 → 3188.83 (+8.96 MW, per_pool_limit=1594.41 MWh/period from external)
    ✓ Updated hydrogen_battery: pool_limit 7.95 → 7.97 (+0.02 MW, per_pool_limit=3.99 MWh/period from external)
    ✓ Updated 0.5c_battery: pool_limit 26212.17 → 26237.34 (+25.17 MW, per_pool_limit=13118.67 MWh/period from external)
    ✓ Updated 1c_battery: pool_limit 797.21 → 797.97 (+0.77 MW, per_pool_limit=398.99 MWh/period from external)
    ✓ Updated 0.25c_battery: pool_limit 3188.83 → 3191.89 (+3.06 MW, per_pool_limit=1595.95 MWh/period from external)
    ✓ Updated hydrogen_battery: pool_limit 7.97 → 7.98 (+0.01 MW, per_pool_limit=3.99 MWh/period from external)
    ✓ Updated 0.5c_battery: pool_limit 26237.34 → 26255.74 (+18.40 MW, per_pool_limit=13127.87 MWh/period from external)
    ✓ Updated 1c_battery: pool_limit 797.97 → 798.53 (+0.56 MW, per_pool_limit=399.27 MWh/period from external)
    ✓ Updated 0.25c_battery: pool_limit 3191.89 → 3194.13 (+2.24 MW, per_pool_limit=1597.06 MWh/period from external)
    ✓ Updated hydrogen_battery: pool_limit 7.98 → 7.99 (+0.01 MW, per_pool_limit=3.99 MWh/period from external)
    ✓ Updated 0.5c_battery: pool_limit 26255.74 → 26270.47 (+14.72 MW, per_pool_limit=13135.23 MWh/period from external)
    ✓ Updated 1c_battery: pool_limit 798.53 → 798.98 (+0.45 MW, per_pool_limit=399.49 MWh/period from external)
    ✓ Updated 0.25c_battery: pool_limit 3194.13 → 3195.92 (+1.79 MW, per_pool_limit=1597.96 MWh/period from external)
    ✓ Updated hydrogen_battery: pool_limit 7.99 → 7.99 (+0.00 MW, per_pool_limit=3.99 MWh/period from external)
    ✓ Updated 0.5c_battery: pool_limit 26270.47 → 26288.87 (+18.40 MW, per_pool_limit=13144.44 MWh/period from external)
    ✓ Updated 1c_battery: pool_limit 798.98 → 799.54 (+0.56 MW, per_pool_limit=399.77 MWh/period from external)
    ✓ Updated 0.25c_battery: pool_limit 3195.92 → 3198.16 (+2.24 MW, per_pool_limit=1599.08 MWh/period from external)
    ✓ Updated hydrogen_battery: pool_limit 7.99 → 8.00 (+0.01 MW, per_pool_limit=4.00 MWh/period from external)
    ✓ Updated 0.5c_battery: pool_limit 26288.87 → 26325.17 (+36.30 MW, per_pool_limit=13162.58 MWh/period from external)
    ✓ Updated 1c_battery: pool_limit 799.54 → 800.64 (+1.10 MW, per_pool_limit=400.32 MWh/period from external)
    ✓ Updated 0.25c_battery: pool_limit 3198.16 → 3202.58 (+4.42 MW, per_pool_limit=1601.29 MWh/period from external)
    ✓ Updated hydrogen_battery: pool_limit 8.00 → 8.01 (+0.01 MW, per_pool_limit=4.00 MWh/period from external)
    ✓ Updated 0.5c_battery: pool_limit 26325.17 → 26397.41 (+72.24 MW, per_pool_limit=13198.71 MWh/period from external)
    ✓ Updated 1c_battery: pool_limit 800.64 → 802.84 (+2.20 MW, per_pool_limit=401.42 MWh/period from external)
    ✓ Updated 0.25c_battery: pool_limit 3202.58 → 3211.36 (+8.79 MW, per_pool_limit=1605.68 MWh/period from external)
    ✓ Updated hydrogen_battery: pool_limit 8.01 → 8.03 (+0.02 MW, per_pool_limit=4.01 MWh/period from external)
    ✓ Updated 0.5c_battery: pool_limit 26397.41 → 26434.15 (+36.74 MW, per_pool_limit=13217.07 MWh/period from external)
    ✓ Updated 1c_battery: pool_limit 802.84 → 803.96 (+1.12 MW, per_pool_limit=401.98 MWh/period from external)
    ✓ Updated 0.25c_battery: pool_limit 3211.36 → 3215.83 (+4.47 MW, per_pool_limit=1607.92 MWh/period from external)
    ✓ Updated hydrogen_battery: pool_limit 8.03 → 8.04 (+0.01 MW, per_pool_limit=4.02 MWh/period from external)
    ✓ Updated 0.5c_battery: pool_limit 26434.15 → 26437.83 (+3.68 MW, per_pool_limit=13218.91 MWh/period from external)
    ✓ Updated 1c_battery: pool_limit 803.96 → 804.07 (+0.11 MW, per_pool_limit=402.04 MWh/period from external)
    ✓ Updated 0.25c_battery: pool_limit 3215.83 → 3216.28 (+0.45 MW, per_pool_limit=1608.14 MWh/period from external)
    ✓ Updated hydrogen_battery: pool_limit 8.04 → 8.04 (+0.00 MW, per_pool_limit=4.02 MWh/period from external)
    ✓ Updated 0.5c_battery: pool_limit 26437.83 → 26438.57 (+0.75 MW, per_pool_limit=13219.29 MWh/period from external)
    ✓ Updated 1c_battery: pool_limit 804.07 → 804.09 (+0.02 MW, per_pool_limit=402.05 MWh/period from external)
    ✓ Updated 0.25c_battery: pool_limit 3216.28 → 3216.37 (+0.09 MW, per_pool_limit=1608.19 MWh/period from external)
    ✓ Updated hydrogen_battery: pool_limit 8.04 → 8.04 (+0.00 MW, per_pool_limit=4.02 MWh/period from external)
    ✓ Updated 0.5c_battery: pool_limit 26438.57 → 26510.89 (+72.31 MW, per_pool_limit=13255.44 MWh/period from external)
    ✓ Updated 1c_battery: pool_limit 804.09 → 806.29 (+2.20 MW, per_pool_limit=403.15 MWh/period from external)
    ✓ Updated 0.25c_battery: pool_limit 3216.37 → 3225.17 (+8.80 MW, per_pool_limit=1612.58 MWh/period from external)
    ✓ Updated hydrogen_battery: pool_limit 8.04 → 8.06 (+0.02 MW, per_pool_limit=4.03 MWh/period from external)
    ✓ Updated 0.5c_battery: pool_limit 26510.89 → 26540.34 (+29.45 MW, per_pool_limit=13270.17 MWh/period from external)
    ✓ Updated 1c_battery: pool_limit 806.29 → 807.19 (+0.90 MW, per_pool_limit=403.59 MWh/period from external)
    ✓ Updated 0.25c_battery: pool_limit 3225.17 → 3228.75 (+3.58 MW, per_pool_limit=1614.38 MWh/period from external)
    ✓ Updated hydrogen_battery: pool_limit 8.06 → 8.07 (+0.01 MW, per_pool_limit=4.04 MWh/period from external)
    ✓ Updated 0.5c_battery: pool_limit 26540.34 → 26576.42 (+36.08 MW, per_pool_limit=13288.21 MWh/period from external)
    ✓ Updated 1c_battery: pool_limit 807.19 → 808.29 (+1.10 MW, per_pool_limit=404.14 MWh/period from external)
    ✓ Updated 0.25c_battery: pool_limit 3228.75 → 3233.14 (+4.39 MW, per_pool_limit=1616.57 MWh/period from external)
    ✓ Updated hydrogen_battery: pool_limit 8.07 → 8.08 (+0.01 MW, per_pool_limit=4.04 MWh/period from external)
    ✓ Updated 0.5c_battery: pool_limit 26576.42 → 26591.15 (+14.72 MW, per_pool_limit=13295.57 MWh/period from external)
    ✓ Updated 1c_battery: pool_limit 808.29 → 808.73 (+0.45 MW, per_pool_limit=404.37 MWh/period from external)
    ✓ Updated 0.25c_battery: pool_limit 3233.14 → 3234.93 (+1.79 MW, per_pool_limit=1617.47 MWh/period from external)
    ✓ Updated hydrogen_battery: pool_limit 8.08 → 8.09 (+0.00 MW, per_pool_limit=4.04 MWh/period from external)
    ✓ Updated 0.5c_battery: pool_limit 26591.15 → 26657.40 (+66.26 MW, per_pool_limit=13328.70 MWh/period from external)
    ✓ Updated 1c_battery: pool_limit 808.73 → 810.75 (+2.02 MW, per_pool_limit=405.37 MWh/period from external)
    ✓ Updated 0.25c_battery: pool_limit 3234.93 → 3242.99 (+8.06 MW, per_pool_limit=1621.50 MWh/period from external)
    ✓ Updated hydrogen_battery: pool_limit 8.09 → 8.11 (+0.02 MW, per_pool_limit=4.05 MWh/period from external)
    ✓ Updated 0.5c_battery: pool_limit 26657.40 → 26745.75 (+88.34 MW, per_pool_limit=13372.87 MWh/period from external)
    ✓ Updated 1c_battery: pool_limit 810.75 → 813.44 (+2.69 MW, per_pool_limit=406.72 MWh/period from external)
    ✓ Updated 0.25c_battery: pool_limit 3242.99 → 3253.74 (+10.75 MW, per_pool_limit=1626.87 MWh/period from external)
    ✓ Updated hydrogen_battery: pool_limit 8.11 → 8.13 (+0.03 MW, per_pool_limit=4.07 MWh/period from external)
    ✓ Updated 0.5c_battery: pool_limit 26745.75 → 26922.44 (+176.69 MW, per_pool_limit=13461.22 MWh/period from external)
    ✓ Updated 1c_battery: pool_limit 813.44 → 818.81 (+5.37 MW, per_pool_limit=409.40 MWh/period from external)
    ✓ Updated 0.25c_battery: pool_limit 3253.74 → 3275.24 (+21.49 MW, per_pool_limit=1637.62 MWh/period from external)
    ✓ Updated hydrogen_battery: pool_limit 8.13 → 8.19 (+0.05 MW, per_pool_limit=4.09 MWh/period from external)
    ✓ Updated 0.5c_battery: pool_limit 26922.44 → 26940.84 (+18.40 MW, per_pool_limit=13470.42 MWh/period from external)
    ✓ Updated 1c_battery: pool_limit 818.81 → 819.37 (+0.56 MW, per_pool_limit=409.68 MWh/period from external)
    ✓ Updated 0.25c_battery: pool_limit 3275.24 → 3277.47 (+2.24 MW, per_pool_limit=1638.74 MWh/period from external)
    ✓ Updated hydrogen_battery: pool_limit 8.19 → 8.19 (+0.01 MW, per_pool_limit=4.10 MWh/period from external)
    ✓ Updated 0.5c_battery: pool_limit 26940.84 → 27191.15 (+250.31 MW, per_pool_limit=13595.57 MWh/period from external)
    ✓ Updated 1c_battery: pool_limit 819.37 → 826.98 (+7.61 MW, per_pool_limit=413.49 MWh/period from external)
    ✓ Updated 0.25c_battery: pool_limit 3277.47 → 3307.93 (+30.45 MW, per_pool_limit=1653.96 MWh/period from external)
    ✓ Updated hydrogen_battery: pool_limit 8.19 → 8.27 (+0.08 MW, per_pool_limit=4.13 MWh/period from external)
    ✓ Updated 0.5c_battery: pool_limit 27191.15 → 27220.60 (+29.45 MW, per_pool_limit=13610.30 MWh/period from external)
    ✓ Updated 1c_battery: pool_limit 826.98 → 827.88 (+0.90 MW, per_pool_limit=413.94 MWh/period from external)
    ✓ Updated 0.25c_battery: pool_limit 3307.93 → 3311.51 (+3.58 MW, per_pool_limit=1655.75 MWh/period from external)
    ✓ Updated hydrogen_battery: pool_limit 8.27 → 8.28 (+0.01 MW, per_pool_limit=4.14 MWh/period from external)
    ✓ Updated 0.5c_battery: pool_limit 27220.60 → 27235.32 (+14.72 MW, per_pool_limit=13617.66 MWh/period from external)
    ✓ Updated 1c_battery: pool_limit 827.88 → 828.32 (+0.45 MW, per_pool_limit=414.16 MWh/period from external)
    ✓ Updated 0.25c_battery: pool_limit 3311.51 → 3313.30 (+1.79 MW, per_pool_limit=1656.65 MWh/period from external)
    ✓ Updated hydrogen_battery: pool_limit 8.28 → 8.28 (+0.00 MW, per_pool_limit=4.14 MWh/period from external)
    ✓ Updated 0.5c_battery: pool_limit 27235.32 → 27272.06 (+36.74 MW, per_pool_limit=13636.03 MWh/period from external)
    ✓ Updated 1c_battery: pool_limit 828.32 → 829.44 (+1.12 MW, per_pool_limit=414.72 MWh/period from external)
    ✓ Updated 0.25c_battery: pool_limit 3313.30 → 3317.77 (+4.47 MW, per_pool_limit=1658.88 MWh/period from external)
    ✓ Updated hydrogen_battery: pool_limit 8.28 → 8.29 (+0.01 MW, per_pool_limit=4.15 MWh/period from external)
    ✓ Updated 0.5c_battery: pool_limit 27272.06 → 27510.73 (+238.67 MW, per_pool_limit=13755.37 MWh/period from external)
    ✓ Updated 1c_battery: pool_limit 829.44 → 836.70 (+7.26 MW, per_pool_limit=418.35 MWh/period from external)
    ✓ Updated 0.25c_battery: pool_limit 3317.77 → 3346.80 (+29.04 MW, per_pool_limit=1673.40 MWh/period from external)
    ✓ Updated hydrogen_battery: pool_limit 8.29 → 8.37 (+0.07 MW, per_pool_limit=4.18 MWh/period from external)
    ✓ Updated 0.5c_battery: pool_limit 27510.73 → 27657.97 (+147.24 MW, per_pool_limit=13828.98 MWh/period from external)
    ✓ Updated 1c_battery: pool_limit 836.70 → 841.18 (+4.48 MW, per_pool_limit=420.59 MWh/period from external)
    ✓ Updated 0.25c_battery: pool_limit 3346.80 → 3364.72 (+17.91 MW, per_pool_limit=1682.36 MWh/period from external)
    ✓ Updated hydrogen_battery: pool_limit 8.37 → 8.41 (+0.04 MW, per_pool_limit=4.21 MWh/period from external)
    ✓ Updated 0.5c_battery: pool_limit 27657.97 → 27729.17 (+71.20 MW, per_pool_limit=13864.59 MWh/period from external)
    ✓ Updated 1c_battery: pool_limit 841.18 → 843.34 (+2.17 MW, per_pool_limit=421.67 MWh/period from external)
    ✓ Updated 0.25c_battery: pool_limit 3364.72 → 3373.38 (+8.66 MW, per_pool_limit=1686.69 MWh/period from external)
    ✓ Updated hydrogen_battery: pool_limit 8.41 → 8.43 (+0.02 MW, per_pool_limit=4.22 MWh/period from external)
    ✓ Updated 0.5c_battery: pool_limit 27729.17 → 27743.90 (+14.72 MW, per_pool_limit=13871.95 MWh/period from external)
    ✓ Updated 1c_battery: pool_limit 843.34 → 843.79 (+0.45 MW, per_pool_limit=421.90 MWh/period from external)
    ✓ Updated 0.25c_battery: pool_limit 3373.38 → 3375.17 (+1.79 MW, per_pool_limit=1687.58 MWh/period from external)
    ✓ Updated hydrogen_battery: pool_limit 8.43 → 8.44 (+0.00 MW, per_pool_limit=4.22 MWh/period from external)
    ✓ Updated 0.5c_battery: pool_limit 27743.90 → 27781.19 (+37.29 MW, per_pool_limit=13890.59 MWh/period from external)
    ✓ Updated 1c_battery: pool_limit 843.79 → 844.93 (+1.13 MW, per_pool_limit=422.46 MWh/period from external)
    ✓ Updated 0.25c_battery: pool_limit 3375.17 → 3379.71 (+4.54 MW, per_pool_limit=1689.85 MWh/period from external)
    ✓ Updated hydrogen_battery: pool_limit 8.44 → 8.45 (+0.01 MW, per_pool_limit=4.22 MWh/period from external)
    ✓ Updated 0.5c_battery: pool_limit 27781.19 → 28002.05 (+220.86 MW, per_pool_limit=14001.02 MWh/period from external)
    ✓ Updated 1c_battery: pool_limit 844.93 → 851.64 (+6.72 MW, per_pool_limit=425.82 MWh/period from external)
    ✓ Updated 0.25c_battery: pool_limit 3379.71 → 3406.58 (+26.87 MW, per_pool_limit=1703.29 MWh/period from external)
    ✓ Updated hydrogen_battery: pool_limit 8.45 → 8.52 (+0.07 MW, per_pool_limit=4.26 MWh/period from external)
    ✓ Updated 0.5c_battery: pool_limit 28002.05 → 28075.67 (+73.62 MW, per_pool_limit=14037.83 MWh/period from external)
    ✓ Updated 1c_battery: pool_limit 851.64 → 853.88 (+2.24 MW, per_pool_limit=426.94 MWh/period from external)
    ✓ Updated 0.25c_battery: pool_limit 3406.58 → 3415.53 (+8.96 MW, per_pool_limit=1707.77 MWh/period from external)
    ✓ Updated hydrogen_battery: pool_limit 8.52 → 8.54 (+0.02 MW, per_pool_limit=4.27 MWh/period from external)
    ✓ Updated 0.5c_battery: pool_limit 28075.67 → 28112.48 (+36.81 MW, per_pool_limit=14056.24 MWh/period from external)
    ✓ Updated 1c_battery: pool_limit 853.88 → 855.00 (+1.12 MW, per_pool_limit=427.50 MWh/period from external)
    ✓ Updated 0.25c_battery: pool_limit 3415.53 → 3420.01 (+4.48 MW, per_pool_limit=1710.00 MWh/period from external)
    ✓ Updated hydrogen_battery: pool_limit 8.54 → 8.55 (+0.01 MW, per_pool_limit=4.28 MWh/period from external)
    ✓ Updated 0.5c_battery: pool_limit 28112.48 → 28134.56 (+22.09 MW, per_pool_limit=14067.28 MWh/period from external)
    ✓ Updated 1c_battery: pool_limit 855.00 → 855.67 (+0.67 MW, per_pool_limit=427.84 MWh/period from external)
    ✓ Updated 0.25c_battery: pool_limit 3420.01 → 3422.70 (+2.69 MW, per_pool_limit=1711.35 MWh/period from external)
    ✓ Updated hydrogen_battery: pool_limit 8.55 → 8.56 (+0.01 MW, per_pool_limit=4.28 MWh/period from external)
    ✓ Updated 0.5c_battery: pool_limit 28134.56 → 28141.93 (+7.36 MW, per_pool_limit=14070.96 MWh/period from external)
    ✓ Updated 1c_battery: pool_limit 855.67 → 855.90 (+0.22 MW, per_pool_limit=427.95 MWh/period from external)
    ✓ Updated 0.25c_battery: pool_limit 3422.70 → 3423.59 (+0.90 MW, per_pool_limit=1711.80 MWh/period from external)
    ✓ Updated hydrogen_battery: pool_limit 8.56 → 8.56 (+0.00 MW, per_pool_limit=4.28 MWh/period from external)
    ✓ Updated 0.5c_battery: pool_limit 28141.93 → 28284.33 (+142.40 MW, per_pool_limit=14142.17 MWh/period from external)
    ✓ Updated 1c_battery: pool_limit 855.90 → 860.23 (+4.33 MW, per_pool_limit=430.11 MWh/period from external)
    ✓ Updated 0.25c_battery: pool_limit 3423.59 → 3440.92 (+17.32 MW, per_pool_limit=1720.46 MWh/period from external)
    ✓ Updated hydrogen_battery: pool_limit 8.56 → 8.60 (+0.04 MW, per_pool_limit=4.30 MWh/period from external)
    ✓ Updated 0.5c_battery: pool_limit 28284.33 → 28318.16 (+33.82 MW, per_pool_limit=14159.08 MWh/period from external)
    ✓ Updated 1c_battery: pool_limit 860.23 → 861.26 (+1.03 MW, per_pool_limit=430.63 MWh/period from external)
    ✓ Updated 0.25c_battery: pool_limit 3440.92 → 3445.03 (+4.11 MW, per_pool_limit=1722.52 MWh/period from external)
    ✓ Updated hydrogen_battery: pool_limit 8.60 → 8.61 (+0.01 MW, per_pool_limit=4.31 MWh/period from external)
    ✓ Updated 0.5c_battery: pool_limit 28318.16 → 28796.68 (+478.53 MW, per_pool_limit=14398.34 MWh/period from external)
    ✓ Updated 1c_battery: pool_limit 861.26 → 875.81 (+14.55 MW, per_pool_limit=437.91 MWh/period from external)
    ✓ Updated 0.25c_battery: pool_limit 3445.03 → 3503.25 (+58.22 MW, per_pool_limit=1751.62 MWh/period from external)
    ✓ Updated hydrogen_battery: pool_limit 8.61 → 8.76 (+0.15 MW, per_pool_limit=4.38 MWh/period from external)
    ✓ Updated 0.5c_battery: pool_limit 28796.68 → 28821.72 (+25.03 MW, per_pool_limit=14410.86 MWh/period from external)
    ✓ Updated 1c_battery: pool_limit 875.81 → 876.57 (+0.76 MW, per_pool_limit=438.29 MWh/period from external)
    ✓ Updated 0.25c_battery: pool_limit 3503.25 → 3506.29 (+3.05 MW, per_pool_limit=1753.15 MWh/period from external)
    ✓ Updated hydrogen_battery: pool_limit 8.76 → 8.77 (+0.01 MW, per_pool_limit=4.38 MWh/period from external)
    ✓ Updated 0.5c_battery: pool_limit 28821.72 → 28836.44 (+14.72 MW, per_pool_limit=14418.22 MWh/period from external)
    ✓ Updated 1c_battery: pool_limit 876.57 → 877.02 (+0.45 MW, per_pool_limit=438.51 MWh/period from external)
    ✓ Updated 0.25c_battery: pool_limit 3506.29 → 3508.08 (+1.79 MW, per_pool_limit=1754.04 MWh/period from external)
    ✓ Updated hydrogen_battery: pool_limit 8.77 → 8.77 (+0.00 MW, per_pool_limit=4.39 MWh/period from external)
    ✓ Updated 0.5c_battery: pool_limit 28836.44 → 28841.59 (+5.15 MW, per_pool_limit=14420.80 MWh/period from external)
    ✓ Updated 1c_battery: pool_limit 877.02 → 877.18 (+0.16 MW, per_pool_limit=438.59 MWh/period from external)
    ✓ Updated 0.25c_battery: pool_limit 3508.08 → 3508.71 (+0.63 MW, per_pool_limit=1754.35 MWh/period from external)
    ✓ Updated hydrogen_battery: pool_limit 8.77 → 8.77 (+0.00 MW, per_pool_limit=4.39 MWh/period from external)
    ✓ Updated 0.5c_battery: pool_limit 28841.59 → 28877.19 (+35.60 MW, per_pool_limit=14438.60 MWh/period from external)
    ✓ Updated 1c_battery: pool_limit 877.18 → 878.26 (+1.08 MW, per_pool_limit=439.13 MWh/period from external)
    ✓ Updated 0.25c_battery: pool_limit 3508.71 → 3513.04 (+4.33 MW, per_pool_limit=1756.52 MWh/period from external)
    ✓ Updated hydrogen_battery: pool_limit 8.77 → 8.78 (+0.01 MW, per_pool_limit=4.39 MWh/period from external)
    ✓ Updated 0.5c_battery: pool_limit 28877.19 → 28913.93 (+36.74 MW, per_pool_limit=14456.97 MWh/period from external)
    ✓ Updated 1c_battery: pool_limit 878.26 → 879.38 (+1.12 MW, per_pool_limit=439.69 MWh/period from external)
    ✓ Updated 0.25c_battery: pool_limit 3513.04 → 3517.51 (+4.47 MW, per_pool_limit=1758.75 MWh/period from external)
    ✓ Updated hydrogen_battery: pool_limit 8.78 → 8.79 (+0.01 MW, per_pool_limit=4.40 MWh/period from external)
    ✓ Updated 0.5c_battery: pool_limit 28913.93 → 28921.19 (+7.26 MW, per_pool_limit=14460.60 MWh/period from external)
    ✓ Updated 1c_battery: pool_limit 879.38 → 879.60 (+0.22 MW, per_pool_limit=439.80 MWh/period from external)
    ✓ Updated 0.25c_battery: pool_limit 3517.51 → 3518.39 (+0.88 MW, per_pool_limit=1759.20 MWh/period from external)
    ✓ Updated hydrogen_battery: pool_limit 8.79 → 8.80 (+0.00 MW, per_pool_limit=4.40 MWh/period from external)
    ✓ Updated 0.5c_battery: pool_limit 28921.19 → 28942.63 (+21.44 MW, per_pool_limit=14471.32 MWh/period from external)
    ✓ Updated 1c_battery: pool_limit 879.60 → 880.25 (+0.65 MW, per_pool_limit=440.13 MWh/period from external)
    ✓ Updated 0.25c_battery: pool_limit 3518.39 → 3521.00 (+2.61 MW, per_pool_limit=1760.50 MWh/period from external)
    ✓ Updated hydrogen_battery: pool_limit 8.80 → 8.80 (+0.01 MW, per_pool_limit=4.40 MWh/period from external)
    ✓ Updated 0.5c_battery: pool_limit 28942.63 → 28971.67 (+29.04 MW, per_pool_limit=14485.84 MWh/period from external)
    ✓ Updated 1c_battery: pool_limit 880.25 → 881.13 (+0.88 MW, per_pool_limit=440.57 MWh/period from external)
    ✓ Updated 0.25c_battery: pool_limit 3521.00 → 3524.53 (+3.53 MW, per_pool_limit=1762.27 MWh/period from external)
    ✓ Updated hydrogen_battery: pool_limit 8.80 → 8.81 (+0.01 MW, per_pool_limit=4.41 MWh/period from external)
    ✓ Updated 0.5c_battery: pool_limit 28971.67 → 29001.12 (+29.45 MW, per_pool_limit=14500.56 MWh/period from external)
    ✓ Updated 1c_battery: pool_limit 881.13 → 882.03 (+0.90 MW, per_pool_limit=441.01 MWh/period from external)
    ✓ Updated 0.25c_battery: pool_limit 3524.53 → 3528.12 (+3.58 MW, per_pool_limit=1764.06 MWh/period from external)
    ✓ Updated hydrogen_battery: pool_limit 8.81 → 8.82 (+0.01 MW, per_pool_limit=4.41 MWh/period from external)
    ✓ Updated 0.5c_battery: pool_limit 29001.12 → 29073.44 (+72.31 MW, per_pool_limit=14536.72 MWh/period from external)
    ✓ Updated 1c_battery: pool_limit 882.03 → 884.23 (+2.20 MW, per_pool_limit=442.11 MWh/period from external)
    ✓ Updated 0.25c_battery: pool_limit 3528.12 → 3536.91 (+8.80 MW, per_pool_limit=1768.46 MWh/period from external)
    ✓ Updated hydrogen_battery: pool_limit 8.82 → 8.84 (+0.02 MW, per_pool_limit=4.42 MWh/period from external)
    ✓ Updated 0.5c_battery: pool_limit 29073.44 → 29215.84 (+142.40 MW, per_pool_limit=14607.92 MWh/period from external)
    ✓ Updated 1c_battery: pool_limit 884.23 → 888.56 (+4.33 MW, per_pool_limit=444.28 MWh/period from external)
    ✓ Updated 0.25c_battery: pool_limit 3536.91 → 3554.24 (+17.32 MW, per_pool_limit=1777.12 MWh/period from external)
    ✓ Updated hydrogen_battery: pool_limit 8.84 → 8.89 (+0.04 MW, per_pool_limit=4.44 MWh/period from external)
    ✓ Updated 0.5c_battery: pool_limit 29215.84 → 29315.96 (+100.12 MW, per_pool_limit=14657.98 MWh/period from external)
    ✓ Updated 1c_battery: pool_limit 888.56 → 891.60 (+3.05 MW, per_pool_limit=445.80 MWh/period from external)
    ✓ Updated 0.25c_battery: pool_limit 3554.24 → 3566.42 (+12.18 MW, per_pool_limit=1783.21 MWh/period from external)
    ✓ Updated hydrogen_battery: pool_limit 8.89 → 8.92 (+0.03 MW, per_pool_limit=4.46 MWh/period from external)
    ✓ Updated 0.5c_battery: pool_limit 29315.96 → 29352.70 (+36.74 MW, per_pool_limit=14676.35 MWh/period from external)
    ✓ Updated 1c_battery: pool_limit 891.60 → 892.72 (+1.12 MW, per_pool_limit=446.36 MWh/period from external)
    ✓ Updated 0.25c_battery: pool_limit 3566.42 → 3570.89 (+4.47 MW, per_pool_limit=1785.44 MWh/period from external)
    ✓ Updated hydrogen_battery: pool_limit 8.92 → 8.93 (+0.01 MW, per_pool_limit=4.46 MWh/period from external)
    ✓ Updated 0.5c_battery: pool_limit 29352.70 → 29368.42 (+15.72 MW, per_pool_limit=14684.21 MWh/period from external)
    ✓ Updated 1c_battery: pool_limit 892.72 → 893.20 (+0.48 MW, per_pool_limit=446.60 MWh/period from external)
    ✓ Updated 0.25c_battery: pool_limit 3570.89 → 3572.80 (+1.91 MW, per_pool_limit=1786.40 MWh/period from external)
    ✓ Updated hydrogen_battery: pool_limit 8.93 → 8.93 (+0.00 MW, per_pool_limit=4.47 MWh/period from external)
    ✓ Updated 0.5c_battery: pool_limit 29368.42 → 29620.20 (+251.78 MW, per_pool_limit=14810.10 MWh/period from external)
    ✓ Updated 1c_battery: pool_limit 893.20 → 900.86 (+7.66 MW, per_pool_limit=450.43 MWh/period from external)
    ✓ Updated 0.25c_battery: pool_limit 3572.80 → 3603.43 (+30.63 MW, per_pool_limit=1801.72 MWh/period from external)
    ✓ Updated hydrogen_battery: pool_limit 8.93 → 9.01 (+0.08 MW, per_pool_limit=4.50 MWh/period from external)
    ✓ Updated 0.5c_battery: pool_limit 29620.20 → 29629.04 (+8.83 MW, per_pool_limit=14814.52 MWh/period from external)
    ✓ Updated 1c_battery: pool_limit 900.86 → 901.13 (+0.27 MW, per_pool_limit=450.56 MWh/period from external)
    ✓ Updated 0.25c_battery: pool_limit 3603.43 → 3604.51 (+1.07 MW, per_pool_limit=1802.25 MWh/period from external)
    ✓ Updated hydrogen_battery: pool_limit 9.01 → 9.01 (+0.00 MW, per_pool_limit=4.51 MWh/period from external)
    ✓ Updated 0.5c_battery: pool_limit 29629.04 → 29709.04 (+80.00 MW, per_pool_limit=14854.52 MWh/period from external)
    ✓ Updated 1c_battery: pool_limit 901.13 → 903.56 (+2.43 MW, per_pool_limit=451.78 MWh/period from external)
    ✓ Updated 0.25c_battery: pool_limit 3604.51 → 3614.24 (+9.73 MW, per_pool_limit=1807.12 MWh/period from external)
    ✓ Updated hydrogen_battery: pool_limit 9.01 → 9.04 (+0.02 MW, per_pool_limit=4.52 MWh/period from external)
    ✓ Updated 0.5c_battery: pool_limit 29709.04 → 29887.70 (+178.66 MW, per_pool_limit=14943.85 MWh/period from external)
    ✓ Updated 1c_battery: pool_limit 903.56 → 908.99 (+5.43 MW, per_pool_limit=454.50 MWh/period from external)
    ✓ Updated 0.25c_battery: pool_limit 3614.24 → 3635.97 (+21.73 MW, per_pool_limit=1817.99 MWh/period from external)
    ✓ Updated hydrogen_battery: pool_limit 9.04 → 9.09 (+0.05 MW, per_pool_limit=4.54 MWh/period from external)
    ✓ Updated 0.5c_battery: pool_limit 29887.70 → 30030.63 (+142.93 MW, per_pool_limit=15015.31 MWh/period from external)
    ✓ Updated 1c_battery: pool_limit 908.99 → 913.34 (+4.35 MW, per_pool_limit=456.67 MWh/period from external)
    ✓ Updated 0.25c_battery: pool_limit 3635.97 → 3653.36 (+17.39 MW, per_pool_limit=1826.68 MWh/period from external)
    ✓ Updated hydrogen_battery: pool_limit 9.09 → 9.13 (+0.04 MW, per_pool_limit=4.57 MWh/period from external)
    ✓ Updated 0.5c_battery: pool_limit 30030.63 → 30067.36 (+36.74 MW, per_pool_limit=15033.68 MWh/period from external)
    ✓ Updated 1c_battery: pool_limit 913.34 → 914.46 (+1.12 MW, per_pool_limit=457.23 MWh/period from external)
    ✓ Updated 0.25c_battery: pool_limit 3653.36 → 3657.83 (+4.47 MW, per_pool_limit=1828.92 MWh/period from external)
    ✓ Updated hydrogen_battery: pool_limit 9.13 → 9.14 (+0.01 MW, per_pool_limit=4.57 MWh/period from external)
    ✓ Updated 0.5c_battery: pool_limit 30067.36 → 30080.62 (+13.25 MW, per_pool_limit=15040.31 MWh/period from external)
    ✓ Updated 1c_battery: pool_limit 914.46 → 914.86 (+0.40 MW, per_pool_limit=457.43 MWh/period from external)
    ✓ Updated 0.25c_battery: pool_limit 3657.83 → 3659.44 (+1.61 MW, per_pool_limit=1829.72 MWh/period from external)
    ✓ Updated hydrogen_battery: pool_limit 9.14 → 9.15 (+0.00 MW, per_pool_limit=4.57 MWh/period from external)
    ✓ Updated 0.5c_battery: pool_limit 30080.62 → 30443.67 (+363.05 MW, per_pool_limit=15221.83 MWh/period from external)
    ✓ Updated 1c_battery: pool_limit 914.86 → 925.90 (+11.04 MW, per_pool_limit=462.95 MWh/period from external)
    ✓ Updated 0.25c_battery: pool_limit 3659.44 → 3703.61 (+44.17 MW, per_pool_limit=1851.80 MWh/period from external)
    ✓ Updated hydrogen_battery: pool_limit 9.15 → 9.26 (+0.11 MW, per_pool_limit=4.63 MWh/period from external)
    ✓ Updated 0.5c_battery: pool_limit 30443.67 → 30480.48 (+36.81 MW, per_pool_limit=15240.24 MWh/period from external)
    ✓ Updated 1c_battery: pool_limit 925.90 → 927.02 (+1.12 MW, per_pool_limit=463.51 MWh/period from external)
    ✓ Updated 0.25c_battery: pool_limit 3703.61 → 3708.09 (+4.48 MW, per_pool_limit=1854.04 MWh/period from external)
    ✓ Updated hydrogen_battery: pool_limit 9.26 → 9.27 (+0.01 MW, per_pool_limit=4.64 MWh/period from external)
    ✓ Updated 0.5c_battery: pool_limit 30480.48 → 30892.75 (+412.27 MW, per_pool_limit=15446.37 MWh/period from external)
    ✓ Updated 1c_battery: pool_limit 927.02 → 939.56 (+12.54 MW, per_pool_limit=469.78 MWh/period from external)
    ✓ Updated 0.25c_battery: pool_limit 3708.09 → 3758.24 (+50.15 MW, per_pool_limit=1879.12 MWh/period from external)
    ✓ Updated hydrogen_battery: pool_limit 9.27 → 9.40 (+0.13 MW, per_pool_limit=4.70 MWh/period from external)
    ✓ Updated 0.5c_battery: pool_limit 30892.75 → 30926.57 (+33.82 MW, per_pool_limit=15463.29 MWh/period from external)
    ✓ Updated 1c_battery: pool_limit 939.56 → 940.59 (+1.03 MW, per_pool_limit=470.29 MWh/period from external)
    ✓ Updated 0.25c_battery: pool_limit 3758.24 → 3762.36 (+4.11 MW, per_pool_limit=1881.18 MWh/period from external)
    ✓ Updated hydrogen_battery: pool_limit 9.40 → 9.41 (+0.01 MW, per_pool_limit=4.70 MWh/period from external)
    ✓ Updated 0.5c_battery: pool_limit 30926.57 → 31000.19 (+73.62 MW, per_pool_limit=15500.10 MWh/period from external)
    ✓ Updated 1c_battery: pool_limit 940.59 → 942.83 (+2.24 MW, per_pool_limit=471.41 MWh/period from external)
    ✓ Updated 0.25c_battery: pool_limit 3762.36 → 3771.31 (+8.96 MW, per_pool_limit=1885.66 MWh/period from external)
    ✓ Updated hydrogen_battery: pool_limit 9.41 → 9.43 (+0.02 MW, per_pool_limit=4.71 MWh/period from external)
    ✓ Updated 0.5c_battery: pool_limit 31000.19 → 31251.97 (+251.78 MW, per_pool_limit=15625.99 MWh/period from external)
    ✓ Updated 1c_battery: pool_limit 942.83 → 950.49 (+7.66 MW, per_pool_limit=475.24 MWh/period from external)
    ✓ Updated 0.25c_battery: pool_limit 3771.31 → 3801.94 (+30.63 MW, per_pool_limit=1900.97 MWh/period from external)
    ✓ Updated hydrogen_battery: pool_limit 9.43 → 9.50 (+0.08 MW, per_pool_limit=4.75 MWh/period from external)
    ✓ Updated 0.5c_battery: pool_limit 31251.97 → 31288.78 (+36.81 MW, per_pool_limit=15644.39 MWh/period from external)
    ✓ Updated 1c_battery: pool_limit 950.49 → 951.61 (+1.12 MW, per_pool_limit=475.80 MWh/period from external)
    ✓ Updated 0.25c_battery: pool_limit 3801.94 → 3806.42 (+4.48 MW, per_pool_limit=1903.21 MWh/period from external)
    ✓ Updated hydrogen_battery: pool_limit 9.50 → 9.52 (+0.01 MW, per_pool_limit=4.76 MWh/period from external)
    ✓ Updated 0.5c_battery: pool_limit 31288.78 → 31291.32 (+2.54 MW, per_pool_limit=15645.66 MWh/period from external)
    ✓ Updated 1c_battery: pool_limit 951.61 → 951.68 (+0.08 MW, per_pool_limit=475.84 MWh/period from external)
    ✓ Updated 0.25c_battery: pool_limit 3806.42 → 3806.73 (+0.31 MW, per_pool_limit=1903.37 MWh/period from external)
    ✓ Updated hydrogen_battery: pool_limit 9.52 → 9.52 (+0.00 MW, per_pool_limit=4.76 MWh/period from external)
    ✓ Updated 0.5c_battery: pool_limit 31291.32 → 31353.04 (+61.72 MW, per_pool_limit=15676.52 MWh/period from external)
    ✓ Updated 1c_battery: pool_limit 951.68 → 953.56 (+1.88 MW, per_pool_limit=476.78 MWh/period from external)
    ✓ Updated 0.25c_battery: pool_limit 3806.73 → 3814.24 (+7.51 MW, per_pool_limit=1907.12 MWh/period from external)
    ✓ Updated hydrogen_battery: pool_limit 9.52 → 9.54 (+0.02 MW, per_pool_limit=4.77 MWh/period from external)
    ✓ Updated 0.5c_battery: pool_limit 31353.04 → 31389.85 (+36.81 MW, per_pool_limit=15694.92 MWh/period from external)
    ✓ Updated 1c_battery: pool_limit 953.56 → 954.68 (+1.12 MW, per_pool_limit=477.34 MWh/period from external)
    ✓ Updated 0.25c_battery: pool_limit 3814.24 → 3818.72 (+4.48 MW, per_pool_limit=1909.36 MWh/period from external)
    ✓ Updated hydrogen_battery: pool_limit 9.54 → 9.55 (+0.01 MW, per_pool_limit=4.77 MWh/period from external)
    ✓ Updated 0.5c_battery: pool_limit 31389.85 → 31392.56 (+2.71 MW, per_pool_limit=15696.28 MWh/period from external)
    ✓ Updated 1c_battery: pool_limit 954.68 → 954.76 (+0.08 MW, per_pool_limit=477.38 MWh/period from external)
    ✓ Updated 0.25c_battery: pool_limit 3818.72 → 3819.05 (+0.33 MW, per_pool_limit=1909.52 MWh/period from external)
    ✓ Updated hydrogen_battery: pool_limit 9.55 → 9.55 (+0.00 MW, per_pool_limit=4.77 MWh/period from external)
    ✓ Updated 0.5c_battery: pool_limit 31392.56 → 31463.76 (+71.20 MW, per_pool_limit=15731.88 MWh/period from external)
    ✓ Updated 1c_battery: pool_limit 954.76 → 956.93 (+2.17 MW, per_pool_limit=478.46 MWh/period from external)
    ✓ Updated 0.25c_battery: pool_limit 3819.05 → 3827.71 (+8.66 MW, per_pool_limit=1913.85 MWh/period from external)
    ✓ Updated hydrogen_battery: pool_limit 9.55 → 9.57 (+0.02 MW, per_pool_limit=4.78 MWh/period from external)
    ✓ Updated 0.5c_battery: pool_limit 31463.76 → 31474.60 (+10.85 MW, per_pool_limit=15737.30 MWh/period from external)
    ✓ Updated 1c_battery: pool_limit 956.93 → 957.26 (+0.33 MW, per_pool_limit=478.63 MWh/period from external)
    ✓ Updated 0.25c_battery: pool_limit 3827.71 → 3829.03 (+1.32 MW, per_pool_limit=1914.51 MWh/period from external)
    ✓ Updated hydrogen_battery: pool_limit 9.57 → 9.57 (+0.00 MW, per_pool_limit=4.79 MWh/period from external)
    ✓ Updated 0.5c_battery: pool_limit 31474.60 → 31706.96 (+232.35 MW, per_pool_limit=15853.48 MWh/period from external)
    ✓ Updated 1c_battery: pool_limit 957.26 → 964.32 (+7.07 MW, per_pool_limit=482.16 MWh/period from external)
    ✓ Updated 0.25c_battery: pool_limit 3829.03 → 3857.29 (+28.27 MW, per_pool_limit=1928.65 MWh/period from external)
    ✓ Updated hydrogen_battery: pool_limit 9.57 → 9.64 (+0.07 MW, per_pool_limit=4.82 MWh/period from external)
    ✓ Updated 0.5c_battery: pool_limit 31706.96 → 31724.62 (+17.67 MW, per_pool_limit=15862.31 MWh/period from external)
    ✓ Updated 1c_battery: pool_limit 964.32 → 964.86 (+0.54 MW, per_pool_limit=482.43 MWh/period from external)
    ✓ Updated 0.25c_battery: pool_limit 3857.29 → 3859.44 (+2.15 MW, per_pool_limit=1929.72 MWh/period from external)
    ✓ Updated hydrogen_battery: pool_limit 9.64 → 9.65 (+0.01 MW, per_pool_limit=4.82 MWh/period from external)
    ✓ Updated 0.5c_battery: pool_limit 31724.62 → 32013.88 (+289.26 MW, per_pool_limit=16006.94 MWh/period from external)
    ✓ Updated 1c_battery: pool_limit 964.86 → 973.66 (+8.80 MW, per_pool_limit=486.83 MWh/period from external)
    ✓ Updated 0.25c_battery: pool_limit 3859.44 → 3894.63 (+35.19 MW, per_pool_limit=1947.32 MWh/period from external)
    ✓ Updated hydrogen_battery: pool_limit 9.65 → 9.74 (+0.09 MW, per_pool_limit=4.87 MWh/period from external)
    ✓ Updated 0.5c_battery: pool_limit 32013.88 → 32056.40 (+42.51 MW, per_pool_limit=16028.20 MWh/period from external)
    ✓ Updated 1c_battery: pool_limit 973.66 → 974.95 (+1.29 MW, per_pool_limit=487.48 MWh/period from external)
    ✓ Updated 0.25c_battery: pool_limit 3894.63 → 3899.80 (+5.17 MW, per_pool_limit=1949.90 MWh/period from external)
    ✓ Updated hydrogen_battery: pool_limit 9.74 → 9.75 (+0.01 MW, per_pool_limit=4.87 MWh/period from external)
    ✓ Updated 0.5c_battery: pool_limit 32056.40 → 32078.48 (+22.09 MW, per_pool_limit=16039.24 MWh/period from external)
    ✓ Updated 1c_battery: pool_limit 974.95 → 975.62 (+0.67 MW, per_pool_limit=487.81 MWh/period from external)
    ✓ Updated 0.25c_battery: pool_limit 3899.80 → 3902.49 (+2.69 MW, per_pool_limit=1951.25 MWh/period from external)
    ✓ Updated hydrogen_battery: pool_limit 9.75 → 9.76 (+0.01 MW, per_pool_limit=4.88 MWh/period from external)
    ✓ Updated 0.5c_battery: pool_limit 32078.48 → 32100.57 (+22.09 MW, per_pool_limit=16050.28 MWh/period from external)
    ✓ Updated 1c_battery: pool_limit 975.62 → 976.29 (+0.67 MW, per_pool_limit=488.15 MWh/period from external)
    ✓ Updated 0.25c_battery: pool_limit 3902.49 → 3905.18 (+2.69 MW, per_pool_limit=1952.59 MWh/period from external)
    ✓ Updated hydrogen_battery: pool_limit 9.76 → 9.76 (+0.01 MW, per_pool_limit=4.88 MWh/period from external)
    ✓ Updated 0.5c_battery: pool_limit 32100.57 → 32152.88 (+52.31 MW, per_pool_limit=16076.44 MWh/period from external)
    ✓ Updated 1c_battery: pool_limit 976.29 → 977.89 (+1.59 MW, per_pool_limit=488.94 MWh/period from external)
    ✓ Updated 0.25c_battery: pool_limit 3905.18 → 3911.54 (+6.36 MW, per_pool_limit=1955.77 MWh/period from external)
    ✓ Updated hydrogen_battery: pool_limit 9.76 → 9.78 (+0.02 MW, per_pool_limit=4.89 MWh/period from external)
    ✓ Updated 0.5c_battery: pool_limit 32152.88 → 32188.95 (+36.07 MW, per_pool_limit=16094.48 MWh/period from external)
    ✓ Updated 1c_battery: pool_limit 977.89 → 978.98 (+1.10 MW, per_pool_limit=489.49 MWh/period from external)
    ✓ Updated 0.25c_battery: pool_limit 3911.54 → 3915.93 (+4.39 MW, per_pool_limit=1957.97 MWh/period from external)
    ✓ Updated hydrogen_battery: pool_limit 9.78 → 9.79 (+0.01 MW, per_pool_limit=4.89 MWh/period from external)
    ✓ Updated 0.5c_battery: pool_limit 32188.95 → 32442.94 (+253.98 MW, per_pool_limit=16221.47 MWh/period from external)
    ✓ Updated 1c_battery: pool_limit 978.98 → 986.71 (+7.72 MW, per_pool_limit=493.35 MWh/period from external)
    ✓ Updated 0.25c_battery: pool_limit 3915.93 → 3946.83 (+30.90 MW, per_pool_limit=1973.41 MWh/period from external)
    ✓ Updated hydrogen_battery: pool_limit 9.79 → 9.87 (+0.08 MW, per_pool_limit=4.93 MWh/period from external)
    ✓ Updated 0.5c_battery: pool_limit 32442.94 → 32461.99 (+19.05 MW, per_pool_limit=16230.99 MWh/period from external)
    ✓ Updated 1c_battery: pool_limit 986.71 → 987.29 (+0.58 MW, per_pool_limit=493.64 MWh/period from external)
    ✓ Updated 0.25c_battery: pool_limit 3946.83 → 3949.15 (+2.32 MW, per_pool_limit=1974.57 MWh/period from external)
    ✓ Updated hydrogen_battery: pool_limit 9.87 → 9.87 (+0.01 MW, per_pool_limit=4.94 MWh/period from external)
    ✓ Updated 0.5c_battery: pool_limit 32461.99 → 32534.60 (+72.61 MW, per_pool_limit=16267.30 MWh/period from external)
    ✓ Updated 1c_battery: pool_limit 987.29 → 989.50 (+2.21 MW, per_pool_limit=494.75 MWh/period from external)
    ✓ Updated 0.25c_battery: pool_limit 3949.15 → 3957.98 (+8.83 MW, per_pool_limit=1978.99 MWh/period from external)
    ✓ Updated hydrogen_battery: pool_limit 9.87 → 9.89 (+0.02 MW, per_pool_limit=4.95 MWh/period from external)
    ✓ Updated 0.5c_battery: pool_limit 32534.60 → 32755.46 (+220.86 MW, per_pool_limit=16377.73 MWh/period from external)
    ✓ Updated 1c_battery: pool_limit 989.50 → 996.21 (+6.72 MW, per_pool_limit=498.11 MWh/period from external)
    ✓ Updated 0.25c_battery: pool_limit 3957.98 → 3984.85 (+26.87 MW, per_pool_limit=1992.42 MWh/period from external)
    ✓ Updated hydrogen_battery: pool_limit 9.89 → 9.96 (+0.07 MW, per_pool_limit=4.98 MWh/period from external)
    ✓ Updated 0.5c_battery: pool_limit 32755.46 → 32791.19 (+35.73 MW, per_pool_limit=16395.59 MWh/period from external)
    ✓ Updated 1c_battery: pool_limit 996.21 → 997.30 (+1.09 MW, per_pool_limit=498.65 MWh/period from external)
    ✓ Updated 0.25c_battery: pool_limit 3984.85 → 3989.20 (+4.35 MW, per_pool_limit=1994.60 MWh/period from external)
    ✓ Updated hydrogen_battery: pool_limit 9.96 → 9.97 (+0.01 MW, per_pool_limit=4.99 MWh/period from external)
    ✓ Updated 0.5c_battery: pool_limit 32791.19 → 32828.00 (+36.81 MW, per_pool_limit=16414.00 MWh/period from external)
    ✓ Updated 1c_battery: pool_limit 997.30 → 998.42 (+1.12 MW, per_pool_limit=499.21 MWh/period from external)
    ✓ Updated 0.25c_battery: pool_limit 3989.20 → 3993.67 (+4.48 MW, per_pool_limit=1996.84 MWh/period from external)
    ✓ Updated hydrogen_battery: pool_limit 9.97 → 9.98 (+0.01 MW, per_pool_limit=4.99 MWh/period from external)
    ✓ Updated 0.5c_battery: pool_limit 32828.00 → 33113.85 (+285.86 MW, per_pool_limit=16556.93 MWh/period from external)
    ✓ Updated 1c_battery: pool_limit 998.42 → 1007.11 (+8.69 MW, per_pool_limit=503.56 MWh/period from external)
    ✓ Updated 0.25c_battery: pool_limit 3993.67 → 4028.45 (+34.78 MW, per_pool_limit=2014.22 MWh/period from external)
    ✓ Updated hydrogen_battery: pool_limit 9.98 → 10.07 (+0.09 MW, per_pool_limit=5.04 MWh/period from external)
    ✓ Updated 0.5c_battery: pool_limit 33113.85 → 33189.78 (+75.93 MW, per_pool_limit=16594.89 MWh/period from external)
    ✓ Updated 1c_battery: pool_limit 1007.11 → 1009.42 (+2.31 MW, per_pool_limit=504.71 MWh/period from external)
    ✓ Updated 0.25c_battery: pool_limit 4028.45 → 4037.69 (+9.24 MW, per_pool_limit=2018.84 MWh/period from external)
    ✓ Updated hydrogen_battery: pool_limit 10.07 → 10.09 (+0.02 MW, per_pool_limit=5.05 MWh/period from external)
    ✓ Updated 0.5c_battery: pool_limit 33189.78 → 33225.31 (+35.53 MW, per_pool_limit=16612.66 MWh/period from external)
    ✓ Updated 1c_battery: pool_limit 1009.42 → 1010.50 (+1.08 MW, per_pool_limit=505.25 MWh/period from external)
    ✓ Updated 0.25c_battery: pool_limit 4037.69 → 4042.01 (+4.32 MW, per_pool_limit=2021.00 MWh/period from external)
    ✓ Updated hydrogen_battery: pool_limit 10.09 → 10.11 (+0.01 MW, per_pool_limit=5.05 MWh/period from external)
    ✓ Updated 0.5c_battery: pool_limit 33225.31 → 33962.10 (+736.79 MW, per_pool_limit=16981.05 MWh/period from external)
    ✓ Updated 1c_battery: pool_limit 1010.50 → 1032.91 (+22.41 MW, per_pool_limit=516.46 MWh/period from external)
    ✓ Updated 0.25c_battery: pool_limit 4042.01 → 4131.64 (+89.63 MW, per_pool_limit=2065.82 MWh/period from external)
    ✓ Updated hydrogen_battery: pool_limit 10.11 → 10.33 (+0.22 MW, per_pool_limit=5.16 MWh/period from external)
    ✓ Updated 0.5c_battery: pool_limit 33962.10 → 34034.71 (+72.61 MW, per_pool_limit=17017.36 MWh/period from external)
    ✓ Updated 1c_battery: pool_limit 1032.91 → 1035.12 (+2.21 MW, per_pool_limit=517.56 MWh/period from external)
    ✓ Updated 0.25c_battery: pool_limit 4131.64 → 4140.48 (+8.83 MW, per_pool_limit=2070.24 MWh/period from external)
    ✓ Updated hydrogen_battery: pool_limit 10.33 → 10.35 (+0.02 MW, per_pool_limit=5.18 MWh/period from external)
    ✓ Updated 0.5c_battery: pool_limit 34034.71 → 34098.15 (+63.43 MW, per_pool_limit=17049.07 MWh/period from external)
    ✓ Updated 1c_battery: pool_limit 1035.12 → 1037.05 (+1.93 MW, per_pool_limit=518.52 MWh/period from external)
    ✓ Updated 0.25c_battery: pool_limit 4140.48 → 4148.19 (+7.72 MW, per_pool_limit=2074.10 MWh/period from external)
    ✓ Updated hydrogen_battery: pool_limit 10.35 → 10.37 (+0.02 MW, per_pool_limit=5.19 MWh/period from external)
    ✓ Updated 0.5c_battery: pool_limit 34098.15 → 34466.24 (+368.10 MW, per_pool_limit=17233.12 MWh/period from external)
    ✓ Updated 1c_battery: pool_limit 1037.05 → 1048.24 (+11.20 MW, per_pool_limit=524.12 MWh/period from external)
    ✓ Updated 0.25c_battery: pool_limit 4148.19 → 4192.97 (+44.78 MW, per_pool_limit=2096.49 MWh/period from external)
    ✓ Updated hydrogen_battery: pool_limit 10.37 → 10.48 (+0.11 MW, per_pool_limit=5.24 MWh/period from external)
    ✓ Updated 0.5c_battery: pool_limit 34466.24 → 34473.61 (+7.36 MW, per_pool_limit=17236.80 MWh/period from external)
    ✓ Updated 1c_battery: pool_limit 1048.24 → 1048.47 (+0.22 MW, per_pool_limit=524.23 MWh/period from external)
    ✓ Updated 0.25c_battery: pool_limit 4192.97 → 4193.87 (+0.90 MW, per_pool_limit=2096.93 MWh/period from external)
    ✓ Updated hydrogen_battery: pool_limit 10.48 → 10.48 (+0.00 MW, per_pool_limit=5.24 MWh/period from external)
    ✓ Updated 0.5c_battery: pool_limit 34473.61 → 34545.20 (+71.59 MW, per_pool_limit=17272.60 MWh/period from external)
    ✓ Updated 1c_battery: pool_limit 1048.47 → 1050.64 (+2.18 MW, per_pool_limit=525.32 MWh/period from external)
    ✓ Updated 0.25c_battery: pool_limit 4193.87 → 4202.58 (+8.71 MW, per_pool_limit=2101.29 MWh/period from external)
    ✓ Updated hydrogen_battery: pool_limit 10.48 → 10.51 (+0.02 MW, per_pool_limit=5.25 MWh/period from external)
    ✓ Updated 0.5c_battery: pool_limit 34545.20 → 34581.93 (+36.74 MW, per_pool_limit=17290.97 MWh/period from external)
    ✓ Updated 1c_battery: pool_limit 1050.64 → 1051.76 (+1.12 MW, per_pool_limit=525.88 MWh/period from external)
    ✓ Updated 0.25c_battery: pool_limit 4202.58 → 4207.05 (+4.47 MW, per_pool_limit=2103.52 MWh/period from external)
    ✓ Updated hydrogen_battery: pool_limit 10.51 → 10.52 (+0.01 MW, per_pool_limit=5.26 MWh/period from external)
    ✓ Updated 0.5c_battery: pool_limit 34581.93 → 34744.87 (+162.94 MW, per_pool_limit=17372.44 MWh/period from external)
    ✓ Updated 1c_battery: pool_limit 1051.76 → 1056.72 (+4.96 MW, per_pool_limit=528.36 MWh/period from external)
    ✓ Updated 0.25c_battery: pool_limit 4207.05 → 4226.87 (+19.82 MW, per_pool_limit=2113.44 MWh/period from external)
    ✓ Updated hydrogen_battery: pool_limit 10.52 → 10.57 (+0.05 MW, per_pool_limit=5.28 MWh/period from external)
    ✓ Updated 0.5c_battery: pool_limit 34744.87 → 34780.47 (+35.60 MW, per_pool_limit=17390.24 MWh/period from external)
    ✓ Updated 1c_battery: pool_limit 1056.72 → 1057.80 (+1.08 MW, per_pool_limit=528.90 MWh/period from external)
    ✓ Updated 0.25c_battery: pool_limit 4226.87 → 4231.20 (+4.33 MW, per_pool_limit=2115.60 MWh/period from external)
    ✓ Updated hydrogen_battery: pool_limit 10.57 → 10.58 (+0.01 MW, per_pool_limit=5.29 MWh/period from external)
    ✓ Updated 0.5c_battery: pool_limit 34780.47 → 34847.60 (+67.13 MW, per_pool_limit=17423.80 MWh/period from external)
    ✓ Updated 1c_battery: pool_limit 1057.80 → 1059.84 (+2.04 MW, per_pool_limit=529.92 MWh/period from external)
    ✓ Updated 0.25c_battery: pool_limit 4231.20 → 4239.37 (+8.17 MW, per_pool_limit=2119.68 MWh/period from external)
    ✓ Updated hydrogen_battery: pool_limit 10.58 → 10.60 (+0.02 MW, per_pool_limit=5.30 MWh/period from external)
    ✓ Updated 0.5c_battery: pool_limit 34847.60 → 34890.99 (+43.39 MW, per_pool_limit=17445.49 MWh/period from external)
    ✓ Updated 1c_battery: pool_limit 1059.84 → 1061.16 (+1.32 MW, per_pool_limit=530.58 MWh/period from external)
    ✓ Updated 0.25c_battery: pool_limit 4239.37 → 4244.65 (+5.28 MW, per_pool_limit=2122.32 MWh/period from external)
    ✓ Updated hydrogen_battery: pool_limit 10.60 → 10.61 (+0.01 MW, per_pool_limit=5.31 MWh/period from external)
    ✓ Updated 0.5c_battery: pool_limit 34890.99 → 34957.30 (+66.31 MW, per_pool_limit=17478.65 MWh/period from external)
    ✓ Updated 1c_battery: pool_limit 1061.16 → 1063.18 (+2.02 MW, per_pool_limit=531.59 MWh/period from external)
    ✓ Updated 0.25c_battery: pool_limit 4244.65 → 4252.71 (+8.07 MW, per_pool_limit=2126.36 MWh/period from external)
    ✓ Updated hydrogen_battery: pool_limit 10.61 → 10.63 (+0.02 MW, per_pool_limit=5.32 MWh/period from external)
    ✓ Updated 0.5c_battery: pool_limit 34957.30 → 34994.04 (+36.74 MW, per_pool_limit=17497.02 MWh/period from external)
    ✓ Updated 1c_battery: pool_limit 1063.18 → 1064.30 (+1.12 MW, per_pool_limit=532.15 MWh/period from external)
    ✓ Updated 0.25c_battery: pool_limit 4252.71 → 4257.18 (+4.47 MW, per_pool_limit=2128.59 MWh/period from external)
    ✓ Updated hydrogen_battery: pool_limit 10.63 → 10.64 (+0.01 MW, per_pool_limit=5.32 MWh/period from external)
    ✓ Updated 0.5c_battery: pool_limit 34994.04 → 34997.38 (+3.35 MW, per_pool_limit=17498.69 MWh/period from external)
    ✓ Updated 1c_battery: pool_limit 1064.30 → 1064.40 (+0.10 MW, per_pool_limit=532.20 MWh/period from external)
    ✓ Updated 0.25c_battery: pool_limit 4257.18 → 4257.59 (+0.41 MW, per_pool_limit=2128.79 MWh/period from external)
    ✓ Updated hydrogen_battery: pool_limit 10.64 → 10.64 (+0.00 MW, per_pool_limit=5.32 MWh/period from external)
    ✓ Updated 0.5c_battery: pool_limit 34997.38 → 35034.12 (+36.74 MW, per_pool_limit=17517.06 MWh/period from external)
    ✓ Updated 1c_battery: pool_limit 1064.40 → 1065.51 (+1.12 MW, per_pool_limit=532.76 MWh/period from external)
    ✓ Updated 0.25c_battery: pool_limit 4257.59 → 4262.06 (+4.47 MW, per_pool_limit=2131.03 MWh/period from external)
    ✓ Updated hydrogen_battery: pool_limit 10.64 → 10.66 (+0.01 MW, per_pool_limit=5.33 MWh/period from external)
    ✓ Updated 0.5c_battery: pool_limit 35034.12 → 35056.34 (+22.22 MW, per_pool_limit=17528.17 MWh/period from external)
    ✓ Updated 1c_battery: pool_limit 1065.51 → 1066.19 (+0.68 MW, per_pool_limit=533.10 MWh/period from external)
    ✓ Updated 0.25c_battery: pool_limit 4262.06 → 4264.76 (+2.70 MW, per_pool_limit=2132.38 MWh/period from external)
    ✓ Updated hydrogen_battery: pool_limit 10.66 → 10.66 (+0.01 MW, per_pool_limit=5.33 MWh/period from external)
    ✓ Updated 0.5c_battery: pool_limit 35056.34 → 35065.55 (+9.20 MW, per_pool_limit=17532.77 MWh/period from external)
    ✓ Updated 1c_battery: pool_limit 1066.19 → 1066.47 (+0.28 MW, per_pool_limit=533.24 MWh/period from external)
    ✓ Updated 0.25c_battery: pool_limit 4264.76 → 4265.88 (+1.12 MW, per_pool_limit=2132.94 MWh/period from external)
    ✓ Updated hydrogen_battery: pool_limit 10.66 → 10.66 (+0.00 MW, per_pool_limit=5.33 MWh/period from external)
    ✓ Updated 0.5c_battery: pool_limit 35065.55 → 35121.48 (+55.94 MW, per_pool_limit=17560.74 MWh/period from external)
    ✓ Updated 1c_battery: pool_limit 1066.47 → 1068.17 (+1.70 MW, per_pool_limit=534.09 MWh/period from external)
    ✓ Updated 0.25c_battery: pool_limit 4265.88 → 4272.69 (+6.81 MW, per_pool_limit=2136.34 MWh/period from external)
    ✓ Updated hydrogen_battery: pool_limit 10.66 → 10.68 (+0.02 MW, per_pool_limit=5.34 MWh/period from external)
    ✓ Updated 0.5c_battery: pool_limit 35121.48 → 35411.92 (+290.44 MW, per_pool_limit=17705.96 MWh/period from external)
    ✓ Updated 1c_battery: pool_limit 1068.17 → 1077.00 (+8.83 MW, per_pool_limit=538.50 MWh/period from external)
    ✓ Updated 0.25c_battery: pool_limit 4272.69 → 4308.02 (+35.33 MW, per_pool_limit=2154.01 MWh/period from external)
    ✓ Updated hydrogen_battery: pool_limit 10.68 → 10.77 (+0.09 MW, per_pool_limit=5.39 MWh/period from external)
    ✓ Updated 0.5c_battery: pool_limit 35411.92 → 35774.97 (+363.05 MW, per_pool_limit=17887.49 MWh/period from external)
    ✓ Updated 1c_battery: pool_limit 1077.00 → 1088.05 (+11.04 MW, per_pool_limit=544.02 MWh/period from external)
    ✓ Updated 0.25c_battery: pool_limit 4308.02 → 4352.19 (+44.17 MW, per_pool_limit=2176.09 MWh/period from external)
    ✓ Updated hydrogen_battery: pool_limit 10.77 → 10.88 (+0.11 MW, per_pool_limit=5.44 MWh/period from external)
    ✓ Updated 0.5c_battery: pool_limit 35774.97 → 35848.59 (+73.62 MW, per_pool_limit=17924.30 MWh/period from external)
    ✓ Updated 1c_battery: pool_limit 1088.05 → 1090.29 (+2.24 MW, per_pool_limit=545.14 MWh/period from external)
    ✓ Updated 0.25c_battery: pool_limit 4352.19 → 4361.14 (+8.96 MW, per_pool_limit=2180.57 MWh/period from external)
    ✓ Updated hydrogen_battery: pool_limit 10.88 → 10.90 (+0.02 MW, per_pool_limit=5.45 MWh/period from external)
    ✓ Updated 0.5c_battery: pool_limit 35848.59 → 35852.17 (+3.57 MW, per_pool_limit=17926.08 MWh/period from external)
    ✓ Updated 1c_battery: pool_limit 1090.29 → 1090.39 (+0.11 MW, per_pool_limit=545.20 MWh/period from external)
    ✓ Updated 0.25c_battery: pool_limit 4361.14 → 4361.58 (+0.43 MW, per_pool_limit=2180.79 MWh/period from external)
    ✓ Updated hydrogen_battery: pool_limit 10.90 → 10.90 (+0.00 MW, per_pool_limit=5.45 MWh/period from external)
    ✓ Updated 0.5c_battery: pool_limit 35852.17 → 35888.90 (+36.74 MW, per_pool_limit=17944.45 MWh/period from external)
    ✓ Updated 1c_battery: pool_limit 1090.39 → 1091.51 (+1.12 MW, per_pool_limit=545.76 MWh/period from external)
    ✓ Updated 0.25c_battery: pool_limit 4361.58 → 4366.05 (+4.47 MW, per_pool_limit=2183.02 MWh/period from external)
    ✓ Updated hydrogen_battery: pool_limit 10.90 → 10.92 (+0.01 MW, per_pool_limit=5.46 MWh/period from external)
    ✓ Updated 0.5c_battery: pool_limit 35888.90 → 35925.34 (+36.44 MW, per_pool_limit=17962.67 MWh/period from external)
    ✓ Updated 1c_battery: pool_limit 1091.51 → 1092.62 (+1.11 MW, per_pool_limit=546.31 MWh/period from external)
    ✓ Updated 0.25c_battery: pool_limit 4366.05 → 4370.48 (+4.43 MW, per_pool_limit=2185.24 MWh/period from external)
    ✓ Updated hydrogen_battery: pool_limit 10.92 → 10.93 (+0.01 MW, per_pool_limit=5.46 MWh/period from external)
    ✓ Updated 0.5c_battery: pool_limit 35925.34 → 35954.79 (+29.45 MW, per_pool_limit=17977.40 MWh/period from external)
    ✓ Updated 1c_battery: pool_limit 1092.62 → 1093.52 (+0.90 MW, per_pool_limit=546.76 MWh/period from external)
    ✓ Updated 0.25c_battery: pool_limit 4370.48 → 4374.06 (+3.58 MW, per_pool_limit=2187.03 MWh/period from external)
    ✓ Updated hydrogen_battery: pool_limit 10.93 → 10.94 (+0.01 MW, per_pool_limit=5.47 MWh/period from external)
    ✓ Updated 0.5c_battery: pool_limit 35954.79 → 35991.53 (+36.74 MW, per_pool_limit=17995.76 MWh/period from external)
    ✓ Updated 1c_battery: pool_limit 1093.52 → 1094.63 (+1.12 MW, per_pool_limit=547.32 MWh/period from external)
    ✓ Updated 0.25c_battery: pool_limit 4374.06 → 4378.53 (+4.47 MW, per_pool_limit=2189.27 MWh/period from external)
    ✓ Updated hydrogen_battery: pool_limit 10.94 → 10.95 (+0.01 MW, per_pool_limit=5.47 MWh/period from external)
    ✓ Updated 0.5c_battery: pool_limit 35991.53 → 36334.55 (+343.03 MW, per_pool_limit=18167.28 MWh/period from external)
    ✓ Updated 1c_battery: pool_limit 1094.63 → 1105.07 (+10.43 MW, per_pool_limit=552.53 MWh/period from external)
    ✓ Updated 0.25c_battery: pool_limit 4378.53 → 4420.26 (+41.73 MW, per_pool_limit=2210.13 MWh/period from external)
    ✓ Updated hydrogen_battery: pool_limit 10.95 → 11.05 (+0.10 MW, per_pool_limit=5.53 MWh/period from external)
    ✓ Updated 0.5c_battery: pool_limit 36334.55 → 36347.25 (+12.70 MW, per_pool_limit=18173.63 MWh/period from external)
    ✓ Updated 1c_battery: pool_limit 1105.07 → 1105.45 (+0.39 MW, per_pool_limit=552.73 MWh/period from external)
    ✓ Updated 0.25c_battery: pool_limit 4420.26 → 4421.81 (+1.54 MW, per_pool_limit=2210.90 MWh/period from external)
    ✓ Updated hydrogen_battery: pool_limit 11.05 → 11.05 (+0.00 MW, per_pool_limit=5.53 MWh/period from external)
    ✓ Updated 0.5c_battery: pool_limit 36347.25 → 36354.62 (+7.36 MW, per_pool_limit=18177.31 MWh/period from external)
    ✓ Updated 1c_battery: pool_limit 1105.45 → 1105.68 (+0.22 MW, per_pool_limit=552.84 MWh/period from external)
    ✓ Updated 0.25c_battery: pool_limit 4421.81 → 4422.70 (+0.90 MW, per_pool_limit=2211.35 MWh/period from external)
    ✓ Updated hydrogen_battery: pool_limit 11.05 → 11.06 (+0.00 MW, per_pool_limit=5.53 MWh/period from external)
    ✓ Updated 0.5c_battery: pool_limit 36354.62 → 36390.70 (+36.08 MW, per_pool_limit=18195.35 MWh/period from external)
    ✓ Updated 1c_battery: pool_limit 1105.68 → 1106.77 (+1.10 MW, per_pool_limit=553.39 MWh/period from external)
    ✓ Updated 0.25c_battery: pool_limit 4422.70 → 4427.09 (+4.39 MW, per_pool_limit=2213.55 MWh/period from external)
    ✓ Updated hydrogen_battery: pool_limit 11.06 → 11.07 (+0.01 MW, per_pool_limit=5.53 MWh/period from external)
    ✓ Updated 0.5c_battery: pool_limit 36390.70 → 36426.43 (+35.73 MW, per_pool_limit=18213.22 MWh/period from external)
    ✓ Updated 1c_battery: pool_limit 1106.77 → 1107.86 (+1.09 MW, per_pool_limit=553.93 MWh/period from external)
    ✓ Updated 0.25c_battery: pool_limit 4427.09 → 4431.44 (+4.35 MW, per_pool_limit=2215.72 MWh/period from external)
    ✓ Updated hydrogen_battery: pool_limit 11.07 → 11.08 (+0.01 MW, per_pool_limit=5.54 MWh/period from external)
    ✓ Updated 0.5c_battery: pool_limit 36426.43 → 36498.97 (+72.54 MW, per_pool_limit=18249.48 MWh/period from external)
    ✓ Updated 1c_battery: pool_limit 1107.86 → 1110.07 (+2.21 MW, per_pool_limit=555.03 MWh/period from external)
    ✓ Updated 0.25c_battery: pool_limit 4431.44 → 4440.26 (+8.82 MW, per_pool_limit=2220.13 MWh/period from external)
    ✓ Updated hydrogen_battery: pool_limit 11.08 → 11.10 (+0.02 MW, per_pool_limit=5.55 MWh/period from external)
    ✓ Updated 0.5c_battery: pool_limit 36498.97 → 36646.33 (+147.36 MW, per_pool_limit=18323.16 MWh/period from external)
    ✓ Updated 1c_battery: pool_limit 1110.07 → 1114.55 (+4.48 MW, per_pool_limit=557.27 MWh/period from external)
    ✓ Updated 0.25c_battery: pool_limit 4440.26 → 4458.19 (+17.93 MW, per_pool_limit=2229.10 MWh/period from external)
    ✓ Updated hydrogen_battery: pool_limit 11.10 → 11.15 (+0.04 MW, per_pool_limit=5.57 MWh/period from external)
    ✓ Updated 0.5c_battery: pool_limit 36646.33 → 36793.57 (+147.24 MW, per_pool_limit=18396.78 MWh/period from external)
    ✓ Updated 1c_battery: pool_limit 1114.55 → 1119.03 (+4.48 MW, per_pool_limit=559.51 MWh/period from external)
    ✓ Updated 0.25c_battery: pool_limit 4458.19 → 4476.10 (+17.91 MW, per_pool_limit=2238.05 MWh/period from external)
    ✓ Updated hydrogen_battery: pool_limit 11.15 → 11.19 (+0.04 MW, per_pool_limit=5.60 MWh/period from external)
    ✓ Updated 0.5c_battery: pool_limit 36793.57 → 37101.49 (+307.92 MW, per_pool_limit=18550.74 MWh/period from external)
    ✓ Updated 1c_battery: pool_limit 1119.03 → 1128.39 (+9.36 MW, per_pool_limit=564.20 MWh/period from external)
    ✓ Updated 0.25c_battery: pool_limit 4476.10 → 4513.56 (+37.46 MW, per_pool_limit=2256.78 MWh/period from external)
    ✓ Updated hydrogen_battery: pool_limit 11.19 → 11.28 (+0.09 MW, per_pool_limit=5.64 MWh/period from external)
    ✓ Updated 0.5c_battery: pool_limit 37101.49 → 37138.48 (+36.99 MW, per_pool_limit=18569.24 MWh/period from external)
    ✓ Updated 1c_battery: pool_limit 1128.39 → 1129.52 (+1.13 MW, per_pool_limit=564.76 MWh/period from external)
    ✓ Updated 0.25c_battery: pool_limit 4513.56 → 4518.06 (+4.50 MW, per_pool_limit=2259.03 MWh/period from external)
    ✓ Updated hydrogen_battery: pool_limit 11.28 → 11.30 (+0.01 MW, per_pool_limit=5.65 MWh/period from external)
    ✓ Updated 0.5c_battery: pool_limit 37138.48 → 37166.96 (+28.48 MW, per_pool_limit=18583.48 MWh/period from external)
    ✓ Updated 1c_battery: pool_limit 1129.52 → 1130.38 (+0.87 MW, per_pool_limit=565.19 MWh/period from external)
    ✓ Updated 0.25c_battery: pool_limit 4518.06 → 4521.53 (+3.46 MW, per_pool_limit=2260.76 MWh/period from external)
    ✓ Updated hydrogen_battery: pool_limit 11.30 → 11.30 (+0.01 MW, per_pool_limit=5.65 MWh/period from external)
    ✓ Updated 0.5c_battery: pool_limit 37166.96 → 37183.90 (+16.93 MW, per_pool_limit=18591.95 MWh/period from external)
    ✓ Updated 1c_battery: pool_limit 1130.38 → 1130.90 (+0.51 MW, per_pool_limit=565.45 MWh/period from external)
    ✓ Updated 0.25c_battery: pool_limit 4521.53 → 4523.59 (+2.06 MW, per_pool_limit=2261.79 MWh/period from external)
    ✓ Updated hydrogen_battery: pool_limit 11.30 → 11.31 (+0.01 MW, per_pool_limit=5.65 MWh/period from external)
    ✓ Updated 0.5c_battery: pool_limit 37183.90 → 37184.57 (+0.68 MW, per_pool_limit=18592.29 MWh/period from external)
    ✓ Updated 1c_battery: pool_limit 1130.90 → 1130.92 (+0.02 MW, per_pool_limit=565.46 MWh/period from external)
    ✓ Updated 0.25c_battery: pool_limit 4523.59 → 4523.67 (+0.08 MW, per_pool_limit=2261.84 MWh/period from external)
    ✓ Updated hydrogen_battery: pool_limit 11.31 → 11.31 (+0.00 MW, per_pool_limit=5.65 MWh/period from external)
    ✓ Updated 0.5c_battery: pool_limit 37184.57 → 37194.10 (+9.52 MW, per_pool_limit=18597.05 MWh/period from external)
    ✓ Updated 1c_battery: pool_limit 1130.92 → 1131.21 (+0.29 MW, per_pool_limit=565.60 MWh/period from external)
    ✓ Updated 0.25c_battery: pool_limit 4523.67 → 4524.83 (+1.16 MW, per_pool_limit=2262.41 MWh/period from external)
    ✓ Updated hydrogen_battery: pool_limit 11.31 → 11.31 (+0.00 MW, per_pool_limit=5.66 MWh/period from external)
    ✓ Updated 0.5c_battery: pool_limit 37194.10 → 37225.84 (+31.75 MW, per_pool_limit=18612.92 MWh/period from external)
    ✓ Updated 1c_battery: pool_limit 1131.21 → 1132.17 (+0.97 MW, per_pool_limit=566.09 MWh/period from external)
    ✓ Updated 0.25c_battery: pool_limit 4524.83 → 4528.69 (+3.86 MW, per_pool_limit=2264.35 MWh/period from external)
    ✓ Updated hydrogen_battery: pool_limit 11.31 → 11.32 (+0.01 MW, per_pool_limit=5.66 MWh/period from external)
    ✓ Updated 0.5c_battery: pool_limit 37225.84 → 37262.58 (+36.74 MW, per_pool_limit=18631.29 MWh/period from external)
    ✓ Updated 1c_battery: pool_limit 1132.17 → 1133.29 (+1.12 MW, per_pool_limit=566.65 MWh/period from external)
    ✓ Updated 0.25c_battery: pool_limit 4528.69 → 4533.16 (+4.47 MW, per_pool_limit=2266.58 MWh/period from external)
    ✓ Updated hydrogen_battery: pool_limit 11.32 → 11.33 (+0.01 MW, per_pool_limit=5.67 MWh/period from external)
    ✓ Updated 0.5c_battery: pool_limit 37262.58 → 37334.90 (+72.31 MW, per_pool_limit=18667.45 MWh/period from external)
    ✓ Updated 1c_battery: pool_limit 1133.29 → 1135.49 (+2.20 MW, per_pool_limit=567.74 MWh/period from external)
    ✓ Updated 0.25c_battery: pool_limit 4533.16 → 4541.96 (+8.80 MW, per_pool_limit=2270.98 MWh/period from external)
    ✓ Updated hydrogen_battery: pool_limit 11.33 → 11.35 (+0.02 MW, per_pool_limit=5.68 MWh/period from external)
    ✓ Updated 0.5c_battery: pool_limit 37334.90 → 37379.34 (+44.45 MW, per_pool_limit=18689.67 MWh/period from external)
    ✓ Updated 1c_battery: pool_limit 1135.49 → 1136.84 (+1.35 MW, per_pool_limit=568.42 MWh/period from external)
    ✓ Updated 0.25c_battery: pool_limit 4541.96 → 4547.37 (+5.41 MW, per_pool_limit=2273.68 MWh/period from external)
    ✓ Updated hydrogen_battery: pool_limit 11.35 → 11.37 (+0.01 MW, per_pool_limit=5.68 MWh/period from external)
    ✓ Updated 0.5c_battery: pool_limit 37379.34 → 37429.96 (+50.62 MW, per_pool_limit=18714.98 MWh/period from external)
    ✓ Updated 1c_battery: pool_limit 1136.84 → 1138.38 (+1.54 MW, per_pool_limit=569.19 MWh/period from external)
    ✓ Updated 0.25c_battery: pool_limit 4547.37 → 4553.52 (+6.16 MW, per_pool_limit=2276.76 MWh/period from external)
    ✓ Updated hydrogen_battery: pool_limit 11.37 → 11.38 (+0.02 MW, per_pool_limit=5.69 MWh/period from external)
    ✓ Updated 0.5c_battery: pool_limit 37429.96 → 37463.78 (+33.82 MW, per_pool_limit=18731.89 MWh/period from external)
    ✓ Updated 1c_battery: pool_limit 1138.38 → 1139.41 (+1.03 MW, per_pool_limit=569.70 MWh/period from external)
    ✓ Updated 0.25c_battery: pool_limit 4553.52 → 4557.64 (+4.11 MW, per_pool_limit=2278.82 MWh/period from external)
    ✓ Updated hydrogen_battery: pool_limit 11.38 → 11.39 (+0.01 MW, per_pool_limit=5.70 MWh/period from external)
    ✓ Updated 0.5c_battery: pool_limit 37463.78 → 37499.87 (+36.08 MW, per_pool_limit=18749.93 MWh/period from external)
    ✓ Updated 1c_battery: pool_limit 1139.41 → 1140.51 (+1.10 MW, per_pool_limit=570.25 MWh/period from external)
    ✓ Updated 0.25c_battery: pool_limit 4557.64 → 4562.03 (+4.39 MW, per_pool_limit=2281.01 MWh/period from external)
    ✓ Updated hydrogen_battery: pool_limit 11.39 → 11.41 (+0.01 MW, per_pool_limit=5.70 MWh/period from external)
    ✓ Updated 0.5c_battery: pool_limit 37499.87 → 37649.04 (+149.17 MW, per_pool_limit=18824.52 MWh/period from external)
    ✓ Updated 1c_battery: pool_limit 1140.51 → 1145.04 (+4.54 MW, per_pool_limit=572.52 MWh/period from external)
    ✓ Updated 0.25c_battery: pool_limit 4562.03 → 4580.17 (+18.15 MW, per_pool_limit=2290.09 MWh/period from external)
    ✓ Updated hydrogen_battery: pool_limit 11.41 → 11.45 (+0.05 MW, per_pool_limit=5.73 MWh/period from external)
    ✓ Updated 0.5c_battery: pool_limit 37649.04 → 37770.53 (+121.49 MW, per_pool_limit=18885.26 MWh/period from external)
    ✓ Updated 1c_battery: pool_limit 1145.04 → 1148.74 (+3.69 MW, per_pool_limit=574.37 MWh/period from external)
    ✓ Updated 0.25c_battery: pool_limit 4580.17 → 4594.95 (+14.78 MW, per_pool_limit=2297.48 MWh/period from external)
    ✓ Updated hydrogen_battery: pool_limit 11.45 → 11.49 (+0.04 MW, per_pool_limit=5.74 MWh/period from external)
    ✓ Updated 0.5c_battery: pool_limit 37770.53 → 37841.73 (+71.20 MW, per_pool_limit=18920.86 MWh/period from external)
    ✓ Updated 1c_battery: pool_limit 1148.74 → 1150.90 (+2.17 MW, per_pool_limit=575.45 MWh/period from external)
    ✓ Updated 0.25c_battery: pool_limit 4594.95 → 4603.62 (+8.66 MW, per_pool_limit=2301.81 MWh/period from external)
    ✓ Updated hydrogen_battery: pool_limit 11.49 → 11.51 (+0.02 MW, per_pool_limit=5.75 MWh/period from external)
    ✓ Updated 0.5c_battery: pool_limit 37841.73 → 37909.14 (+67.41 MW, per_pool_limit=18954.57 MWh/period from external)
    ✓ Updated 1c_battery: pool_limit 1150.90 → 1152.95 (+2.05 MW, per_pool_limit=576.48 MWh/period from external)
    ✓ Updated 0.25c_battery: pool_limit 4603.62 → 4611.82 (+8.20 MW, per_pool_limit=2305.91 MWh/period from external)
    ✓ Updated hydrogen_battery: pool_limit 11.51 → 11.53 (+0.02 MW, per_pool_limit=5.76 MWh/period from external)
    ✓ Updated 0.5c_battery: pool_limit 37909.14 → 38051.54 (+142.40 MW, per_pool_limit=19025.77 MWh/period from external)
    ✓ Updated 1c_battery: pool_limit 1152.95 → 1157.29 (+4.33 MW, per_pool_limit=578.64 MWh/period from external)
    ✓ Updated 0.25c_battery: pool_limit 4611.82 → 4629.14 (+17.32 MW, per_pool_limit=2314.57 MWh/period from external)
    ✓ Updated hydrogen_battery: pool_limit 11.53 → 11.57 (+0.04 MW, per_pool_limit=5.79 MWh/period from external)
    ✓ Updated 0.5c_battery: pool_limit 38051.54 → 38060.48 (+8.93 MW, per_pool_limit=19030.24 MWh/period from external)
    ✓ Updated 1c_battery: pool_limit 1157.29 → 1157.56 (+0.27 MW, per_pool_limit=578.78 MWh/period from external)
    ✓ Updated 0.25c_battery: pool_limit 4629.14 → 4630.23 (+1.09 MW, per_pool_limit=2315.11 MWh/period from external)
    ✓ Updated hydrogen_battery: pool_limit 11.57 → 11.58 (+0.00 MW, per_pool_limit=5.79 MWh/period from external)
    ✓ Updated 0.5c_battery: pool_limit 38060.48 → 38088.47 (+28.00 MW, per_pool_limit=19044.24 MWh/period from external)
    ✓ Updated 1c_battery: pool_limit 1157.56 → 1158.41 (+0.85 MW, per_pool_limit=579.20 MWh/period from external)
    ✓ Updated 0.25c_battery: pool_limit 4630.23 → 4633.63 (+3.41 MW, per_pool_limit=2316.82 MWh/period from external)
    ✓ Updated hydrogen_battery: pool_limit 11.58 → 11.58 (+0.01 MW, per_pool_limit=5.79 MWh/period from external)
    ✓ Updated 0.5c_battery: pool_limit 38088.47 → 38156.12 (+67.65 MW, per_pool_limit=19078.06 MWh/period from external)
    ✓ Updated 1c_battery: pool_limit 1158.41 → 1160.47 (+2.06 MW, per_pool_limit=580.23 MWh/period from external)
    ✓ Updated 0.25c_battery: pool_limit 4633.63 → 4641.86 (+8.23 MW, per_pool_limit=2320.93 MWh/period from external)
    ✓ Updated hydrogen_battery: pool_limit 11.58 → 11.60 (+0.02 MW, per_pool_limit=5.80 MWh/period from external)
    ✓ Updated 0.5c_battery: pool_limit 38156.12 → 38298.53 (+142.40 MW, per_pool_limit=19149.26 MWh/period from external)
    ✓ Updated 1c_battery: pool_limit 1160.47 → 1164.80 (+4.33 MW, per_pool_limit=582.40 MWh/period from external)
    ✓ Updated 0.25c_battery: pool_limit 4641.86 → 4659.19 (+17.32 MW, per_pool_limit=2329.59 MWh/period from external)
    ✓ Updated hydrogen_battery: pool_limit 11.60 → 11.65 (+0.04 MW, per_pool_limit=5.82 MWh/period from external)
    ✓ Updated 0.5c_battery: pool_limit 38298.53 → 38425.52 (+126.99 MW, per_pool_limit=19212.76 MWh/period from external)
    ✓ Updated 1c_battery: pool_limit 1164.80 → 1168.66 (+3.86 MW, per_pool_limit=584.33 MWh/period from external)
    ✓ Updated 0.25c_battery: pool_limit 4659.19 → 4674.64 (+15.45 MW, per_pool_limit=2337.32 MWh/period from external)
    ✓ Updated hydrogen_battery: pool_limit 11.65 → 11.69 (+0.04 MW, per_pool_limit=5.84 MWh/period from external)
    ✓ Updated 0.5c_battery: pool_limit 38425.52 → 38466.62 (+41.11 MW, per_pool_limit=19233.31 MWh/period from external)
    ✓ Updated 1c_battery: pool_limit 1168.66 → 1169.91 (+1.25 MW, per_pool_limit=584.95 MWh/period from external)
    ✓ Updated 0.25c_battery: pool_limit 4674.64 → 4679.64 (+5.00 MW, per_pool_limit=2339.82 MWh/period from external)
    ✓ Updated hydrogen_battery: pool_limit 11.69 → 11.70 (+0.01 MW, per_pool_limit=5.85 MWh/period from external)
    ✓ Updated 0.5c_battery: pool_limit 38466.62 → 38657.11 (+190.49 MW, per_pool_limit=19328.56 MWh/period from external)
    ✓ Updated 1c_battery: pool_limit 1169.91 → 1175.70 (+5.79 MW, per_pool_limit=587.85 MWh/period from external)
    ✓ Updated 0.25c_battery: pool_limit 4679.64 → 4702.81 (+23.17 MW, per_pool_limit=2351.41 MWh/period from external)
    ✓ Updated hydrogen_battery: pool_limit 11.70 → 11.76 (+0.06 MW, per_pool_limit=5.88 MWh/period from external)
    ✓ Updated 0.5c_battery: pool_limit 38657.11 → 39025.21 (+368.10 MW, per_pool_limit=19512.61 MWh/period from external)
    ✓ Updated 1c_battery: pool_limit 1175.70 → 1186.90 (+11.20 MW, per_pool_limit=593.45 MWh/period from external)
    ✓ Updated 0.25c_battery: pool_limit 4702.81 → 4747.59 (+44.78 MW, per_pool_limit=2373.80 MWh/period from external)
    ✓ Updated hydrogen_battery: pool_limit 11.76 → 11.87 (+0.11 MW, per_pool_limit=5.93 MWh/period from external)
    ✓ Updated 0.5c_battery: pool_limit 39025.21 → 39100.30 (+75.09 MW, per_pool_limit=19550.15 MWh/period from external)
    ✓ Updated 1c_battery: pool_limit 1186.90 → 1189.18 (+2.28 MW, per_pool_limit=594.59 MWh/period from external)
    ✓ Updated 0.25c_battery: pool_limit 4747.59 → 4756.73 (+9.14 MW, per_pool_limit=2378.36 MWh/period from external)
    ✓ Updated hydrogen_battery: pool_limit 11.87 → 11.89 (+0.02 MW, per_pool_limit=5.95 MWh/period from external)
    ✓ Updated 0.5c_battery: pool_limit 39100.30 → 39172.19 (+71.88 MW, per_pool_limit=19586.09 MWh/period from external)
    ✓ Updated 1c_battery: pool_limit 1189.18 → 1191.37 (+2.19 MW, per_pool_limit=595.68 MWh/period from external)
    ✓ Updated 0.25c_battery: pool_limit 4756.73 → 4765.47 (+8.74 MW, per_pool_limit=2382.74 MWh/period from external)
    ✓ Updated hydrogen_battery: pool_limit 11.89 → 11.91 (+0.02 MW, per_pool_limit=5.96 MWh/period from external)
    ✓ Updated 0.5c_battery: pool_limit 39172.19 → 39208.49 (+36.30 MW, per_pool_limit=19604.25 MWh/period from external)
    ✓ Updated 1c_battery: pool_limit 1191.37 → 1192.47 (+1.10 MW, per_pool_limit=596.24 MWh/period from external)
    ✓ Updated 0.25c_battery: pool_limit 4765.47 → 4769.89 (+4.42 MW, per_pool_limit=2384.94 MWh/period from external)
    ✓ Updated hydrogen_battery: pool_limit 11.91 → 11.92 (+0.01 MW, per_pool_limit=5.96 MWh/period from external)
    ✓ Updated 0.5c_battery: pool_limit 39208.49 → 39233.89 (+25.40 MW, per_pool_limit=19616.95 MWh/period from external)
    ✓ Updated 1c_battery: pool_limit 1192.47 → 1193.24 (+0.77 MW, per_pool_limit=596.62 MWh/period from external)
    ✓ Updated 0.25c_battery: pool_limit 4769.89 → 4772.98 (+3.09 MW, per_pool_limit=2386.49 MWh/period from external)
    ✓ Updated hydrogen_battery: pool_limit 11.92 → 11.93 (+0.01 MW, per_pool_limit=5.97 MWh/period from external)
    ✓ Updated 0.5c_battery: pool_limit 39233.89 → 39502.40 (+268.51 MW, per_pool_limit=19751.20 MWh/period from external)
    ✓ Updated 1c_battery: pool_limit 1193.24 → 1201.41 (+8.17 MW, per_pool_limit=600.71 MWh/period from external)
    ✓ Updated 0.25c_battery: pool_limit 4772.98 → 4805.64 (+32.67 MW, per_pool_limit=2402.82 MWh/period from external)
    ✓ Updated hydrogen_battery: pool_limit 11.93 → 12.01 (+0.08 MW, per_pool_limit=6.01 MWh/period from external)
    ✓ Updated 0.5c_battery: pool_limit 39502.40 → 39656.36 (+153.96 MW, per_pool_limit=19828.18 MWh/period from external)
    ✓ Updated 1c_battery: pool_limit 1201.41 → 1206.09 (+4.68 MW, per_pool_limit=603.05 MWh/period from external)
    ✓ Updated 0.25c_battery: pool_limit 4805.64 → 4824.37 (+18.73 MW, per_pool_limit=2412.19 MWh/period from external)
    ✓ Updated hydrogen_battery: pool_limit 12.01 → 12.06 (+0.05 MW, per_pool_limit=6.03 MWh/period from external)
    ✓ Updated 0.5c_battery: pool_limit 39656.36 → 39697.46 (+41.11 MW, per_pool_limit=19848.73 MWh/period from external)
    ✓ Updated 1c_battery: pool_limit 1206.09 → 1207.34 (+1.25 MW, per_pool_limit=603.67 MWh/period from external)
    ✓ Updated 0.25c_battery: pool_limit 4824.37 → 4829.38 (+5.00 MW, per_pool_limit=2414.69 MWh/period from external)
    ✓ Updated hydrogen_battery: pool_limit 12.06 → 12.07 (+0.01 MW, per_pool_limit=6.04 MWh/period from external)
    ✓ Updated 0.5c_battery: pool_limit 39697.46 → 39710.99 (+13.53 MW, per_pool_limit=19855.50 MWh/period from external)
    ✓ Updated 1c_battery: pool_limit 1207.34 → 1207.76 (+0.41 MW, per_pool_limit=603.88 MWh/period from external)
    ✓ Updated 0.25c_battery: pool_limit 4829.38 → 4831.02 (+1.65 MW, per_pool_limit=2415.51 MWh/period from external)
    ✓ Updated hydrogen_battery: pool_limit 12.07 → 12.08 (+0.00 MW, per_pool_limit=6.04 MWh/period from external)
    ✓ Updated 0.5c_battery: pool_limit 39710.99 → 39747.73 (+36.74 MW, per_pool_limit=19873.87 MWh/period from external)
    ✓ Updated 1c_battery: pool_limit 1207.76 → 1208.87 (+1.12 MW, per_pool_limit=604.44 MWh/period from external)
    ✓ Updated 0.25c_battery: pool_limit 4831.02 → 4835.49 (+4.47 MW, per_pool_limit=2417.75 MWh/period from external)
    ✓ Updated hydrogen_battery: pool_limit 12.08 → 12.09 (+0.01 MW, per_pool_limit=6.04 MWh/period from external)
    ✓ Updated 0.5c_battery: pool_limit 39747.73 → 39778.52 (+30.79 MW, per_pool_limit=19889.26 MWh/period from external)
    ✓ Updated 1c_battery: pool_limit 1208.87 → 1209.81 (+0.94 MW, per_pool_limit=604.90 MWh/period from external)
    ✓ Updated 0.25c_battery: pool_limit 4835.49 → 4839.24 (+3.75 MW, per_pool_limit=2419.62 MWh/period from external)
    ✓ Updated hydrogen_battery: pool_limit 12.09 → 12.10 (+0.01 MW, per_pool_limit=6.05 MWh/period from external)
    ✓ Updated 0.5c_battery: pool_limit 39778.52 → 40031.50 (+252.98 MW, per_pool_limit=20015.75 MWh/period from external)
    ✓ Updated 1c_battery: pool_limit 1209.81 → 1217.50 (+7.69 MW, per_pool_limit=608.75 MWh/period from external)
    ✓ Updated 0.25c_battery: pool_limit 4839.24 → 4870.01 (+30.78 MW, per_pool_limit=2435.01 MWh/period from external)
    ✓ Updated hydrogen_battery: pool_limit 12.10 → 12.18 (+0.08 MW, per_pool_limit=6.09 MWh/period from external)
    ✓ Updated 0.5c_battery: pool_limit 40031.50 → 40095.00 (+63.50 MW, per_pool_limit=20047.50 MWh/period from external)
    ✓ Updated 1c_battery: pool_limit 1217.50 → 1219.43 (+1.93 MW, per_pool_limit=609.72 MWh/period from external)
    ✓ Updated 0.25c_battery: pool_limit 4870.01 → 4877.74 (+7.72 MW, per_pool_limit=2438.87 MWh/period from external)
    ✓ Updated hydrogen_battery: pool_limit 12.18 → 12.19 (+0.02 MW, per_pool_limit=6.10 MWh/period from external)
    ✓ Updated 0.5c_battery: pool_limit 40095.00 → 40145.62 (+50.62 MW, per_pool_limit=20072.81 MWh/period from external)
    ✓ Updated 1c_battery: pool_limit 1219.43 → 1220.97 (+1.54 MW, per_pool_limit=610.49 MWh/period from external)
    ✓ Updated 0.25c_battery: pool_limit 4877.74 → 4883.90 (+6.16 MW, per_pool_limit=2441.95 MWh/period from external)
    ✓ Updated hydrogen_battery: pool_limit 12.19 → 12.21 (+0.02 MW, per_pool_limit=6.10 MWh/period from external)
    ✓ Updated 0.5c_battery: pool_limit 40145.62 → 40148.42 (+2.80 MW, per_pool_limit=20074.21 MWh/period from external)
    ✓ Updated 1c_battery: pool_limit 1220.97 → 1221.06 (+0.09 MW, per_pool_limit=610.53 MWh/period from external)
    ✓ Updated 0.25c_battery: pool_limit 4883.90 → 4884.24 (+0.34 MW, per_pool_limit=2442.12 MWh/period from external)
    ✓ Updated hydrogen_battery: pool_limit 12.21 → 12.21 (+0.00 MW, per_pool_limit=6.11 MWh/period from external)
    ✓ Updated 0.5c_battery: pool_limit 40148.42 → 40220.60 (+72.18 MW, per_pool_limit=20110.30 MWh/period from external)
    ✓ Updated 1c_battery: pool_limit 1221.06 → 1223.25 (+2.20 MW, per_pool_limit=611.63 MWh/period from external)
    ✓ Updated 0.25c_battery: pool_limit 4884.24 → 4893.02 (+8.78 MW, per_pool_limit=2446.51 MWh/period from external)
    ✓ Updated hydrogen_battery: pool_limit 12.21 → 12.23 (+0.02 MW, per_pool_limit=6.12 MWh/period from external)
    ✓ Updated 0.5c_battery: pool_limit 40220.60 → 40372.99 (+152.39 MW, per_pool_limit=20186.49 MWh/period from external)
    ✓ Updated 1c_battery: pool_limit 1223.25 → 1227.89 (+4.63 MW, per_pool_limit=613.94 MWh/period from external)
    ✓ Updated 0.25c_battery: pool_limit 4893.02 → 4911.56 (+18.54 MW, per_pool_limit=2455.78 MWh/period from external)
    ✓ Updated hydrogen_battery: pool_limit 12.23 → 12.28 (+0.05 MW, per_pool_limit=6.14 MWh/period from external)
    ✓ Updated 0.5c_battery: pool_limit 40372.99 → 40515.92 (+142.93 MW, per_pool_limit=20257.96 MWh/period from external)
    ✓ Updated 1c_battery: pool_limit 1227.89 → 1232.24 (+4.35 MW, per_pool_limit=616.12 MWh/period from external)
    ✓ Updated 0.25c_battery: pool_limit 4911.56 → 4928.94 (+17.39 MW, per_pool_limit=2464.47 MWh/period from external)
    ✓ Updated hydrogen_battery: pool_limit 12.28 → 12.32 (+0.04 MW, per_pool_limit=6.16 MWh/period from external)
    ✓ Updated 0.5c_battery: pool_limit 40515.92 → 40706.40 (+190.49 MW, per_pool_limit=20353.20 MWh/period from external)
    ✓ Updated 1c_battery: pool_limit 1232.24 → 1238.03 (+5.79 MW, per_pool_limit=619.01 MWh/period from external)
    ✓ Updated 0.25c_battery: pool_limit 4928.94 → 4952.12 (+23.17 MW, per_pool_limit=2476.06 MWh/period from external)
    ✓ Updated hydrogen_battery: pool_limit 12.32 → 12.38 (+0.06 MW, per_pool_limit=6.19 MWh/period from external)
    ✓ Updated 0.5c_battery: pool_limit 40706.40 → 40877.29 (+170.88 MW, per_pool_limit=20438.64 MWh/period from external)
    ✓ Updated 1c_battery: pool_limit 1238.03 → 1243.23 (+5.20 MW, per_pool_limit=621.61 MWh/period from external)
    ✓ Updated 0.25c_battery: pool_limit 4952.12 → 4972.91 (+20.79 MW, per_pool_limit=2486.45 MWh/period from external)
    ✓ Updated hydrogen_battery: pool_limit 12.38 → 12.43 (+0.05 MW, per_pool_limit=6.22 MWh/period from external)
    ✓ Updated 0.5c_battery: pool_limit 40877.29 → 40920.68 (+43.39 MW, per_pool_limit=20460.34 MWh/period from external)
    ✓ Updated 1c_battery: pool_limit 1243.23 → 1244.55 (+1.32 MW, per_pool_limit=622.27 MWh/period from external)
    ✓ Updated 0.25c_battery: pool_limit 4972.91 → 4978.18 (+5.28 MW, per_pool_limit=2489.09 MWh/period from external)
    ✓ Updated hydrogen_battery: pool_limit 12.43 → 12.45 (+0.01 MW, per_pool_limit=6.22 MWh/period from external)
    ✓ Updated 0.5c_battery: pool_limit 40920.68 → 41035.77 (+115.09 MW, per_pool_limit=20517.89 MWh/period from external)
    ✓ Updated 1c_battery: pool_limit 1244.55 → 1248.05 (+3.50 MW, per_pool_limit=624.02 MWh/period from external)
    ✓ Updated 0.25c_battery: pool_limit 4978.18 → 4992.19 (+14.00 MW, per_pool_limit=2496.09 MWh/period from external)
    ✓ Updated hydrogen_battery: pool_limit 12.45 → 12.48 (+0.04 MW, per_pool_limit=6.24 MWh/period from external)
    ✓ Updated 0.5c_battery: pool_limit 41035.77 → 41321.63 (+285.86 MW, per_pool_limit=20660.81 MWh/period from external)
    ✓ Updated 1c_battery: pool_limit 1248.05 → 1256.74 (+8.69 MW, per_pool_limit=628.37 MWh/period from external)
    ✓ Updated 0.25c_battery: pool_limit 4992.19 → 5026.96 (+34.78 MW, per_pool_limit=2513.48 MWh/period from external)
    ✓ Updated hydrogen_battery: pool_limit 12.48 → 12.57 (+0.09 MW, per_pool_limit=6.28 MWh/period from external)
    ✓ Updated 0.5c_battery: pool_limit 41321.63 → 41357.78 (+36.16 MW, per_pool_limit=20678.89 MWh/period from external)
    ✓ Updated 1c_battery: pool_limit 1256.74 → 1257.84 (+1.10 MW, per_pool_limit=628.92 MWh/period from external)
    ✓ Updated 0.25c_battery: pool_limit 5026.96 → 5031.36 (+4.40 MW, per_pool_limit=2515.68 MWh/period from external)
    ✓ Updated hydrogen_battery: pool_limit 12.57 → 12.58 (+0.01 MW, per_pool_limit=6.29 MWh/period from external)
    ✓ Updated 0.5c_battery: pool_limit 41357.78 → 41421.18 (+63.40 MW, per_pool_limit=20710.59 MWh/period from external)
    ✓ Updated 1c_battery: pool_limit 1257.84 → 1259.77 (+1.93 MW, per_pool_limit=629.88 MWh/period from external)
    ✓ Updated 0.25c_battery: pool_limit 5031.36 → 5039.07 (+7.71 MW, per_pool_limit=2519.54 MWh/period from external)
    ✓ Updated hydrogen_battery: pool_limit 12.58 → 12.60 (+0.02 MW, per_pool_limit=6.30 MWh/period from external)
    ✓ Updated 0.5c_battery: pool_limit 41421.18 → 42147.28 (+726.10 MW, per_pool_limit=21073.64 MWh/period from external)
    ✓ Updated 1c_battery: pool_limit 1259.77 → 1281.85 (+22.08 MW, per_pool_limit=640.93 MWh/period from external)
    ✓ Updated 0.25c_battery: pool_limit 5039.07 → 5127.41 (+88.33 MW, per_pool_limit=2563.70 MWh/period from external)
    ✓ Updated hydrogen_battery: pool_limit 12.60 → 12.82 (+0.22 MW, per_pool_limit=6.41 MWh/period from external)
    ✓ Updated 0.5c_battery: pool_limit 42147.28 → 42292.50 (+145.22 MW, per_pool_limit=21146.25 MWh/period from external)
    ✓ Updated 1c_battery: pool_limit 1281.85 → 1286.27 (+4.42 MW, per_pool_limit=643.13 MWh/period from external)
    ✓ Updated 0.25c_battery: pool_limit 5127.41 → 5145.07 (+17.67 MW, per_pool_limit=2572.54 MWh/period from external)
    ✓ Updated hydrogen_battery: pool_limit 12.82 → 12.86 (+0.04 MW, per_pool_limit=6.43 MWh/period from external)
    ✓ Updated 0.5c_battery: pool_limit 42292.50 → 42329.24 (+36.74 MW, per_pool_limit=21164.62 MWh/period from external)
    ✓ Updated 1c_battery: pool_limit 1286.27 → 1287.39 (+1.12 MW, per_pool_limit=643.69 MWh/period from external)
    ✓ Updated 0.25c_battery: pool_limit 5145.07 → 5149.54 (+4.47 MW, per_pool_limit=2574.77 MWh/period from external)
    ✓ Updated hydrogen_battery: pool_limit 12.86 → 12.87 (+0.01 MW, per_pool_limit=6.44 MWh/period from external)
    ✓ Updated 0.5c_battery: pool_limit 42329.24 → 42473.69 (+144.45 MW, per_pool_limit=21236.84 MWh/period from external)
    ✓ Updated 1c_battery: pool_limit 1287.39 → 1291.78 (+4.39 MW, per_pool_limit=645.89 MWh/period from external)
    ✓ Updated 0.25c_battery: pool_limit 5149.54 → 5167.12 (+17.57 MW, per_pool_limit=2583.56 MWh/period from external)
    ✓ Updated hydrogen_battery: pool_limit 12.87 → 12.92 (+0.04 MW, per_pool_limit=6.46 MWh/period from external)
    ✓ Updated 0.5c_battery: pool_limit 42473.69 → 42690.63 (+216.94 MW, per_pool_limit=21345.32 MWh/period from external)
    ✓ Updated 1c_battery: pool_limit 1291.78 → 1298.38 (+6.60 MW, per_pool_limit=649.19 MWh/period from external)
    ✓ Updated 0.25c_battery: pool_limit 5167.12 → 5193.51 (+26.39 MW, per_pool_limit=2596.75 MWh/period from external)
    ✓ Updated hydrogen_battery: pool_limit 12.92 → 12.98 (+0.07 MW, per_pool_limit=6.49 MWh/period from external)
    ✓ Updated 0.5c_battery: pool_limit 42690.63 → 42729.19 (+38.56 MW, per_pool_limit=21364.60 MWh/period from external)
    ✓ Updated 1c_battery: pool_limit 1298.38 → 1299.55 (+1.17 MW, per_pool_limit=649.77 MWh/period from external)
    ✓ Updated 0.25c_battery: pool_limit 5193.51 → 5198.20 (+4.69 MW, per_pool_limit=2599.10 MWh/period from external)
    ✓ Updated hydrogen_battery: pool_limit 12.98 → 13.00 (+0.01 MW, per_pool_limit=6.50 MWh/period from external)
    ✓ Updated 0.5c_battery: pool_limit 42729.19 → 42745.63 (+16.44 MW, per_pool_limit=21372.82 MWh/period from external)
    ✓ Updated 1c_battery: pool_limit 1299.55 → 1300.05 (+0.50 MW, per_pool_limit=650.02 MWh/period from external)
    ✓ Updated 0.25c_battery: pool_limit 5198.20 → 5200.20 (+2.00 MW, per_pool_limit=2600.10 MWh/period from external)
    ✓ Updated hydrogen_battery: pool_limit 13.00 → 13.00 (+0.01 MW, per_pool_limit=6.50 MWh/period from external)
    ✓ Updated 0.5c_battery: pool_limit 42745.63 → 42817.88 (+72.24 MW, per_pool_limit=21408.94 MWh/period from external)
    ✓ Updated 1c_battery: pool_limit 1300.05 → 1302.25 (+2.20 MW, per_pool_limit=651.12 MWh/period from external)
    ✓ Updated 0.25c_battery: pool_limit 5200.20 → 5208.99 (+8.79 MW, per_pool_limit=2604.49 MWh/period from external)
    ✓ Updated hydrogen_battery: pool_limit 13.00 → 13.02 (+0.02 MW, per_pool_limit=6.51 MWh/period from external)
    ✓ Updated 0.5c_battery: pool_limit 42817.88 → 42894.86 (+76.98 MW, per_pool_limit=21447.43 MWh/period from external)
    ✓ Updated 1c_battery: pool_limit 1302.25 → 1304.59 (+2.34 MW, per_pool_limit=652.29 MWh/period from external)
    ✓ Updated 0.25c_battery: pool_limit 5208.99 → 5218.35 (+9.36 MW, per_pool_limit=2609.18 MWh/period from external)
    ✓ Updated hydrogen_battery: pool_limit 13.02 → 13.05 (+0.02 MW, per_pool_limit=6.52 MWh/period from external)
    ✓ Updated 0.5c_battery: pool_limit 42894.86 → 43606.88 (+712.02 MW, per_pool_limit=21803.44 MWh/period from external)
    ✓ Updated 1c_battery: pool_limit 1304.59 → 1326.24 (+21.66 MW, per_pool_limit=663.12 MWh/period from external)
    ✓ Updated 0.25c_battery: pool_limit 5218.35 → 5304.97 (+86.62 MW, per_pool_limit=2652.49 MWh/period from external)
    ✓ Updated hydrogen_battery: pool_limit 13.05 → 13.26 (+0.22 MW, per_pool_limit=6.63 MWh/period from external)
    ✓ Updated 0.5c_battery: pool_limit 43606.88 → 43650.27 (+43.39 MW, per_pool_limit=21825.13 MWh/period from external)
    ✓ Updated 1c_battery: pool_limit 1326.24 → 1327.56 (+1.32 MW, per_pool_limit=663.78 MWh/period from external)
    ✓ Updated 0.25c_battery: pool_limit 5304.97 → 5310.25 (+5.28 MW, per_pool_limit=2655.13 MWh/period from external)
    ✓ Updated hydrogen_battery: pool_limit 13.26 → 13.28 (+0.01 MW, per_pool_limit=6.64 MWh/period from external)
    ✓ Updated 0.5c_battery: pool_limit 43650.27 → 44031.24 (+380.97 MW, per_pool_limit=22015.62 MWh/period from external)
    ✓ Updated 1c_battery: pool_limit 1327.56 → 1339.15 (+11.59 MW, per_pool_limit=669.57 MWh/period from external)
    ✓ Updated 0.25c_battery: pool_limit 5310.25 → 5356.60 (+46.35 MW, per_pool_limit=2678.30 MWh/period from external)
    ✓ Updated hydrogen_battery: pool_limit 13.28 → 13.39 (+0.12 MW, per_pool_limit=6.70 MWh/period from external)
    ✓ Updated 0.5c_battery: pool_limit 44031.24 → 44049.75 (+18.51 MW, per_pool_limit=22024.88 MWh/period from external)
    ✓ Updated 1c_battery: pool_limit 1339.15 → 1339.71 (+0.56 MW, per_pool_limit=669.86 MWh/period from external)
    ✓ Updated 0.25c_battery: pool_limit 5356.60 → 5358.85 (+2.25 MW, per_pool_limit=2679.43 MWh/period from external)
    ✓ Updated hydrogen_battery: pool_limit 13.39 → 13.40 (+0.01 MW, per_pool_limit=6.70 MWh/period from external)
    ✓ Updated 0.5c_battery: pool_limit 44049.75 → 44086.49 (+36.74 MW, per_pool_limit=22043.24 MWh/period from external)
    ✓ Updated 1c_battery: pool_limit 1339.71 → 1340.83 (+1.12 MW, per_pool_limit=670.41 MWh/period from external)
    ✓ Updated 0.25c_battery: pool_limit 5358.85 → 5363.32 (+4.47 MW, per_pool_limit=2681.66 MWh/period from external)
    ✓ Updated hydrogen_battery: pool_limit 13.40 → 13.41 (+0.01 MW, per_pool_limit=6.70 MWh/period from external)
    ✓ Updated 0.5c_battery: pool_limit 44086.49 → 44265.49 (+179.01 MW, per_pool_limit=22132.75 MWh/period from external)
    ✓ Updated 1c_battery: pool_limit 1340.83 → 1346.27 (+5.44 MW, per_pool_limit=673.14 MWh/period from external)
    ✓ Updated 0.25c_battery: pool_limit 5363.32 → 5385.10 (+21.78 MW, per_pool_limit=2692.55 MWh/period from external)
    ✓ Updated hydrogen_battery: pool_limit 13.41 → 13.46 (+0.05 MW, per_pool_limit=6.73 MWh/period from external)
    ✓ Updated 0.5c_battery: pool_limit 44265.49 → 44412.85 (+147.36 MW, per_pool_limit=22206.43 MWh/period from external)
    ✓ Updated 1c_battery: pool_limit 1346.27 → 1350.76 (+4.48 MW, per_pool_limit=675.38 MWh/period from external)
    ✓ Updated 0.25c_battery: pool_limit 5385.10 → 5403.02 (+17.93 MW, per_pool_limit=2701.51 MWh/period from external)
    ✓ Updated hydrogen_battery: pool_limit 13.46 → 13.51 (+0.04 MW, per_pool_limit=6.75 MWh/period from external)
    ✓ Updated 0.5c_battery: pool_limit 44412.85 → 44464.43 (+51.58 MW, per_pool_limit=22232.21 MWh/period from external)
    ✓ Updated 1c_battery: pool_limit 1350.76 → 1352.32 (+1.57 MW, per_pool_limit=676.16 MWh/period from external)
    ✓ Updated 0.25c_battery: pool_limit 5403.02 → 5409.30 (+6.27 MW, per_pool_limit=2704.65 MWh/period from external)
    ✓ Updated hydrogen_battery: pool_limit 13.51 → 13.52 (+0.02 MW, per_pool_limit=6.76 MWh/period from external)
    ✓ Updated 0.5c_battery: pool_limit 44464.43 → 44501.16 (+36.74 MW, per_pool_limit=22250.58 MWh/period from external)
    ✓ Updated 1c_battery: pool_limit 1352.32 → 1353.44 (+1.12 MW, per_pool_limit=676.72 MWh/period from external)
    ✓ Updated 0.25c_battery: pool_limit 5409.30 → 5413.77 (+4.47 MW, per_pool_limit=2706.88 MWh/period from external)
    ✓ Updated hydrogen_battery: pool_limit 13.52 → 13.53 (+0.01 MW, per_pool_limit=6.77 MWh/period from external)
    ✓ Updated 0.5c_battery: pool_limit 44501.16 → 44567.20 (+66.04 MW, per_pool_limit=22283.60 MWh/period from external)
    ✓ Updated 1c_battery: pool_limit 1353.44 → 1355.45 (+2.01 MW, per_pool_limit=677.73 MWh/period from external)
    ✓ Updated 0.25c_battery: pool_limit 5413.77 → 5421.80 (+8.03 MW, per_pool_limit=2710.90 MWh/period from external)
    ✓ Updated hydrogen_battery: pool_limit 13.53 → 13.55 (+0.02 MW, per_pool_limit=6.78 MWh/period from external)
    ✓ Updated 0.5c_battery: pool_limit 44567.20 → 44603.27 (+36.07 MW, per_pool_limit=22301.64 MWh/period from external)
    ✓ Updated 1c_battery: pool_limit 1355.45 → 1356.55 (+1.10 MW, per_pool_limit=678.27 MWh/period from external)
    ✓ Updated 0.25c_battery: pool_limit 5421.80 → 5426.19 (+4.39 MW, per_pool_limit=2713.09 MWh/period from external)
    ✓ Updated hydrogen_battery: pool_limit 13.55 → 13.57 (+0.01 MW, per_pool_limit=6.78 MWh/period from external)
    ✓ Updated 0.5c_battery: pool_limit 44603.27 → 44640.08 (+36.81 MW, per_pool_limit=22320.04 MWh/period from external)
    ✓ Updated 1c_battery: pool_limit 1356.55 → 1357.67 (+1.12 MW, per_pool_limit=678.83 MWh/period from external)
    ✓ Updated 0.25c_battery: pool_limit 5426.19 → 5430.67 (+4.48 MW, per_pool_limit=2715.33 MWh/period from external)
    ✓ Updated hydrogen_battery: pool_limit 13.57 → 13.58 (+0.01 MW, per_pool_limit=6.79 MWh/period from external)
    ✓ Updated 0.5c_battery: pool_limit 44640.08 → 44655.94 (+15.86 MW, per_pool_limit=22327.97 MWh/period from external)
    ✓ Updated 1c_battery: pool_limit 1357.67 → 1358.15 (+0.48 MW, per_pool_limit=679.07 MWh/period from external)
    ✓ Updated 0.25c_battery: pool_limit 5430.67 → 5432.60 (+1.93 MW, per_pool_limit=2716.30 MWh/period from external)
    ✓ Updated hydrogen_battery: pool_limit 13.58 → 13.58 (+0.00 MW, per_pool_limit=6.79 MWh/period from external)
    ✓ Updated 0.5c_battery: pool_limit 44655.94 → 44663.09 (+7.15 MW, per_pool_limit=22331.54 MWh/period from external)
    ✓ Updated 1c_battery: pool_limit 1358.15 → 1358.37 (+0.22 MW, per_pool_limit=679.18 MWh/period from external)
    ✓ Updated 0.25c_battery: pool_limit 5432.60 → 5433.47 (+0.87 MW, per_pool_limit=2716.73 MWh/period from external)
    ✓ Updated hydrogen_battery: pool_limit 13.58 → 13.58 (+0.00 MW, per_pool_limit=6.79 MWh/period from external)
    ✓ Updated 0.5c_battery: pool_limit 44663.09 → 44673.81 (+10.72 MW, per_pool_limit=22336.90 MWh/period from external)
    ✓ Updated 1c_battery: pool_limit 1358.37 → 1358.69 (+0.33 MW, per_pool_limit=679.35 MWh/period from external)
    ✓ Updated 0.25c_battery: pool_limit 5433.47 → 5434.77 (+1.30 MW, per_pool_limit=2717.38 MWh/period from external)
    ✓ Updated hydrogen_battery: pool_limit 13.58 → 13.59 (+0.00 MW, per_pool_limit=6.79 MWh/period from external)
    ✓ Updated 0.5c_battery: pool_limit 44673.81 → 44674.76 (+0.95 MW, per_pool_limit=22337.38 MWh/period from external)
    ✓ Updated 1c_battery: pool_limit 1358.69 → 1358.72 (+0.03 MW, per_pool_limit=679.36 MWh/period from external)
    ✓ Updated 0.25c_battery: pool_limit 5434.77 → 5434.89 (+0.12 MW, per_pool_limit=2717.44 MWh/period from external)
    ✓ Updated hydrogen_battery: pool_limit 13.59 → 13.59 (+0.00 MW, per_pool_limit=6.79 MWh/period from external)
    ✓ Updated 0.5c_battery: pool_limit 44674.76 → 45023.29 (+348.53 MW, per_pool_limit=22511.64 MWh/period from external)
    ✓ Updated 1c_battery: pool_limit 1358.72 → 1369.32 (+10.60 MW, per_pool_limit=684.66 MWh/period from external)
    ✓ Updated 0.25c_battery: pool_limit 5434.89 → 5477.29 (+42.40 MW, per_pool_limit=2738.64 MWh/period from external)
    ✓ Updated hydrogen_battery: pool_limit 13.59 → 13.69 (+0.11 MW, per_pool_limit=6.85 MWh/period from external)
    ✓ Updated 0.5c_battery: pool_limit 45023.29 → 45095.60 (+72.31 MW, per_pool_limit=22547.80 MWh/period from external)
    ✓ Updated 1c_battery: pool_limit 1369.32 → 1371.52 (+2.20 MW, per_pool_limit=685.76 MWh/period from external)
    ✓ Updated 0.25c_battery: pool_limit 5477.29 → 5486.08 (+8.80 MW, per_pool_limit=2743.04 MWh/period from external)
    ✓ Updated hydrogen_battery: pool_limit 13.69 → 13.72 (+0.02 MW, per_pool_limit=6.86 MWh/period from external)
    ✓ Updated 0.5c_battery: pool_limit 45095.60 → 45172.58 (+76.98 MW, per_pool_limit=22586.29 MWh/period from external)
    ✓ Updated 1c_battery: pool_limit 1371.52 → 1373.86 (+2.34 MW, per_pool_limit=686.93 MWh/period from external)
    ✓ Updated 0.25c_battery: pool_limit 5486.08 → 5495.45 (+9.36 MW, per_pool_limit=2747.72 MWh/period from external)
    ✓ Updated hydrogen_battery: pool_limit 13.72 → 13.74 (+0.02 MW, per_pool_limit=6.87 MWh/period from external)
    ✓ Updated 0.5c_battery: pool_limit 45172.58 → 45177.06 (+4.48 MW, per_pool_limit=22588.53 MWh/period from external)
    ✓ Updated 1c_battery: pool_limit 1373.86 → 1374.00 (+0.14 MW, per_pool_limit=687.00 MWh/period from external)
    ✓ Updated 0.25c_battery: pool_limit 5495.45 → 5495.99 (+0.54 MW, per_pool_limit=2748.00 MWh/period from external)
    ✓ Updated hydrogen_battery: pool_limit 13.74 → 13.74 (+0.00 MW, per_pool_limit=6.87 MWh/period from external)
    ✓ Updated 0.5c_battery: pool_limit 45177.06 → 45249.37 (+72.31 MW, per_pool_limit=22624.69 MWh/period from external)
    ✓ Updated 1c_battery: pool_limit 1374.00 → 1376.20 (+2.20 MW, per_pool_limit=688.10 MWh/period from external)
    ✓ Updated 0.25c_battery: pool_limit 5495.99 → 5504.79 (+8.80 MW, per_pool_limit=2752.39 MWh/period from external)
    ✓ Updated hydrogen_battery: pool_limit 13.74 → 13.76 (+0.02 MW, per_pool_limit=6.88 MWh/period from external)
    ✓ Updated 0.5c_battery: pool_limit 45249.37 → 45294.02 (+44.65 MW, per_pool_limit=22647.01 MWh/period from external)
    ✓ Updated 1c_battery: pool_limit 1376.20 → 1377.56 (+1.36 MW, per_pool_limit=688.78 MWh/period from external)
    ✓ Updated 0.25c_battery: pool_limit 5504.79 → 5510.22 (+5.43 MW, per_pool_limit=2755.11 MWh/period from external)
    ✓ Updated hydrogen_battery: pool_limit 13.76 → 13.78 (+0.01 MW, per_pool_limit=6.89 MWh/period from external)
    ✓ Updated 0.5c_battery: pool_limit 45294.02 → 45307.99 (+13.98 MW, per_pool_limit=22654.00 MWh/period from external)
    ✓ Updated 1c_battery: pool_limit 1377.56 → 1377.98 (+0.43 MW, per_pool_limit=688.99 MWh/period from external)
    ✓ Updated 0.25c_battery: pool_limit 5510.22 → 5511.92 (+1.70 MW, per_pool_limit=2755.96 MWh/period from external)
    ✓ Updated hydrogen_battery: pool_limit 13.78 → 13.78 (+0.00 MW, per_pool_limit=6.89 MWh/period from external)
    ✓ Updated 0.5c_battery: pool_limit 45307.99 → 45390.21 (+82.21 MW, per_pool_limit=22695.10 MWh/period from external)
    ✓ Updated 1c_battery: pool_limit 1377.98 → 1380.48 (+2.50 MW, per_pool_limit=690.24 MWh/period from external)
    ✓ Updated 0.25c_battery: pool_limit 5511.92 → 5521.92 (+10.00 MW, per_pool_limit=2760.96 MWh/period from external)
    ✓ Updated hydrogen_battery: pool_limit 13.78 → 13.80 (+0.03 MW, per_pool_limit=6.90 MWh/period from external)
    ✓ Updated 0.5c_battery: pool_limit 45390.21 → 45464.79 (+74.59 MW, per_pool_limit=22732.40 MWh/period from external)
    ✓ Updated 1c_battery: pool_limit 1380.48 → 1382.75 (+2.27 MW, per_pool_limit=691.37 MWh/period from external)
    ✓ Updated 0.25c_battery: pool_limit 5521.92 → 5531.00 (+9.07 MW, per_pool_limit=2765.50 MWh/period from external)
    ✓ Updated hydrogen_battery: pool_limit 13.80 → 13.83 (+0.02 MW, per_pool_limit=6.91 MWh/period from external)
    ✓ Updated 0.5c_battery: pool_limit 45464.79 → 45528.22 (+63.43 MW, per_pool_limit=22764.11 MWh/period from external)
    ✓ Updated 1c_battery: pool_limit 1382.75 → 1384.68 (+1.93 MW, per_pool_limit=692.34 MWh/period from external)
    ✓ Updated 0.25c_battery: pool_limit 5531.00 → 5538.71 (+7.72 MW, per_pool_limit=2769.36 MWh/period from external)
    ✓ Updated hydrogen_battery: pool_limit 13.83 → 13.85 (+0.02 MW, per_pool_limit=6.92 MWh/period from external)
    ✓ Updated 0.5c_battery: pool_limit 45528.22 → 45572.10 (+43.88 MW, per_pool_limit=22786.05 MWh/period from external)
    ✓ Updated 1c_battery: pool_limit 1384.68 → 1386.01 (+1.33 MW, per_pool_limit=693.01 MWh/period from external)
    ✓ Updated 0.25c_battery: pool_limit 5538.71 → 5544.05 (+5.34 MW, per_pool_limit=2772.03 MWh/period from external)
    ✓ Updated hydrogen_battery: pool_limit 13.85 → 13.86 (+0.01 MW, per_pool_limit=6.93 MWh/period from external)
    ✓ Updated 0.5c_battery: pool_limit 45572.10 → 45654.31 (+82.21 MW, per_pool_limit=22827.16 MWh/period from external)
    ✓ Updated 1c_battery: pool_limit 1386.01 → 1388.51 (+2.50 MW, per_pool_limit=694.26 MWh/period from external)
    ✓ Updated 0.25c_battery: pool_limit 5544.05 → 5554.05 (+10.00 MW, per_pool_limit=2777.03 MWh/period from external)
    ✓ Updated hydrogen_battery: pool_limit 13.86 → 13.89 (+0.03 MW, per_pool_limit=6.94 MWh/period from external)
    ✓ Updated 0.5c_battery: pool_limit 45654.31 → 45689.91 (+35.60 MW, per_pool_limit=22844.96 MWh/period from external)
    ✓ Updated 1c_battery: pool_limit 1388.51 → 1389.60 (+1.08 MW, per_pool_limit=694.80 MWh/period from external)
    ✓ Updated 0.25c_battery: pool_limit 5554.05 → 5558.38 (+4.33 MW, per_pool_limit=2779.19 MWh/period from external)
    ✓ Updated hydrogen_battery: pool_limit 13.89 → 13.90 (+0.01 MW, per_pool_limit=6.95 MWh/period from external)
    ✓ Updated 0.5c_battery: pool_limit 45689.91 → 45729.37 (+39.46 MW, per_pool_limit=22864.69 MWh/period from external)
    ✓ Updated 1c_battery: pool_limit 1389.60 → 1390.80 (+1.20 MW, per_pool_limit=695.40 MWh/period from external)
    ✓ Updated 0.25c_battery: pool_limit 5558.38 → 5563.18 (+4.80 MW, per_pool_limit=2781.59 MWh/period from external)
    ✓ Updated hydrogen_battery: pool_limit 13.90 → 13.91 (+0.01 MW, per_pool_limit=6.95 MWh/period from external)
    ✓ Updated 0.5c_battery: pool_limit 45729.37 → 45861.89 (+132.52 MW, per_pool_limit=22930.94 MWh/period from external)
    ✓ Updated 1c_battery: pool_limit 1390.80 → 1394.83 (+4.03 MW, per_pool_limit=697.41 MWh/period from external)
    ✓ Updated 0.25c_battery: pool_limit 5563.18 → 5579.31 (+16.12 MW, per_pool_limit=2789.65 MWh/period from external)
    ✓ Updated hydrogen_battery: pool_limit 13.91 → 13.95 (+0.04 MW, per_pool_limit=6.97 MWh/period from external)
    ✓ Updated 0.5c_battery: pool_limit 45861.89 → 45884.98 (+23.09 MW, per_pool_limit=22942.49 MWh/period from external)
    ✓ Updated 1c_battery: pool_limit 1394.83 → 1395.53 (+0.70 MW, per_pool_limit=697.76 MWh/period from external)
    ✓ Updated 0.25c_battery: pool_limit 5579.31 → 5582.11 (+2.81 MW, per_pool_limit=2791.06 MWh/period from external)
    ✓ Updated hydrogen_battery: pool_limit 13.95 → 13.96 (+0.01 MW, per_pool_limit=6.98 MWh/period from external)
    ✓ Updated 0.5c_battery: pool_limit 45884.98 → 45921.72 (+36.74 MW, per_pool_limit=22960.86 MWh/period from external)
    ✓ Updated 1c_battery: pool_limit 1395.53 → 1396.65 (+1.12 MW, per_pool_limit=698.32 MWh/period from external)
    ✓ Updated 0.25c_battery: pool_limit 5582.11 → 5586.58 (+4.47 MW, per_pool_limit=2793.29 MWh/period from external)
    ✓ Updated hydrogen_battery: pool_limit 13.96 → 13.97 (+0.01 MW, per_pool_limit=6.98 MWh/period from external)
    ✓ Updated 0.5c_battery: pool_limit 45921.72 → 46084.66 (+162.94 MW, per_pool_limit=23042.33 MWh/period from external)
    ✓ Updated 1c_battery: pool_limit 1396.65 → 1401.60 (+4.96 MW, per_pool_limit=700.80 MWh/period from external)
    ✓ Updated 0.25c_battery: pool_limit 5586.58 → 5606.41 (+19.82 MW, per_pool_limit=2803.20 MWh/period from external)
    ✓ Updated hydrogen_battery: pool_limit 13.97 → 14.02 (+0.05 MW, per_pool_limit=7.01 MWh/period from external)
    ✓ Updated 0.5c_battery: pool_limit 46084.66 → 46161.56 (+76.90 MW, per_pool_limit=23080.78 MWh/period from external)
    ✓ Updated 1c_battery: pool_limit 1401.60 → 1403.94 (+2.34 MW, per_pool_limit=701.97 MWh/period from external)
    ✓ Updated 0.25c_battery: pool_limit 5606.41 → 5615.76 (+9.36 MW, per_pool_limit=2807.88 MWh/period from external)
    ✓ Updated hydrogen_battery: pool_limit 14.02 → 14.04 (+0.02 MW, per_pool_limit=7.02 MWh/period from external)
    ✓ Updated 0.5c_battery: pool_limit 46161.56 → 46288.55 (+126.99 MW, per_pool_limit=23144.28 MWh/period from external)
    ✓ Updated 1c_battery: pool_limit 1403.94 → 1407.80 (+3.86 MW, per_pool_limit=703.90 MWh/period from external)
    ✓ Updated 0.25c_battery: pool_limit 5615.76 → 5631.21 (+15.45 MW, per_pool_limit=2815.61 MWh/period from external)
    ✓ Updated hydrogen_battery: pool_limit 14.04 → 14.08 (+0.04 MW, per_pool_limit=7.04 MWh/period from external)
    ✓ Updated 0.5c_battery: pool_limit 46288.55 → 46359.75 (+71.20 MW, per_pool_limit=23179.88 MWh/period from external)
    ✓ Updated 1c_battery: pool_limit 1407.80 → 1409.97 (+2.17 MW, per_pool_limit=704.98 MWh/period from external)
    ✓ Updated 0.25c_battery: pool_limit 5631.21 → 5639.87 (+8.66 MW, per_pool_limit=2819.94 MWh/period from external)
    ✓ Updated hydrogen_battery: pool_limit 14.08 → 14.10 (+0.02 MW, per_pool_limit=7.05 MWh/period from external)
    ✓ Updated 0.5c_battery: pool_limit 46359.75 → 46717.07 (+357.32 MW, per_pool_limit=23358.54 MWh/period from external)
    ✓ Updated 1c_battery: pool_limit 1409.97 → 1420.84 (+10.87 MW, per_pool_limit=710.42 MWh/period from external)
    ✓ Updated 0.25c_battery: pool_limit 5639.87 → 5683.34 (+43.47 MW, per_pool_limit=2841.67 MWh/period from external)
    ✓ Updated hydrogen_battery: pool_limit 14.10 → 14.21 (+0.11 MW, per_pool_limit=7.10 MWh/period from external)
    ✓ Updated 0.5c_battery: pool_limit 46717.07 → 47443.17 (+726.10 MW, per_pool_limit=23721.59 MWh/period from external)
    ✓ Updated 1c_battery: pool_limit 1420.84 → 1442.92 (+22.08 MW, per_pool_limit=721.46 MWh/period from external)
    ✓ Updated 0.25c_battery: pool_limit 5683.34 → 5771.68 (+88.33 MW, per_pool_limit=2885.84 MWh/period from external)
    ✓ Updated hydrogen_battery: pool_limit 14.21 → 14.43 (+0.22 MW, per_pool_limit=7.21 MWh/period from external)
    ✓ Updated 0.5c_battery: pool_limit 47443.17 → 47585.58 (+142.40 MW, per_pool_limit=23792.79 MWh/period from external)
    ✓ Updated 1c_battery: pool_limit 1442.92 → 1447.25 (+4.33 MW, per_pool_limit=723.62 MWh/period from external)
    ✓ Updated 0.25c_battery: pool_limit 5771.68 → 5789.00 (+17.32 MW, per_pool_limit=2894.50 MWh/period from external)
    ✓ Updated hydrogen_battery: pool_limit 14.43 → 14.47 (+0.04 MW, per_pool_limit=7.24 MWh/period from external)
    ✓ Updated 0.5c_battery: pool_limit 47585.58 → 47600.04 (+14.46 MW, per_pool_limit=23800.02 MWh/period from external)
    ✓ Updated 1c_battery: pool_limit 1447.25 → 1447.69 (+0.44 MW, per_pool_limit=723.84 MWh/period from external)
    ✓ Updated 0.25c_battery: pool_limit 5789.00 → 5790.76 (+1.76 MW, per_pool_limit=2895.38 MWh/period from external)
    ✓ Updated hydrogen_battery: pool_limit 14.47 → 14.48 (+0.00 MW, per_pool_limit=7.24 MWh/period from external)
    ✓ Updated 0.5c_battery: pool_limit 47600.04 → 47640.63 (+40.59 MW, per_pool_limit=23820.31 MWh/period from external)
    ✓ Updated 1c_battery: pool_limit 1447.69 → 1448.92 (+1.23 MW, per_pool_limit=724.46 MWh/period from external)
    ✓ Updated 0.25c_battery: pool_limit 5790.76 → 5795.70 (+4.94 MW, per_pool_limit=2897.85 MWh/period from external)
    ✓ Updated hydrogen_battery: pool_limit 14.48 → 14.49 (+0.01 MW, per_pool_limit=7.24 MWh/period from external)
    ✓ Updated 0.5c_battery: pool_limit 47640.63 → 47676.36 (+35.73 MW, per_pool_limit=23838.18 MWh/period from external)
    ✓ Updated 1c_battery: pool_limit 1448.92 → 1450.01 (+1.09 MW, per_pool_limit=725.01 MWh/period from external)
    ✓ Updated 0.25c_battery: pool_limit 5795.70 → 5800.04 (+4.35 MW, per_pool_limit=2900.02 MWh/period from external)
    ✓ Updated hydrogen_battery: pool_limit 14.49 → 14.50 (+0.01 MW, per_pool_limit=7.25 MWh/period from external)
    ✓ Updated 0.5c_battery: pool_limit 47676.36 → 47702.13 (+25.77 MW, per_pool_limit=23851.06 MWh/period from external)
    ✓ Updated 1c_battery: pool_limit 1450.01 → 1450.79 (+0.78 MW, per_pool_limit=725.40 MWh/period from external)
    ✓ Updated 0.25c_battery: pool_limit 5800.04 → 5803.18 (+3.13 MW, per_pool_limit=2901.59 MWh/period from external)
    ✓ Updated hydrogen_battery: pool_limit 14.50 → 14.51 (+0.01 MW, per_pool_limit=7.25 MWh/period from external)
    ✓ Updated 0.5c_battery: pool_limit 47702.13 → 48019.61 (+317.48 MW, per_pool_limit=24009.80 MWh/period from external)
    ✓ Updated 1c_battery: pool_limit 1450.79 → 1460.45 (+9.66 MW, per_pool_limit=730.23 MWh/period from external)
    ✓ Updated 0.25c_battery: pool_limit 5803.18 → 5841.80 (+38.62 MW, per_pool_limit=2920.90 MWh/period from external)
    ✓ Updated hydrogen_battery: pool_limit 14.51 → 14.60 (+0.10 MW, per_pool_limit=7.30 MWh/period from external)
    ✓ Updated 0.5c_battery: pool_limit 48019.61 → 48091.92 (+72.31 MW, per_pool_limit=24045.96 MWh/period from external)
    ✓ Updated 1c_battery: pool_limit 1460.45 → 1462.65 (+2.20 MW, per_pool_limit=731.32 MWh/period from external)
    ✓ Updated 0.25c_battery: pool_limit 5841.80 → 5850.60 (+8.80 MW, per_pool_limit=2925.30 MWh/period from external)
    ✓ Updated hydrogen_battery: pool_limit 14.60 → 14.63 (+0.02 MW, per_pool_limit=7.31 MWh/period from external)
    ✓ Updated 0.5c_battery: pool_limit 48091.92 → 48187.16 (+95.24 MW, per_pool_limit=24093.58 MWh/period from external)
    ✓ Updated 1c_battery: pool_limit 1462.65 → 1465.55 (+2.90 MW, per_pool_limit=732.77 MWh/period from external)
    ✓ Updated 0.25c_battery: pool_limit 5850.60 → 5862.19 (+11.59 MW, per_pool_limit=2931.09 MWh/period from external)
    ✓ Updated hydrogen_battery: pool_limit 14.63 → 14.66 (+0.03 MW, per_pool_limit=7.33 MWh/period from external)
    ✓ Updated 0.5c_battery: pool_limit 48187.16 → 48206.41 (+19.25 MW, per_pool_limit=24103.20 MWh/period from external)
    ✓ Updated 1c_battery: pool_limit 1465.55 → 1466.13 (+0.59 MW, per_pool_limit=733.07 MWh/period from external)
    ✓ Updated 0.25c_battery: pool_limit 5862.19 → 5864.53 (+2.34 MW, per_pool_limit=2932.26 MWh/period from external)
    ✓ Updated hydrogen_battery: pool_limit 14.66 → 14.66 (+0.01 MW, per_pool_limit=7.33 MWh/period from external)
    ✓ Updated 0.5c_battery: pool_limit 48206.41 → 48242.14 (+35.73 MW, per_pool_limit=24121.07 MWh/period from external)
    ✓ Updated 1c_battery: pool_limit 1466.13 → 1467.22 (+1.09 MW, per_pool_limit=733.61 MWh/period from external)
    ✓ Updated 0.25c_battery: pool_limit 5864.53 → 5868.87 (+4.35 MW, per_pool_limit=2934.44 MWh/period from external)
    ✓ Updated hydrogen_battery: pool_limit 14.66 → 14.67 (+0.01 MW, per_pool_limit=7.34 MWh/period from external)
    ✓ Updated 0.5c_battery: pool_limit 48242.14 → 48263.50 (+21.36 MW, per_pool_limit=24131.75 MWh/period from external)
    ✓ Updated 1c_battery: pool_limit 1467.22 → 1467.87 (+0.65 MW, per_pool_limit=733.93 MWh/period from external)
    ✓ Updated 0.25c_battery: pool_limit 5868.87 → 5871.47 (+2.60 MW, per_pool_limit=2935.74 MWh/period from external)
    ✓ Updated hydrogen_battery: pool_limit 14.67 → 14.68 (+0.01 MW, per_pool_limit=7.34 MWh/period from external)
    ✓ Updated 0.5c_battery: pool_limit 48263.50 → 48334.37 (+70.87 MW, per_pool_limit=24167.18 MWh/period from external)
    ✓ Updated 1c_battery: pool_limit 1467.87 → 1470.02 (+2.16 MW, per_pool_limit=735.01 MWh/period from external)
    ✓ Updated 0.25c_battery: pool_limit 5871.47 → 5880.09 (+8.62 MW, per_pool_limit=2940.05 MWh/period from external)
    ✓ Updated hydrogen_battery: pool_limit 14.68 → 14.70 (+0.02 MW, per_pool_limit=7.35 MWh/period from external)
    ✓ Updated 0.5c_battery: pool_limit 48334.37 → 48373.74 (+39.37 MW, per_pool_limit=24186.87 MWh/period from external)
    ✓ Updated 1c_battery: pool_limit 1470.02 → 1471.22 (+1.20 MW, per_pool_limit=735.61 MWh/period from external)
    ✓ Updated 0.25c_battery: pool_limit 5880.09 → 5884.88 (+4.79 MW, per_pool_limit=2942.44 MWh/period from external)
    ✓ Updated hydrogen_battery: pool_limit 14.70 → 14.71 (+0.01 MW, per_pool_limit=7.36 MWh/period from external)
    ✓ Updated 0.5c_battery: pool_limit 48373.74 → 48381.94 (+8.20 MW, per_pool_limit=24190.97 MWh/period from external)
    ✓ Updated 1c_battery: pool_limit 1471.22 → 1471.47 (+0.25 MW, per_pool_limit=735.74 MWh/period from external)
    ✓ Updated 0.25c_battery: pool_limit 5884.88 → 5885.88 (+1.00 MW, per_pool_limit=2942.94 MWh/period from external)
    ✓ Updated hydrogen_battery: pool_limit 14.71 → 14.71 (+0.00 MW, per_pool_limit=7.36 MWh/period from external)
    ✓ Updated 0.5c_battery: pool_limit 48381.94 → 48418.10 (+36.16 MW, per_pool_limit=24209.05 MWh/period from external)
    ✓ Updated 1c_battery: pool_limit 1471.47 → 1472.57 (+1.10 MW, per_pool_limit=736.28 MWh/period from external)
    ✓ Updated 0.25c_battery: pool_limit 5885.88 → 5890.28 (+4.40 MW, per_pool_limit=2945.14 MWh/period from external)
    ✓ Updated hydrogen_battery: pool_limit 14.71 → 14.73 (+0.01 MW, per_pool_limit=7.36 MWh/period from external)
    ✓ Updated 0.5c_battery: pool_limit 48418.10 → 48454.91 (+36.81 MW, per_pool_limit=24227.45 MWh/period from external)
    ✓ Updated 1c_battery: pool_limit 1472.57 → 1473.69 (+1.12 MW, per_pool_limit=736.84 MWh/period from external)
    ✓ Updated 0.25c_battery: pool_limit 5890.28 → 5894.76 (+4.48 MW, per_pool_limit=2947.38 MWh/period from external)
    ✓ Updated hydrogen_battery: pool_limit 14.73 → 14.74 (+0.01 MW, per_pool_limit=7.37 MWh/period from external)
    📊 Allocating 5783.00 MW offshore capacity (no location data) across 21 generators (total existing: 14679.00 MW)
      ✓ offshore1: 324.3MW → 452.1MW (+127.76 MW, 2.21% share, proportional)
      ✓ offshore10: 479.0MW → 667.7MW (+188.71 MW, 3.26% share, proportional)
      ✓ offshore11: 400.0MW → 557.6MW (+157.59 MW, 2.72% share, proportional)
      ✓ offshore12: 588.0MW → 819.7MW (+231.65 MW, 4.01% share, proportional)
      ✓ offshore13: 774.0MW → 1078.9MW (+304.93 MW, 5.27% share, proportional)
      ✓ offshore15: 1269.8MW → 1770.1MW (+500.26 MW, 8.65% share, proportional)
      ✓ offshore16: 842.6MW → 1174.6MW (+331.95 MW, 5.74% share, proportional)
      ✓ offshore17: 990.0MW → 1380.0MW (+390.02 MW, 6.74% share, proportional)
      ✓ offshore18: 1074.0MW → 1497.1MW (+423.12 MW, 7.32% share, proportional)
      ✓ offshore2: 183.6MW → 255.9MW (+72.33 MW, 1.25% share, proportional)
      ✓ offshore20: 62.0MW → 86.4MW (+24.43 MW, 0.42% share, proportional)
      ✓ offshore21: 1174.0MW → 1636.5MW (+462.51 MW, 8.00% share, proportional)
      ✓ offshore3: 2538.0MW → 3537.9MW (+999.88 MW, 17.29% share, proportional)
      ✓ offshore5: 324.0MW → 451.6MW (+127.64 MW, 2.21% share, proportional)
      ✓ offshore6: 857.0MW → 1194.6MW (+337.63 MW, 5.84% share, proportional)
      ✓ offshore7: 930.0MW → 1296.4MW (+366.39 MW, 6.34% share, proportional)
      ✓ offshore8: 1247.7MW → 1739.2MW (+491.55 MW, 8.50% share, proportional)
      ✓ offshore9: 621.0MW → 865.7MW (+244.65 MW, 4.23% share, proportional)

--- Starting Iteration 3: Electricity Market Simulation (Case 3: Decarbonization Cost to VRE + CM Cost to CCGT/OCGT) ---
--- Iteration 3: calling run_simulation(periods=17520, generators=48, batteries=5) ---
尝试打开wind文件: F:\newfinalweather\average_annual_wind_profile.nc
文件是否存在: True
Using cached weather profiles.
--- Iteration 3: run_simulation returned. Processing results. ---
--- Iteration 3: Simulation Finished. Starting Investment Analysis (Case 3) ---
--- Iteration 3: Adding 5 assets with zero income to analysis ---
  ⚠ Warning: Found 3 assets with capacity > 10,000 MW:
      0.5c_battery: 48454.91 MW (asset_type: 0.5c_battery)
      CCGT: 28000.00 MW (asset_type: CCGT)
      onshore_Edinburgh: 10865.35 MW (asset_type: onshore)
✓ Fast investment analysis saved to C:\Users\86150\Desktop\five_scenario_include_uncertain_freq_cap_runs\05_future_base_2025_2035_20260719_base_cm_aligned_repd_virtual_pool_1000twh_scheme_c\investment_analysis_trace.sqlite
  System Cost: £28.21bn | Cost/MWh: £121.34
  📊 Total VRE profiles recorded for year 2027
      CAPACITY EXPANSION:
         - Solar: 23972.95 MW | Onshore: 14982.30 MW | Offshore: 20462.00 MW
         - Total VRE Capacity: 59417.25 MW
      GENERATION:
         - Total VRE Generation: 169.36 TWh
         - Total Thermal Generation: 63.15 TWh
         - Total Generation (VRE+Thermal): 232.51 TWh
         - Total Forecast Demand: 233.11 TWh
      EXCESS ANALYSIS:
         - Excess BEFORE storage/interconn: 0.04 TWh (VRE - Forecast)
         - Excess AFTER storage/interconn: 13.84 TWh (final excess)
         - Absorbed by storage/interconn: 0.00 TWh
         - Storage Capacity: 58765.99 MW
         - Excess/VRE Ratio (after): 8.17%
         - Excess/VRE Ratio (before): 0.02%
  📊 Edinburgh onshore wind generation recorded for year 2027 (Capacity: 10865.35 MW, Generation: 75796984.62 MWh)
✓ Checkpoint saved after 2027: C:\Users\86150\Desktop\five_scenario_include_uncertain_freq_cap_runs\05_future_base_2025_2035_20260719_base_cm_aligned_repd_virtual_pool_1000twh_scheme_c\checkpoints\future_base_2025_2035_checkpoint.pkl
    ⚠️ Batteries found in analysis but no investments recommended:
      - 0.25c_battery: Recommendation=Do_Nothing, ROI=0.0029, Net Revenue=7092378.95, Current Capacity=5894.76 MW
      - 0.5c_battery: Recommendation=Do_Nothing, ROI=0.0000, Net Revenue=49751.67, Current Capacity=48454.91 MW
      - 1c_battery: Recommendation=Do_Nothing, ROI=0.0010, Net Revenue=474762.64, Current Capacity=1473.69 MW

==================== YEAR 2028 (CASE 3) ====================
--- Year 2028: Updating Pumped Hydro capacity as per schedule to 3377.9 MW ---
--- Year 2028: Updating Pumped Hydro energy storage as per schedule to 30200 MWh ---
  📦 Projects completing in 2028: 78 (7049.53 MW)
      - External (REPD): 67 projects (6047.66 MW)
      - Model-driven: 11 projects (1001.87 MW)
    ✓ Updated 0.5c_battery: pool_limit 48454.91 → 48472.70 (+17.79 MW, per_pool_limit=24236.35 MWh/period from external)
    ✓ Updated 1c_battery: pool_limit 1473.69 → 1474.23 (+0.54 MW, per_pool_limit=737.12 MWh/period from external)
    ✓ Updated 0.25c_battery: pool_limit 5894.76 → 5896.92 (+2.16 MW, per_pool_limit=2948.46 MWh/period from external)
    ✓ Updated hydrogen_battery: pool_limit 14.74 → 14.74 (+0.01 MW, per_pool_limit=7.37 MWh/period from external)
    ✓ Updated 0.5c_battery: pool_limit 48472.70 → 48503.07 (+30.37 MW, per_pool_limit=24251.53 MWh/period from external)
    ✓ Updated 1c_battery: pool_limit 1474.23 → 1475.15 (+0.92 MW, per_pool_limit=737.58 MWh/period from external)
    ✓ Updated 0.25c_battery: pool_limit 5896.92 → 5900.62 (+3.69 MW, per_pool_limit=2950.31 MWh/period from external)
    ✓ Updated hydrogen_battery: pool_limit 14.74 → 14.75 (+0.01 MW, per_pool_limit=7.38 MWh/period from external)
    ✓ Updated 0.5c_battery: pool_limit 48503.07 → 48529.10 (+26.03 MW, per_pool_limit=24264.55 MWh/period from external)
    ✓ Updated 1c_battery: pool_limit 1475.15 → 1475.95 (+0.79 MW, per_pool_limit=737.97 MWh/period from external)
    ✓ Updated 0.25c_battery: pool_limit 5900.62 → 5903.78 (+3.17 MW, per_pool_limit=2951.89 MWh/period from external)
    ✓ Updated hydrogen_battery: pool_limit 14.75 → 14.76 (+0.01 MW, per_pool_limit=7.38 MWh/period from external)
    ✓ Updated 0.5c_battery: pool_limit 48529.10 → 48581.31 (+52.21 MW, per_pool_limit=24290.66 MWh/period from external)
    ✓ Updated 1c_battery: pool_limit 1475.95 → 1477.53 (+1.59 MW, per_pool_limit=738.77 MWh/period from external)
    ✓ Updated 0.25c_battery: pool_limit 5903.78 → 5910.14 (+6.35 MW, per_pool_limit=2955.07 MWh/period from external)
    ✓ Updated hydrogen_battery: pool_limit 14.76 → 14.78 (+0.02 MW, per_pool_limit=7.39 MWh/period from external)
    ✓ Updated 0.5c_battery: pool_limit 48581.31 → 48589.99 (+8.68 MW, per_pool_limit=24295.00 MWh/period from external)
    ✓ Updated 1c_battery: pool_limit 1477.53 → 1477.80 (+0.26 MW, per_pool_limit=738.90 MWh/period from external)
    ✓ Updated 0.25c_battery: pool_limit 5910.14 → 5911.19 (+1.06 MW, per_pool_limit=2955.60 MWh/period from external)
    ✓ Updated hydrogen_battery: pool_limit 14.78 → 14.78 (+0.00 MW, per_pool_limit=7.39 MWh/period from external)
    ✓ Updated 0.5c_battery: pool_limit 48589.99 → 48767.92 (+177.93 MW, per_pool_limit=24383.96 MWh/period from external)
    ✓ Updated 1c_battery: pool_limit 1477.80 → 1483.21 (+5.41 MW, per_pool_limit=741.60 MWh/period from external)
    ✓ Updated 0.25c_battery: pool_limit 5911.19 → 5932.84 (+21.65 MW, per_pool_limit=2966.42 MWh/period from external)
    ✓ Updated hydrogen_battery: pool_limit 14.78 → 14.83 (+0.05 MW, per_pool_limit=7.42 MWh/period from external)
    ✓ Updated 0.5c_battery: pool_limit 48767.92 → 48776.76 (+8.83 MW, per_pool_limit=24388.38 MWh/period from external)
    ✓ Updated 1c_battery: pool_limit 1483.21 → 1483.48 (+0.27 MW, per_pool_limit=741.74 MWh/period from external)
    ✓ Updated 0.25c_battery: pool_limit 5932.84 → 5933.91 (+1.07 MW, per_pool_limit=2966.96 MWh/period from external)
    ✓ Updated hydrogen_battery: pool_limit 14.83 → 14.83 (+0.00 MW, per_pool_limit=7.42 MWh/period from external)
    ✓ Updated 0.5c_battery: pool_limit 48776.76 → 48783.99 (+7.23 MW, per_pool_limit=24392.00 MWh/period from external)
    ✓ Updated 1c_battery: pool_limit 1483.48 → 1483.70 (+0.22 MW, per_pool_limit=741.85 MWh/period from external)
    ✓ Updated 0.25c_battery: pool_limit 5933.91 → 5934.79 (+0.88 MW, per_pool_limit=2967.40 MWh/period from external)
    ✓ Updated hydrogen_battery: pool_limit 14.83 → 14.84 (+0.00 MW, per_pool_limit=7.42 MWh/period from external)
    ✓ Updated 0.5c_battery: pool_limit 48783.99 → 48858.58 (+74.59 MW, per_pool_limit=24429.29 MWh/period from external)
    ✓ Updated 1c_battery: pool_limit 1483.70 → 1485.97 (+2.27 MW, per_pool_limit=742.98 MWh/period from external)
    ✓ Updated 0.25c_battery: pool_limit 5934.79 → 5943.87 (+9.07 MW, per_pool_limit=2971.93 MWh/period from external)
    ✓ Updated hydrogen_battery: pool_limit 14.84 → 14.86 (+0.02 MW, per_pool_limit=7.43 MWh/period from external)
    ✓ Updated 0.5c_battery: pool_limit 48858.58 → 48935.88 (+77.30 MW, per_pool_limit=24467.94 MWh/period from external)
    ✓ Updated 1c_battery: pool_limit 1485.97 → 1488.32 (+2.35 MW, per_pool_limit=744.16 MWh/period from external)
    ✓ Updated 0.25c_battery: pool_limit 5943.87 → 5953.27 (+9.40 MW, per_pool_limit=2976.63 MWh/period from external)
    ✓ Updated hydrogen_battery: pool_limit 14.86 → 14.88 (+0.02 MW, per_pool_limit=7.44 MWh/period from external)
    ✓ Updated 0.5c_battery: pool_limit 48935.88 → 48956.79 (+20.91 MW, per_pool_limit=24478.39 MWh/period from external)
    ✓ Updated 1c_battery: pool_limit 1488.32 → 1488.95 (+0.64 MW, per_pool_limit=744.48 MWh/period from external)
    ✓ Updated 0.25c_battery: pool_limit 5953.27 → 5955.81 (+2.54 MW, per_pool_limit=2977.91 MWh/period from external)
    ✓ Updated hydrogen_battery: pool_limit 14.88 → 14.89 (+0.01 MW, per_pool_limit=7.44 MWh/period from external)
    ✓ Updated 0.5c_battery: pool_limit 48956.79 → 48978.87 (+22.09 MW, per_pool_limit=24489.44 MWh/period from external)
    ✓ Updated 1c_battery: pool_limit 1488.95 → 1489.63 (+0.67 MW, per_pool_limit=744.81 MWh/period from external)
    ✓ Updated 0.25c_battery: pool_limit 5955.81 → 5958.50 (+2.69 MW, per_pool_limit=2979.25 MWh/period from external)
    ✓ Updated hydrogen_battery: pool_limit 14.89 → 14.90 (+0.01 MW, per_pool_limit=7.45 MWh/period from external)
    ✓ Updated 0.5c_battery: pool_limit 48978.87 → 49012.43 (+33.56 MW, per_pool_limit=24506.22 MWh/period from external)
    ✓ Updated 1c_battery: pool_limit 1489.63 → 1490.65 (+1.02 MW, per_pool_limit=745.32 MWh/period from external)
    ✓ Updated 0.25c_battery: pool_limit 5958.50 → 5962.58 (+4.08 MW, per_pool_limit=2981.29 MWh/period from external)
    ✓ Updated hydrogen_battery: pool_limit 14.90 → 14.91 (+0.01 MW, per_pool_limit=7.45 MWh/period from external)
    ✓ Updated 0.5c_battery: pool_limit 49012.43 → 49019.67 (+7.23 MW, per_pool_limit=24509.83 MWh/period from external)
    ✓ Updated 1c_battery: pool_limit 1490.65 → 1490.87 (+0.22 MW, per_pool_limit=745.43 MWh/period from external)
    ✓ Updated 0.25c_battery: pool_limit 5962.58 → 5963.46 (+0.88 MW, per_pool_limit=2981.73 MWh/period from external)
    ✓ Updated hydrogen_battery: pool_limit 14.91 → 14.91 (+0.00 MW, per_pool_limit=7.45 MWh/period from external)
    ✓ Updated 0.5c_battery: pool_limit 49019.67 → 49053.49 (+33.82 MW, per_pool_limit=24526.75 MWh/period from external)
    ✓ Updated 1c_battery: pool_limit 1490.87 → 1491.89 (+1.03 MW, per_pool_limit=745.95 MWh/period from external)
    ✓ Updated 0.25c_battery: pool_limit 5963.46 → 5967.58 (+4.11 MW, per_pool_limit=2983.79 MWh/period from external)
    ✓ Updated hydrogen_battery: pool_limit 14.91 → 14.92 (+0.01 MW, per_pool_limit=7.46 MWh/period from external)
    ✓ Updated 0.5c_battery: pool_limit 49053.49 → 49133.44 (+79.95 MW, per_pool_limit=24566.72 MWh/period from external)
    ✓ Updated 1c_battery: pool_limit 1491.89 → 1494.33 (+2.43 MW, per_pool_limit=747.16 MWh/period from external)
    ✓ Updated 0.25c_battery: pool_limit 5967.58 → 5977.30 (+9.73 MW, per_pool_limit=2988.65 MWh/period from external)
    ✓ Updated hydrogen_battery: pool_limit 14.92 → 14.94 (+0.02 MW, per_pool_limit=7.47 MWh/period from external)
    ✓ Updated 0.5c_battery: pool_limit 49133.44 → 49159.21 (+25.77 MW, per_pool_limit=24579.60 MWh/period from external)
    ✓ Updated 1c_battery: pool_limit 1494.33 → 1495.11 (+0.78 MW, per_pool_limit=747.55 MWh/period from external)
    ✓ Updated 0.25c_battery: pool_limit 5977.30 → 5980.44 (+3.13 MW, per_pool_limit=2990.22 MWh/period from external)
    ✓ Updated hydrogen_battery: pool_limit 14.94 → 14.95 (+0.01 MW, per_pool_limit=7.48 MWh/period from external)
    ✓ Updated 0.5c_battery: pool_limit 49159.21 → 49230.67 (+71.46 MW, per_pool_limit=24615.34 MWh/period from external)
    ✓ Updated 1c_battery: pool_limit 1495.11 → 1497.28 (+2.17 MW, per_pool_limit=748.64 MWh/period from external)
    ✓ Updated 0.25c_battery: pool_limit 5980.44 → 5989.13 (+8.69 MW, per_pool_limit=2994.57 MWh/period from external)
    ✓ Updated hydrogen_battery: pool_limit 14.95 → 14.97 (+0.02 MW, per_pool_limit=7.49 MWh/period from external)
    ✓ Updated 0.5c_battery: pool_limit 49230.67 → 49267.41 (+36.74 MW, per_pool_limit=24633.70 MWh/period from external)
    ✓ Updated 1c_battery: pool_limit 1497.28 → 1498.40 (+1.12 MW, per_pool_limit=749.20 MWh/period from external)
    ✓ Updated 0.25c_battery: pool_limit 5989.13 → 5993.60 (+4.47 MW, per_pool_limit=2996.80 MWh/period from external)
    ✓ Updated hydrogen_battery: pool_limit 14.97 → 14.98 (+0.01 MW, per_pool_limit=7.49 MWh/period from external)
    ✓ Updated 0.5c_battery: pool_limit 49267.41 → 49304.15 (+36.74 MW, per_pool_limit=24652.07 MWh/period from external)
    ✓ Updated 1c_battery: pool_limit 1498.40 → 1499.52 (+1.12 MW, per_pool_limit=749.76 MWh/period from external)
    ✓ Updated 0.25c_battery: pool_limit 5993.60 → 5998.07 (+4.47 MW, per_pool_limit=2999.04 MWh/period from external)
    ✓ Updated hydrogen_battery: pool_limit 14.98 → 15.00 (+0.01 MW, per_pool_limit=7.50 MWh/period from external)
    ✓ Updated 0.5c_battery: pool_limit 49304.15 → 49326.23 (+22.09 MW, per_pool_limit=24663.12 MWh/period from external)
    ✓ Updated 1c_battery: pool_limit 1499.52 → 1500.19 (+0.67 MW, per_pool_limit=750.09 MWh/period from external)
    ✓ Updated 0.25c_battery: pool_limit 5998.07 → 6000.76 (+2.69 MW, per_pool_limit=3000.38 MWh/period from external)
    ✓ Updated hydrogen_battery: pool_limit 15.00 → 15.00 (+0.01 MW, per_pool_limit=7.50 MWh/period from external)
    ✓ Updated 0.5c_battery: pool_limit 49326.23 → 49509.54 (+183.31 MW, per_pool_limit=24754.77 MWh/period from external)
    ✓ Updated 1c_battery: pool_limit 1500.19 → 1505.76 (+5.58 MW, per_pool_limit=752.88 MWh/period from external)
    ✓ Updated 0.25c_battery: pool_limit 6000.76 → 6023.06 (+22.30 MW, per_pool_limit=3011.53 MWh/period from external)
    ✓ Updated hydrogen_battery: pool_limit 15.00 → 15.06 (+0.06 MW, per_pool_limit=7.53 MWh/period from external)
    ✓ Updated 0.5c_battery: pool_limit 49509.54 → 49581.86 (+72.31 MW, per_pool_limit=24790.93 MWh/period from external)
    ✓ Updated 1c_battery: pool_limit 1505.76 → 1507.96 (+2.20 MW, per_pool_limit=753.98 MWh/period from external)
    ✓ Updated 0.25c_battery: pool_limit 6023.06 → 6031.86 (+8.80 MW, per_pool_limit=3015.93 MWh/period from external)
    ✓ Updated hydrogen_battery: pool_limit 15.06 → 15.08 (+0.02 MW, per_pool_limit=7.54 MWh/period from external)
    ✓ Updated 0.5c_battery: pool_limit 49581.86 → 49603.55 (+21.69 MW, per_pool_limit=24801.78 MWh/period from external)
    ✓ Updated 1c_battery: pool_limit 1507.96 → 1508.62 (+0.66 MW, per_pool_limit=754.31 MWh/period from external)
    ✓ Updated 0.25c_battery: pool_limit 6031.86 → 6034.50 (+2.64 MW, per_pool_limit=3017.25 MWh/period from external)
    ✓ Updated hydrogen_battery: pool_limit 15.08 → 15.09 (+0.01 MW, per_pool_limit=7.54 MWh/period from external)
    ✓ Updated 0.5c_battery: pool_limit 49603.55 → 49623.85 (+20.29 MW, per_pool_limit=24811.92 MWh/period from external)
    ✓ Updated 1c_battery: pool_limit 1508.62 → 1509.24 (+0.62 MW, per_pool_limit=754.62 MWh/period from external)
    ✓ Updated 0.25c_battery: pool_limit 6034.50 → 6036.96 (+2.47 MW, per_pool_limit=3018.48 MWh/period from external)
    ✓ Updated hydrogen_battery: pool_limit 15.09 → 15.09 (+0.01 MW, per_pool_limit=7.55 MWh/period from external)
    ✓ Updated 0.5c_battery: pool_limit 49623.85 → 49641.65 (+17.80 MW, per_pool_limit=24820.82 MWh/period from external)
    ✓ Updated 1c_battery: pool_limit 1509.24 → 1509.78 (+0.54 MW, per_pool_limit=754.89 MWh/period from external)
    ✓ Updated 0.25c_battery: pool_limit 6036.96 → 6039.13 (+2.17 MW, per_pool_limit=3019.57 MWh/period from external)
    ✓ Updated hydrogen_battery: pool_limit 15.09 → 15.10 (+0.01 MW, per_pool_limit=7.55 MWh/period from external)
    ✓ Updated 0.5c_battery: pool_limit 49641.65 → 49719.69 (+78.04 MW, per_pool_limit=24859.84 MWh/period from external)
    ✓ Updated 1c_battery: pool_limit 1509.78 → 1512.16 (+2.37 MW, per_pool_limit=756.08 MWh/period from external)
    ✓ Updated 0.25c_battery: pool_limit 6039.13 → 6048.62 (+9.49 MW, per_pool_limit=3024.31 MWh/period from external)
    ✓ Updated hydrogen_battery: pool_limit 15.10 → 15.12 (+0.02 MW, per_pool_limit=7.56 MWh/period from external)
    ✓ Updated 0.5c_battery: pool_limit 49719.69 → 49727.05 (+7.36 MW, per_pool_limit=24863.52 MWh/period from external)
    ✓ Updated 1c_battery: pool_limit 1512.16 → 1512.38 (+0.22 MW, per_pool_limit=756.19 MWh/period from external)
    ✓ Updated 0.25c_battery: pool_limit 6048.62 → 6049.52 (+0.90 MW, per_pool_limit=3024.76 MWh/period from external)
    ✓ Updated hydrogen_battery: pool_limit 15.12 → 15.12 (+0.00 MW, per_pool_limit=7.56 MWh/period from external)
    ✓ Updated 0.5c_battery: pool_limit 49727.05 → 49736.63 (+9.58 MW, per_pool_limit=24868.31 MWh/period from external)
    ✓ Updated 1c_battery: pool_limit 1512.38 → 1512.67 (+0.29 MW, per_pool_limit=756.34 MWh/period from external)
    ✓ Updated 0.25c_battery: pool_limit 6049.52 → 6050.68 (+1.17 MW, per_pool_limit=3025.34 MWh/period from external)
    ✓ Updated hydrogen_battery: pool_limit 15.12 → 15.13 (+0.00 MW, per_pool_limit=7.56 MWh/period from external)
    ✓ Updated 0.5c_battery: pool_limit 49736.63 → 49790.75 (+54.12 MW, per_pool_limit=24895.37 MWh/period from external)
    ✓ Updated 1c_battery: pool_limit 1512.67 → 1514.32 (+1.65 MW, per_pool_limit=757.16 MWh/period from external)
    ✓ Updated 0.25c_battery: pool_limit 6050.68 → 6057.27 (+6.58 MW, per_pool_limit=3028.63 MWh/period from external)
    ✓ Updated hydrogen_battery: pool_limit 15.13 → 15.14 (+0.02 MW, per_pool_limit=7.57 MWh/period from external)
    ✓ Updated 0.5c_battery: pool_limit 49790.75 → 49812.44 (+21.69 MW, per_pool_limit=24906.22 MWh/period from external)
    ✓ Updated 1c_battery: pool_limit 1514.32 → 1514.98 (+0.66 MW, per_pool_limit=757.49 MWh/period from external)
    ✓ Updated 0.25c_battery: pool_limit 6057.27 → 6059.91 (+2.64 MW, per_pool_limit=3029.95 MWh/period from external)
    ✓ Updated hydrogen_battery: pool_limit 15.14 → 15.15 (+0.01 MW, per_pool_limit=7.57 MWh/period from external)
    ✓ Updated 0.5c_battery: pool_limit 49812.44 → 49855.74 (+43.30 MW, per_pool_limit=24927.87 MWh/period from external)
    ✓ Updated 1c_battery: pool_limit 1514.98 → 1516.29 (+1.32 MW, per_pool_limit=758.15 MWh/period from external)
    ✓ Updated 0.25c_battery: pool_limit 6059.91 → 6065.18 (+5.27 MW, per_pool_limit=3032.59 MWh/period from external)
    ✓ Updated hydrogen_battery: pool_limit 15.15 → 15.16 (+0.01 MW, per_pool_limit=7.58 MWh/period from external)
    ✓ Updated 0.5c_battery: pool_limit 49855.74 → 49982.73 (+126.99 MW, per_pool_limit=24991.37 MWh/period from external)
    ✓ Updated 1c_battery: pool_limit 1516.29 → 1520.16 (+3.86 MW, per_pool_limit=760.08 MWh/period from external)
    ✓ Updated 0.25c_battery: pool_limit 6065.18 → 6080.62 (+15.45 MW, per_pool_limit=3040.31 MWh/period from external)
    ✓ Updated hydrogen_battery: pool_limit 15.16 → 15.20 (+0.04 MW, per_pool_limit=7.60 MWh/period from external)
    ✓ Updated 0.5c_battery: pool_limit 49982.73 → 50290.65 (+307.92 MW, per_pool_limit=25145.33 MWh/period from external)
    ✓ Updated 1c_battery: pool_limit 1520.16 → 1529.52 (+9.36 MW, per_pool_limit=764.76 MWh/period from external)
    ✓ Updated 0.25c_battery: pool_limit 6080.62 → 6118.08 (+37.46 MW, per_pool_limit=3059.04 MWh/period from external)
    ✓ Updated hydrogen_battery: pool_limit 15.20 → 15.30 (+0.09 MW, per_pool_limit=7.65 MWh/period from external)
    ✓ Updated 0.5c_battery: pool_limit 50290.65 → 50327.39 (+36.74 MW, per_pool_limit=25163.70 MWh/period from external)
    ✓ Updated 1c_battery: pool_limit 1529.52 → 1530.64 (+1.12 MW, per_pool_limit=765.32 MWh/period from external)
    ✓ Updated 0.25c_battery: pool_limit 6118.08 → 6122.55 (+4.47 MW, per_pool_limit=3061.28 MWh/period from external)
    ✓ Updated hydrogen_battery: pool_limit 15.30 → 15.31 (+0.01 MW, per_pool_limit=7.65 MWh/period from external)
    ✓ Updated 0.5c_battery: pool_limit 50327.39 → 50349.48 (+22.09 MW, per_pool_limit=25174.74 MWh/period from external)
    ✓ Updated 1c_battery: pool_limit 1530.64 → 1531.31 (+0.67 MW, per_pool_limit=765.66 MWh/period from external)
    ✓ Updated 0.25c_battery: pool_limit 6122.55 → 6125.24 (+2.69 MW, per_pool_limit=3062.62 MWh/period from external)
    ✓ Updated hydrogen_battery: pool_limit 15.31 → 15.31 (+0.01 MW, per_pool_limit=7.66 MWh/period from external)
    ✓ Updated 0.5c_battery: pool_limit 50349.48 → 50413.60 (+64.12 MW, per_pool_limit=25206.80 MWh/period from external)
    ✓ Updated 1c_battery: pool_limit 1531.31 → 1533.26 (+1.95 MW, per_pool_limit=766.63 MWh/period from external)
    ✓ Updated 0.25c_battery: pool_limit 6125.24 → 6133.04 (+7.80 MW, per_pool_limit=3066.52 MWh/period from external)
    ✓ Updated hydrogen_battery: pool_limit 15.31 → 15.33 (+0.02 MW, per_pool_limit=7.67 MWh/period from external)
    ✓ Updated 0.5c_battery: pool_limit 50413.60 → 50433.33 (+19.73 MW, per_pool_limit=25216.67 MWh/period from external)
    ✓ Updated 1c_battery: pool_limit 1533.26 → 1533.86 (+0.60 MW, per_pool_limit=766.93 MWh/period from external)
    ✓ Updated 0.25c_battery: pool_limit 6133.04 → 6135.44 (+2.40 MW, per_pool_limit=3067.72 MWh/period from external)
    ✓ Updated hydrogen_battery: pool_limit 15.33 → 15.34 (+0.01 MW, per_pool_limit=7.67 MWh/period from external)
    ✓ Updated 0.5c_battery: pool_limit 50433.33 → 50436.95 (+3.62 MW, per_pool_limit=25218.47 MWh/period from external)
    ✓ Updated 1c_battery: pool_limit 1533.86 → 1533.97 (+0.11 MW, per_pool_limit=766.99 MWh/period from external)
    ✓ Updated 0.25c_battery: pool_limit 6135.44 → 6135.88 (+0.44 MW, per_pool_limit=3067.94 MWh/period from external)
    ✓ Updated hydrogen_battery: pool_limit 15.34 → 15.34 (+0.00 MW, per_pool_limit=7.67 MWh/period from external)
    ✓ Updated 0.5c_battery: pool_limit 50436.95 → 50560.26 (+123.32 MW, per_pool_limit=25280.13 MWh/period from external)
    ✓ Updated 1c_battery: pool_limit 1533.97 → 1537.72 (+3.75 MW, per_pool_limit=768.86 MWh/period from external)
    ✓ Updated 0.25c_battery: pool_limit 6135.88 → 6150.88 (+15.00 MW, per_pool_limit=3075.44 MWh/period from external)
    ✓ Updated hydrogen_battery: pool_limit 15.34 → 15.38 (+0.04 MW, per_pool_limit=7.69 MWh/period from external)
    ✓ Updated 0.5c_battery: pool_limit 50560.26 → 50625.21 (+64.95 MW, per_pool_limit=25312.60 MWh/period from external)
    ✓ Updated 1c_battery: pool_limit 1537.72 → 1539.70 (+1.98 MW, per_pool_limit=769.85 MWh/period from external)
    ✓ Updated 0.25c_battery: pool_limit 6150.88 → 6158.78 (+7.90 MW, per_pool_limit=3079.39 MWh/period from external)
    ✓ Updated hydrogen_battery: pool_limit 15.38 → 15.40 (+0.02 MW, per_pool_limit=7.70 MWh/period from external)
    ✓ Updated 0.5c_battery: pool_limit 50625.21 → 50735.64 (+110.43 MW, per_pool_limit=25367.82 MWh/period from external)
    ✓ Updated 1c_battery: pool_limit 1539.70 → 1543.05 (+3.36 MW, per_pool_limit=771.53 MWh/period from external)
    ✓ Updated 0.25c_battery: pool_limit 6158.78 → 6172.22 (+13.43 MW, per_pool_limit=3086.11 MWh/period from external)
    ✓ Updated hydrogen_battery: pool_limit 15.40 → 15.43 (+0.03 MW, per_pool_limit=7.72 MWh/period from external)
    ✓ Updated 0.5c_battery: pool_limit 50735.64 → 50743.26 (+7.63 MW, per_pool_limit=25371.63 MWh/period from external)
    ✓ Updated 1c_battery: pool_limit 1543.05 → 1543.29 (+0.23 MW, per_pool_limit=771.64 MWh/period from external)
    ✓ Updated 0.25c_battery: pool_limit 6172.22 → 6173.15 (+0.93 MW, per_pool_limit=3086.57 MWh/period from external)
    ✓ Updated hydrogen_battery: pool_limit 15.43 → 15.43 (+0.00 MW, per_pool_limit=7.72 MWh/period from external)
    ✓ Updated 0.5c_battery: pool_limit 50743.26 → 50784.48 (+41.22 MW, per_pool_limit=25392.24 MWh/period from external)
    ✓ Updated 1c_battery: pool_limit 1543.29 → 1544.54 (+1.25 MW, per_pool_limit=772.27 MWh/period from external)
    ✓ Updated 0.25c_battery: pool_limit 6173.15 → 6178.16 (+5.01 MW, per_pool_limit=3089.08 MWh/period from external)
    ✓ Updated hydrogen_battery: pool_limit 15.43 → 15.45 (+0.01 MW, per_pool_limit=7.72 MWh/period from external)
    ✓ Updated 0.5c_battery: pool_limit 50784.48 → 50821.22 (+36.74 MW, per_pool_limit=25410.61 MWh/period from external)
    ✓ Updated 1c_battery: pool_limit 1544.54 → 1545.66 (+1.12 MW, per_pool_limit=772.83 MWh/period from external)
    ✓ Updated 0.25c_battery: pool_limit 6178.16 → 6182.63 (+4.47 MW, per_pool_limit=3091.32 MWh/period from external)
    ✓ Updated hydrogen_battery: pool_limit 15.45 → 15.46 (+0.01 MW, per_pool_limit=7.73 MWh/period from external)
    ✓ Updated 0.5c_battery: pool_limit 50821.22 → 50881.23 (+60.01 MW, per_pool_limit=25440.62 MWh/period from external)
    ✓ Updated 1c_battery: pool_limit 1545.66 → 1547.48 (+1.83 MW, per_pool_limit=773.74 MWh/period from external)
    ✓ Updated 0.25c_battery: pool_limit 6182.63 → 6189.93 (+7.30 MW, per_pool_limit=3094.97 MWh/period from external)
    ✓ Updated hydrogen_battery: pool_limit 15.46 → 15.47 (+0.02 MW, per_pool_limit=7.74 MWh/period from external)
    ✓ Updated 0.5c_battery: pool_limit 50881.23 → 50884.91 (+3.68 MW, per_pool_limit=25442.46 MWh/period from external)
    ✓ Updated 1c_battery: pool_limit 1547.48 → 1547.59 (+0.11 MW, per_pool_limit=773.80 MWh/period from external)
    ✓ Updated 0.25c_battery: pool_limit 6189.93 → 6190.38 (+0.45 MW, per_pool_limit=3095.19 MWh/period from external)
    ✓ Updated hydrogen_battery: pool_limit 15.47 → 15.48 (+0.00 MW, per_pool_limit=7.74 MWh/period from external)
    ✓ Updated 0.5c_battery: pool_limit 50884.91 → 51011.91 (+126.99 MW, per_pool_limit=25505.95 MWh/period from external)
    ✓ Updated 1c_battery: pool_limit 1547.59 → 1551.46 (+3.86 MW, per_pool_limit=775.73 MWh/period from external)
    ✓ Updated 0.25c_battery: pool_limit 6190.38 → 6205.83 (+15.45 MW, per_pool_limit=3102.91 MWh/period from external)
    ✓ Updated hydrogen_battery: pool_limit 15.48 → 15.51 (+0.04 MW, per_pool_limit=7.76 MWh/period from external)
    ✓ Updated 0.5c_battery: pool_limit 51011.91 → 51078.88 (+66.97 MW, per_pool_limit=25539.44 MWh/period from external)
    ✓ Updated 1c_battery: pool_limit 1551.46 → 1553.49 (+2.04 MW, per_pool_limit=776.75 MWh/period from external)
    ✓ Updated 0.25c_battery: pool_limit 6205.83 → 6213.98 (+8.15 MW, per_pool_limit=3106.99 MWh/period from external)
    ✓ Updated hydrogen_battery: pool_limit 15.51 → 15.53 (+0.02 MW, per_pool_limit=7.77 MWh/period from external)
    ✓ Updated 0.5c_battery: pool_limit 51078.88 → 51115.72 (+36.84 MW, per_pool_limit=25557.86 MWh/period from external)
    ✓ Updated 1c_battery: pool_limit 1553.49 → 1554.61 (+1.12 MW, per_pool_limit=777.31 MWh/period from external)
    ✓ Updated 0.25c_battery: pool_limit 6213.98 → 6218.46 (+4.48 MW, per_pool_limit=3109.23 MWh/period from external)
    ✓ Updated hydrogen_battery: pool_limit 15.53 → 15.55 (+0.01 MW, per_pool_limit=7.77 MWh/period from external)
    ✓ Updated 0.5c_battery: pool_limit 51115.72 → 51137.16 (+21.44 MW, per_pool_limit=25568.58 MWh/period from external)
    ✓ Updated 1c_battery: pool_limit 1554.61 → 1555.27 (+0.65 MW, per_pool_limit=777.63 MWh/period from external)
    ✓ Updated 0.25c_battery: pool_limit 6218.46 → 6221.07 (+2.61 MW, per_pool_limit=3110.53 MWh/period from external)
    ✓ Updated hydrogen_battery: pool_limit 15.55 → 15.55 (+0.01 MW, per_pool_limit=7.78 MWh/period from external)
    ✓ Updated 0.5c_battery: pool_limit 51137.16 → 51154.96 (+17.80 MW, per_pool_limit=25577.48 MWh/period from external)
    ✓ Updated 1c_battery: pool_limit 1555.27 → 1555.81 (+0.54 MW, per_pool_limit=777.90 MWh/period from external)
    ✓ Updated 0.25c_battery: pool_limit 6221.07 → 6223.23 (+2.17 MW, per_pool_limit=3111.62 MWh/period from external)
    ✓ Updated hydrogen_battery: pool_limit 15.55 → 15.56 (+0.01 MW, per_pool_limit=7.78 MWh/period from external)
    ✓ Updated 0.5c_battery: pool_limit 51154.96 → 51281.45 (+126.49 MW, per_pool_limit=25640.72 MWh/period from external)
    ✓ Updated 1c_battery: pool_limit 1555.81 → 1559.65 (+3.85 MW, per_pool_limit=779.83 MWh/period from external)
    ✓ Updated 0.25c_battery: pool_limit 6223.23 → 6238.62 (+15.39 MW, per_pool_limit=3119.31 MWh/period from external)
    ✓ Updated hydrogen_battery: pool_limit 15.56 → 15.60 (+0.04 MW, per_pool_limit=7.80 MWh/period from external)
    ✓ Updated 0.5c_battery: pool_limit 51281.45 → 51303.14 (+21.69 MW, per_pool_limit=25651.57 MWh/period from external)
    ✓ Updated 1c_battery: pool_limit 1559.65 → 1560.31 (+0.66 MW, per_pool_limit=780.16 MWh/period from external)
    ✓ Updated 0.25c_battery: pool_limit 6238.62 → 6241.26 (+2.64 MW, per_pool_limit=3120.63 MWh/period from external)
    ✓ Updated hydrogen_battery: pool_limit 15.60 → 15.60 (+0.01 MW, per_pool_limit=7.80 MWh/period from external)
    ✓ Updated 0.5c_battery: pool_limit 51303.14 → 51346.53 (+43.39 MW, per_pool_limit=25673.27 MWh/period from external)
    ✓ Updated 1c_battery: pool_limit 1560.31 → 1561.63 (+1.32 MW, per_pool_limit=780.82 MWh/period from external)
    ✓ Updated 0.25c_battery: pool_limit 6241.26 → 6246.54 (+5.28 MW, per_pool_limit=3123.27 MWh/period from external)
    ✓ Updated hydrogen_battery: pool_limit 15.60 → 15.62 (+0.01 MW, per_pool_limit=7.81 MWh/period from external)
    ✓ Updated 0.5c_battery: pool_limit 51346.53 → 51489.46 (+142.93 MW, per_pool_limit=25744.73 MWh/period from external)
    ✓ Updated 1c_battery: pool_limit 1561.63 → 1565.98 (+4.35 MW, per_pool_limit=782.99 MWh/period from external)
    ✓ Updated 0.25c_battery: pool_limit 6246.54 → 6263.92 (+17.39 MW, per_pool_limit=3131.96 MWh/period from external)
    ✓ Updated hydrogen_battery: pool_limit 15.62 → 15.66 (+0.04 MW, per_pool_limit=7.83 MWh/period from external)
    ✓ Updated 0.5c_battery: pool_limit 51489.46 → 51574.02 (+84.56 MW, per_pool_limit=25787.01 MWh/period from external)
    ✓ Updated 1c_battery: pool_limit 1565.98 → 1568.55 (+2.57 MW, per_pool_limit=784.28 MWh/period from external)
    ✓ Updated 0.25c_battery: pool_limit 6263.92 → 6274.21 (+10.29 MW, per_pool_limit=3137.11 MWh/period from external)
    ✓ Updated hydrogen_battery: pool_limit 15.66 → 15.69 (+0.03 MW, per_pool_limit=7.84 MWh/period from external)
    ✓ Updated 0.5c_battery: pool_limit 51574.02 → 51646.33 (+72.31 MW, per_pool_limit=25823.17 MWh/period from external)
    ✓ Updated 1c_battery: pool_limit 1568.55 → 1570.75 (+2.20 MW, per_pool_limit=785.38 MWh/period from external)
    ✓ Updated 0.25c_battery: pool_limit 6274.21 → 6283.01 (+8.80 MW, per_pool_limit=3141.50 MWh/period from external)
    ✓ Updated hydrogen_battery: pool_limit 15.69 → 15.71 (+0.02 MW, per_pool_limit=7.85 MWh/period from external)
    ✓ Updated 0.5c_battery: pool_limit 51646.33 → 51654.86 (+8.52 MW, per_pool_limit=25827.43 MWh/period from external)
    ✓ Updated 1c_battery: pool_limit 1570.75 → 1571.01 (+0.26 MW, per_pool_limit=785.51 MWh/period from external)
    ✓ Updated 0.25c_battery: pool_limit 6283.01 → 6284.05 (+1.04 MW, per_pool_limit=3142.02 MWh/period from external)
    ✓ Updated hydrogen_battery: pool_limit 15.71 → 15.71 (+0.00 MW, per_pool_limit=7.86 MWh/period from external)
    ✓ Updated 0.5c_battery: pool_limit 51654.86 → 51686.54 (+31.68 MW, per_pool_limit=25843.27 MWh/period from external)
    ✓ Updated 1c_battery: pool_limit 1571.01 → 1571.98 (+0.96 MW, per_pool_limit=785.99 MWh/period from external)
    ✓ Updated 0.25c_battery: pool_limit 6284.05 → 6287.90 (+3.85 MW, per_pool_limit=3143.95 MWh/period from external)
    ✓ Updated hydrogen_battery: pool_limit 15.71 → 15.72 (+0.01 MW, per_pool_limit=7.86 MWh/period from external)
    ✓ Updated 0.5c_battery: pool_limit 51686.54 → 51722.70 (+36.16 MW, per_pool_limit=25861.35 MWh/period from external)
    ✓ Updated 1c_battery: pool_limit 1571.98 → 1573.07 (+1.10 MW, per_pool_limit=786.54 MWh/period from external)
    ✓ Updated 0.25c_battery: pool_limit 6287.90 → 6292.30 (+4.40 MW, per_pool_limit=3146.15 MWh/period from external)
    ✓ Updated hydrogen_battery: pool_limit 15.72 → 15.73 (+0.01 MW, per_pool_limit=7.87 MWh/period from external)
    ✓ Updated 0.5c_battery: pool_limit 51722.70 → 51754.45 (+31.75 MW, per_pool_limit=25877.22 MWh/period from external)
    ✓ Updated 1c_battery: pool_limit 1573.07 → 1574.04 (+0.97 MW, per_pool_limit=787.02 MWh/period from external)
    ✓ Updated 0.25c_battery: pool_limit 6292.30 → 6296.16 (+3.86 MW, per_pool_limit=3148.08 MWh/period from external)
    ✓ Updated hydrogen_battery: pool_limit 15.73 → 15.74 (+0.01 MW, per_pool_limit=7.87 MWh/period from external)
    ✓ Updated 0.5c_battery: pool_limit 51754.45 → 51836.66 (+82.21 MW, per_pool_limit=25918.33 MWh/period from external)
    ✓ Updated 1c_battery: pool_limit 1574.04 → 1576.54 (+2.50 MW, per_pool_limit=788.27 MWh/period from external)
    ✓ Updated 0.25c_battery: pool_limit 6296.16 → 6306.16 (+10.00 MW, per_pool_limit=3153.08 MWh/period from external)
    ✓ Updated hydrogen_battery: pool_limit 15.74 → 15.77 (+0.03 MW, per_pool_limit=7.88 MWh/period from external)
    ✓ Updated 0.5c_battery: pool_limit 51836.66 → 51904.31 (+67.65 MW, per_pool_limit=25952.15 MWh/period from external)
    ✓ Updated 1c_battery: pool_limit 1576.54 → 1578.60 (+2.06 MW, per_pool_limit=789.30 MWh/period from external)
    ✓ Updated 0.25c_battery: pool_limit 6306.16 → 6314.39 (+8.23 MW, per_pool_limit=3157.20 MWh/period from external)
    ✓ Updated hydrogen_battery: pool_limit 15.77 → 15.79 (+0.02 MW, per_pool_limit=7.89 MWh/period from external)
    ✓ Updated 0.5c_battery: pool_limit 51904.31 → 51941.60 (+37.29 MW, per_pool_limit=25970.80 MWh/period from external)
    ✓ Updated 1c_battery: pool_limit 1578.60 → 1579.73 (+1.13 MW, per_pool_limit=789.87 MWh/period from external)
    ✓ Updated 0.25c_battery: pool_limit 6314.39 → 6318.93 (+4.54 MW, per_pool_limit=3159.46 MWh/period from external)
    ✓ Updated hydrogen_battery: pool_limit 15.79 → 15.80 (+0.01 MW, per_pool_limit=7.90 MWh/period from external)
    ✓ Updated 0.5c_battery: pool_limit 51941.60 → 51967.37 (+25.77 MW, per_pool_limit=25983.68 MWh/period from external)
    ✓ Updated 1c_battery: pool_limit 1579.73 → 1580.52 (+0.78 MW, per_pool_limit=790.26 MWh/period from external)
    ✓ Updated 0.25c_battery: pool_limit 6318.93 → 6322.06 (+3.13 MW, per_pool_limit=3161.03 MWh/period from external)
    ✓ Updated hydrogen_battery: pool_limit 15.80 → 15.81 (+0.01 MW, per_pool_limit=7.90 MWh/period from external)
    📊 Allocating 2000.00 MW offshore capacity (no location data) across 21 generators (total existing: 20462.00 MW)
      ✓ offshore1: 452.1MW → 496.2MW (+44.19 MW, 2.21% share, proportional)
      ✓ offshore10: 667.7MW → 733.0MW (+65.26 MW, 3.26% share, proportional)
      ✓ offshore11: 557.6MW → 612.1MW (+54.50 MW, 2.72% share, proportional)
      ✓ offshore12: 819.7MW → 899.8MW (+80.11 MW, 4.01% share, proportional)
      ✓ offshore13: 1078.9MW → 1184.4MW (+105.46 MW, 5.27% share, proportional)
      ✓ offshore15: 1770.1MW → 1943.1MW (+173.01 MW, 8.65% share, proportional)
      ✓ offshore16: 1174.6MW → 1289.4MW (+114.80 MW, 5.74% share, proportional)
      ✓ offshore17: 1380.0MW → 1514.9MW (+134.89 MW, 6.74% share, proportional)
      ✓ offshore18: 1497.1MW → 1643.4MW (+146.33 MW, 7.32% share, proportional)
      ✓ offshore2: 255.9MW → 280.9MW (+25.02 MW, 1.25% share, proportional)
      ✓ offshore20: 86.4MW → 94.9MW (+8.45 MW, 0.42% share, proportional)
      ✓ offshore21: 1636.5MW → 1796.5MW (+159.96 MW, 8.00% share, proportional)
      ✓ offshore3: 3537.9MW → 3883.7MW (+345.80 MW, 17.29% share, proportional)
      ✓ offshore5: 451.6MW → 495.8MW (+44.14 MW, 2.21% share, proportional)
      ✓ offshore6: 1194.6MW → 1311.4MW (+116.77 MW, 5.84% share, proportional)
      ✓ offshore7: 1296.4MW → 1423.1MW (+126.71 MW, 6.34% share, proportional)
      ✓ offshore8: 1739.2MW → 1909.2MW (+170.00 MW, 8.50% share, proportional)
      ✓ offshore9: 865.7MW → 950.3MW (+84.61 MW, 4.23% share, proportional)
      ✓ solar_Bournemouth: 3603.9MW → 3803.7MW (+199.78 MW, location-based assignment, distance: N/A km)
      ✓ solar_Cardiff: 1567.6MW → 1632.4MW (+64.73 MW, location-based assignment, distance: N/A km)
      ✓ solar_Edinburgh: 1440.9MW → 1478.2MW (+37.37 MW, location-based assignment, distance: N/A km)
      ✓ solar_Ipswich: 3064.9MW → 3214.5MW (+149.58 MW, location-based assignment, distance: N/A km)
      ✓ solar_London: 64.2MW → 65.4MW (+1.25 MW, location-based assignment, distance: N/A km)
      ✓ solar_Manchester: 619.2MW → 641.7MW (+22.50 MW, location-based assignment, distance: N/A km)
      ✓ solar_Newcastle: 714.6MW → 734.8MW (+20.29 MW, location-based assignment, distance: N/A km)
      ✓ solar_Nottingham: 4908.2MW → 5039.5MW (+131.31 MW, location-based assignment, distance: N/A km)
      ✓ solar_Portsmouth: 4195.1MW → 4417.9MW (+222.76 MW, location-based assignment, distance: N/A km)
      ✓ solar_Sheffield: 2206.6MW → 2292.4MW (+85.80 MW, location-based assignment, distance: N/A km)
      ✓ solar_Birmingham: 1587.8MW → 1654.3MW (+66.49 MW, location-based assignment, distance: N/A km)

--- Starting Iteration 4: Electricity Market Simulation (Case 3: Decarbonization Cost to VRE + CM Cost to CCGT/OCGT) ---
--- Iteration 4: calling run_simulation(periods=17520, generators=48, batteries=5) ---
尝试打开wind文件: F:\newfinalweather\average_annual_wind_profile.nc
文件是否存在: True
Using cached weather profiles.
--- Iteration 4: run_simulation returned. Processing results. ---
--- Iteration 4: Simulation Finished. Starting Investment Analysis (Case 3) ---
--- Iteration 4: Adding 5 assets with zero income to analysis ---
  ⚠ Warning: Found 3 assets with capacity > 10,000 MW:
      0.5c_battery: 51967.37 MW (asset_type: 0.5c_battery)
      CCGT: 28000.00 MW (asset_type: CCGT)
      onshore_Edinburgh: 10865.35 MW (asset_type: onshore)
✓ Fast investment analysis saved to C:\Users\86150\Desktop\five_scenario_include_uncertain_freq_cap_runs\05_future_base_2025_2035_20260719_base_cm_aligned_repd_virtual_pool_1000twh_scheme_c\investment_analysis_trace.sqlite
  System Cost: £28.67bn | Cost/MWh: £123.32
  📊 Total VRE profiles recorded for year 2028
      CAPACITY EXPANSION:
         - Solar: 24974.82 MW | Onshore: 14982.30 MW | Offshore: 22462.00 MW
         - Total VRE Capacity: 62419.12 MW
      GENERATION:
         - Total VRE Generation: 175.07 TWh
         - Total Thermal Generation: 57.42 TWh
         - Total Generation (VRE+Thermal): 232.48 TWh
         - Total Forecast Demand: 233.11 TWh
      EXCESS ANALYSIS:
         - Excess BEFORE storage/interconn: 0.05 TWh (VRE - Forecast)
         - Excess AFTER storage/interconn: 19.14 TWh (final excess)
         - Absorbed by storage/interconn: 0.00 TWh
         - Storage Capacity: 63263.65 MW
         - Excess/VRE Ratio (after): 10.93%
         - Excess/VRE Ratio (before): 0.03%
  📊 Edinburgh onshore wind generation recorded for year 2028 (Capacity: 10865.35 MW, Generation: 75707764.04 MWh)
✓ Checkpoint saved after 2028: C:\Users\86150\Desktop\five_scenario_include_uncertain_freq_cap_runs\05_future_base_2025_2035_20260719_base_cm_aligned_repd_virtual_pool_1000twh_scheme_c\checkpoints\future_base_2025_2035_checkpoint.pkl
    ⚠️ Batteries found in analysis but no investments recommended:
      - 0.25c_battery: Recommendation=Do_Nothing, ROI=0.0019, Net Revenue=4973960.27, Current Capacity=6322.06 MW
      - 0.5c_battery: Recommendation=Do_Nothing, ROI=0.0000, Net Revenue=9048.63, Current Capacity=51967.37 MW
      - 1c_battery: Recommendation=Do_Nothing, ROI=0.0006, Net Revenue=332307.55, Current Capacity=1580.52 MW

==================== YEAR 2029 (CASE 3) ====================
--- Year 2029: Updating Pumped Hydro capacity as per schedule to 3587.9 MW ---
--- Year 2029: Updating Pumped Hydro energy storage as per schedule to 31800 MWh ---
  📦 Projects completing in 2029: 53 (2170.97 MW)
      - External (REPD): 38 projects (986.78 MW)
      - Model-driven: 15 projects (1184.19 MW)
      ✓ onshore_Ipswich: 453.2MW → 458.1MW (+4.89 MW, location-based assignment, distance: N/A km)
      ✓ onshore_Edinburgh: 10865.3MW → 10970.3MW (+105.00 MW, location-based assignment, distance: N/A km)
      ✓ onshore_Edinburgh: 10970.3MW → 11012.2MW (+41.87 MW, location-based assignment, distance: N/A km)
      ✓ onshore_Edinburgh: 11012.2MW → 11032.0MW (+19.80 MW, location-based assignment, distance: N/A km)
      ✓ onshore_Edinburgh: 11032.0MW → 11036.5MW (+4.51 MW, location-based assignment, distance: N/A km)
      ✓ onshore_Bournemouth: 284.9MW → 294.2MW (+9.30 MW, location-based assignment, distance: N/A km)
      ✓ onshore_Edinburgh: 11036.5MW → 11106.5MW (+70.00 MW, location-based assignment, distance: N/A km)
      ✓ onshore_Edinburgh: 11106.5MW → 11122.0MW (+15.46 MW, location-based assignment, distance: N/A km)
      ✓ onshore_Cardiff: 1252.2MW → 1274.0MW (+21.77 MW, location-based assignment, distance: N/A km)
      ✓ onshore_Cardiff: 1274.0MW → 1274.8MW (+0.82 MW, location-based assignment, distance: N/A km)
      ✓ onshore_Edinburgh: 11122.0MW → 11126.9MW (+4.94 MW, location-based assignment, distance: N/A km)
      ✓ onshore_Edinburgh: 11126.9MW → 11167.2MW (+40.26 MW, location-based assignment, distance: N/A km)
      ✓ onshore_Cardiff: 1274.8MW → 1304.8MW (+30.01 MW, location-based assignment, distance: N/A km)
      ✓ onshore_Edinburgh: 11167.2MW → 11223.9MW (+56.68 MW, location-based assignment, distance: N/A km)
      ✓ onshore_Edinburgh: 11223.9MW → 11259.3MW (+35.43 MW, location-based assignment, distance: N/A km)
      ✓ onshore_Edinburgh: 11259.3MW → 11278.6MW (+19.32 MW, location-based assignment, distance: N/A km)
      ✓ onshore_Edinburgh: 11278.6MW → 11321.1MW (+42.51 MW, location-based assignment, distance: N/A km)
      ✓ onshore_Cardiff: 1304.8MW → 1315.8MW (+10.99 MW, location-based assignment, distance: N/A km)
      ✓ onshore_Edinburgh: 11321.1MW → 11331.7MW (+10.63 MW, location-based assignment, distance: N/A km)
      ✓ onshore_Edinburgh: 11331.7MW → 11334.0MW (+2.25 MW, location-based assignment, distance: N/A km)
      ✓ onshore_Edinburgh: 11334.0MW → 11389.8MW (+55.82 MW, location-based assignment, distance: N/A km)
      ✓ onshore_Edinburgh: 11389.8MW → 11416.4MW (+26.62 MW, location-based assignment, distance: N/A km)
      ✓ onshore_Edinburgh: 11416.4MW → 11483.8MW (+67.31 MW, location-based assignment, distance: N/A km)
      ✓ onshore_Cardiff: 1315.8MW → 1317.8MW (+1.98 MW, location-based assignment, distance: N/A km)
      ✓ onshore_Edinburgh: 11483.8MW → 11507.9MW (+24.15 MW, location-based assignment, distance: N/A km)
      ✓ onshore_Cardiff: 1317.8MW → 1319.7MW (+1.92 MW, location-based assignment, distance: N/A km)
      ✓ onshore_Edinburgh: 11507.9MW → 11518.2MW (+10.31 MW, location-based assignment, distance: N/A km)
      ✓ onshore_Bournemouth: 294.2MW → 303.7MW (+9.51 MW, location-based assignment, distance: N/A km)
      ✓ onshore_Newcastle: 473.7MW → 489.5MW (+15.75 MW, location-based assignment, distance: N/A km)
      ✓ onshore_Edinburgh: 11518.2MW → 11550.1MW (+31.88 MW, location-based assignment, distance: N/A km)
      ✓ onshore_Edinburgh: 11550.1MW → 11602.7MW (+52.60 MW, location-based assignment, distance: N/A km)
      ✓ onshore_Edinburgh: 11602.7MW → 11604.9MW (+2.25 MW, location-based assignment, distance: N/A km)
      ✓ onshore_Edinburgh: 11604.9MW → 11676.3MW (+71.39 MW, location-based assignment, distance: N/A km)
      ✓ onshore_Edinburgh: 11676.3MW → 11676.9MW (+0.54 MW, location-based assignment, distance: N/A km)
      ✓ onshore_Cardiff: 1319.7MW → 1336.4MW (+16.71 MW, location-based assignment, distance: N/A km)
      ✓ onshore_Cardiff: 1336.4MW → 1338.1MW (+1.65 MW, location-based assignment, distance: N/A km)
      ✓ onshore_Cardiff: 1338.1MW → 1401.6MW (+63.58 MW, location-based assignment, distance: N/A km)
      ✓ onshore_Ipswich: 458.1MW → 488.4MW (+30.31 MW, location-based assignment, distance: N/A km)
      ✓ onshore_Manchester: 467.3MW → 486.1MW (+18.85 MW, location-based assignment, distance: N/A km)
      ✓ onshore_Newcastle: 489.5MW → 513.9MW (+24.40 MW, location-based assignment, distance: N/A km)
    📊 Allocating 49.94 MW onshore capacity (no location data) across 11 generators (total existing: 16056.29 MW)
      ✓ onshore_Birmingham: 9.4MW → 9.4MW (+0.03 MW, 0.06% share, proportional)
      ✓ onshore_Bournemouth: 303.7MW → 304.7MW (+0.94 MW, 1.89% share, proportional)
      ✓ onshore_Cardiff: 1401.6MW → 1406.0MW (+4.36 MW, 8.73% share, proportional)
      ✓ onshore_Edinburgh: 11676.9MW → 11713.2MW (+36.32 MW, 72.72% share, proportional)
      ✓ onshore_Ipswich: 488.4MW → 489.9MW (+1.52 MW, 3.04% share, proportional)
      ✓ onshore_London: 12.6MW → 12.6MW (+0.04 MW, 0.08% share, proportional)
      ✓ onshore_Manchester: 486.1MW → 487.7MW (+1.51 MW, 3.03% share, proportional)
      ✓ onshore_Newcastle: 513.9MW → 515.5MW (+1.60 MW, 3.20% share, proportional)
      ✓ onshore_Nottingham: 398.5MW → 399.7MW (+1.24 MW, 2.48% share, proportional)
      ✓ onshore_Portsmouth: 112.9MW → 113.3MW (+0.35 MW, 0.70% share, proportional)
      ✓ onshore_Sheffield: 652.2MW → 654.2MW (+2.03 MW, 4.06% share, proportional)
      ✓ solar_Bournemouth: 3803.7MW → 3965.3MW (+161.54 MW, location-based assignment, distance: N/A km)
      ✓ solar_Cardiff: 1632.4MW → 1698.3MW (+65.98 MW, location-based assignment, distance: N/A km)
      ✓ solar_Edinburgh: 1478.2MW → 1536.7MW (+58.52 MW, location-based assignment, distance: N/A km)
      ✓ solar_Ipswich: 3214.5MW → 3357.8MW (+143.34 MW, location-based assignment, distance: N/A km)
      ✓ solar_London: 65.4MW → 68.2MW (+2.74 MW, location-based assignment, distance: N/A km)
      ✓ solar_Manchester: 641.7MW → 666.2MW (+24.51 MW, location-based assignment, distance: N/A km)
      ✓ solar_Newcastle: 734.8MW → 767.4MW (+32.53 MW, location-based assignment, distance: N/A km)
      ✓ solar_Nottingham: 5039.5MW → 5239.9MW (+200.31 MW, location-based assignment, distance: N/A km)
      ✓ solar_Portsmouth: 4417.9MW → 4614.6MW (+196.72 MW, location-based assignment, distance: N/A km)
      ✓ solar_Sheffield: 2292.4MW → 2387.9MW (+95.59 MW, location-based assignment, distance: N/A km)
      ✓ solar_Birmingham: 1654.3MW → 1719.6MW (+65.27 MW, location-based assignment, distance: N/A km)

--- Starting Iteration 5: Electricity Market Simulation (Case 3: Decarbonization Cost to VRE + CM Cost to CCGT/OCGT) ---
--- Iteration 5: calling run_simulation(periods=17520, generators=48, batteries=5) ---
尝试打开wind文件: F:\newfinalweather\average_annual_wind_profile.nc
文件是否存在: True
Using cached weather profiles.
--- Iteration 5: run_simulation returned. Processing results. ---
--- Iteration 5: Simulation Finished. Starting Investment Analysis (Case 3) ---
--- Iteration 5: Adding 5 assets with zero income to analysis ---
  ⚠ Warning: Found 3 assets with capacity > 10,000 MW:
      0.5c_battery: 51967.37 MW (asset_type: 0.5c_battery)
      CCGT: 28000.00 MW (asset_type: CCGT)
      onshore_Edinburgh: 11713.19 MW (asset_type: onshore)

================================================================================
REVENUE-TO-INVESTMENT VERIFICATION (Iteration 5)
================================================================================

  1C_BATTERY:
    Total Income: 216,058.03 GBP
    Total Net Revenue: 216,058.03 GBP
    Current Capacity: 1580.52 MW
    Suggested Capacity: 1580.52 MW
    Capacity Change: +0.00 MW
    Recommendations: {'Do_Nothing': 1}
    ⚠️  WARNING: Has revenue (216,058.03 GBP) but no capacity expansion!
      - 1c_battery: Income=216,058.03, Net Revenue=216,058.03, ROI=0.0004, Recommendation=Do_Nothing, Capacity Change=0.00 MW

  0.5C_BATTERY:
    Total Income: 19,226.14 GBP
    Total Net Revenue: 19,226.14 GBP
    Current Capacity: 51967.37 MW
    Suggested Capacity: 51967.37 MW
    Capacity Change: +0.00 MW
    Recommendations: {'Do_Nothing': 1}
    ⚠️  WARNING: Has revenue (19,226.14 GBP) but no capacity expansion!
      - 0.5c_battery: Income=19,226.14, Net Revenue=19,226.14, ROI=0.0000, Recommendation=Do_Nothing, Capacity Change=0.00 MW

  0.25C_BATTERY:
    Total Income: 3,104,774.06 GBP
    Total Net Revenue: 3,104,774.06 GBP
    Current Capacity: 6322.06 MW
    Suggested Capacity: 6322.06 MW
    Capacity Change: +0.00 MW
    Recommendations: {'Do_Nothing': 1}
    ⚠️  WARNING: Has revenue (3,104,774.06 GBP) but no capacity expansion!
      - 0.25c_battery: Income=3,104,774.06, Net Revenue=3,104,774.06, ROI=0.0012, Recommendation=Do_Nothing, Capacity Change=0.00 MW

  OFFSHORE:
    Total Income: 2,979,191,720.12 GBP
    Total Net Revenue: 2,979,182,457.97 GBP
    Current Capacity: 22462.00 MW
    Suggested Capacity: 22945.18 MW
    Capacity Change: +483.18 MW
    Recommendations: {'Do_Nothing': 13, 'Invest_Profit': 8}

  ONSHORE:
    Total Income: 1,206,324,093.88 GBP
    Total Net Revenue: 1,206,318,372.78 GBP
    Current Capacity: 16106.23 MW
    Suggested Capacity: 16865.20 MW
    Capacity Change: +758.98 MW
    Recommendations: {'Invest_Profit': 8, 'Do_Nothing': 2, 'Invest_High': 1}

  SOLAR:
    Total Income: 781,442,101.52 GBP
    Total Net Revenue: 781,439,395.96 GBP
    Current Capacity: 26021.86 MW
    Suggested Capacity: 27207.66 MW
    Capacity Change: +1185.80 MW
    Recommendations: {'Invest_Profit': 11}

================================================================================

✓ Fast investment analysis saved to C:\Users\86150\Desktop\five_scenario_include_uncertain_freq_cap_runs\05_future_base_2025_2035_20260719_base_cm_aligned_repd_virtual_pool_1000twh_scheme_c\investment_analysis_trace.sqlite
  System Cost: £28.75bn | Cost/MWh: £123.73
  📊 Total VRE profiles recorded for year 2029
      CAPACITY EXPANSION:
         - Solar: 26021.86 MW | Onshore: 16106.23 MW | Offshore: 22462.00 MW
         - Total VRE Capacity: 64590.09 MW
      GENERATION:
         - Total VRE Generation: 176.89 TWh
         - Total Thermal Generation: 55.50 TWh
         - Total Generation (VRE+Thermal): 232.39 TWh
         - Total Forecast Demand: 233.11 TWh
      EXCESS ANALYSIS:
         - Excess BEFORE storage/interconn: 0.05 TWh (VRE - Forecast)
         - Excess AFTER storage/interconn: 21.99 TWh (final excess)
         - Absorbed by storage/interconn: 0.00 TWh
         - Storage Capacity: 63473.65 MW
         - Excess/VRE Ratio (after): 12.43%
         - Excess/VRE Ratio (before): 0.03%
  📊 Edinburgh onshore wind generation recorded for year 2029 (Capacity: 11713.19 MW, Generation: 81441067.15 MWh)
✓ Checkpoint saved after 2029: C:\Users\86150\Desktop\five_scenario_include_uncertain_freq_cap_runs\05_future_base_2025_2035_20260719_base_cm_aligned_repd_virtual_pool_1000twh_scheme_c\checkpoints\future_base_2025_2035_checkpoint.pkl
    ⚠️ Batteries found in analysis but no investments recommended:
      - 0.25c_battery: Recommendation=Do_Nothing, ROI=0.0012, Net Revenue=3104774.06, Current Capacity=6322.06 MW
      - 0.5c_battery: Recommendation=Do_Nothing, ROI=0.0000, Net Revenue=19226.14, Current Capacity=51967.37 MW
      - 1c_battery: Recommendation=Do_Nothing, ROI=0.0004, Net Revenue=216058.03, Current Capacity=1580.52 MW

==================== YEAR 2030 (CASE 3) ====================
--- Year 2030: Updating Pumped Hydro capacity as per schedule to 4187.9 MW ---
--- Year 2030: Updating Pumped Hydro energy storage as per schedule to 40800 MWh ---
  📦 Projects completing in 2030: 184 (7335.00 MW)
      - External (REPD): 162 projects (5613.80 MW)
      - Model-driven: 22 projects (1721.20 MW)
      ✓ onshore_Bournemouth: 304.7MW → 308.0MW (+3.30 MW, location-based assignment, distance: N/A km)
      ✓ onshore_Ipswich: 489.9MW → 494.8MW (+4.89 MW, location-based assignment, distance: N/A km)
      ✓ onshore_Ipswich: 494.8MW → 499.7MW (+4.89 MW, location-based assignment, distance: N/A km)
      ✓ onshore_Edinburgh: 11713.2MW → 11756.1MW (+42.94 MW, location-based assignment, distance: N/A km)
      ✓ onshore_Edinburgh: 11756.1MW → 11809.8MW (+53.67 MW, location-based assignment, distance: N/A km)
      ✓ onshore_Edinburgh: 11809.8MW → 11812.5MW (+2.68 MW, location-based assignment, distance: N/A km)
      ✓ onshore_Birmingham: 9.4MW → 13.3MW (+3.91 MW, location-based assignment, distance: N/A km)
      ✓ onshore_Edinburgh: 11812.5MW → 11839.3MW (+26.78 MW, location-based assignment, distance: N/A km)
      ✓ onshore_Nottingham: 399.7MW → 423.9MW (+24.19 MW, location-based assignment, distance: N/A km)
      ✓ onshore_Bournemouth: 308.0MW → 309.0MW (+1.01 MW, location-based assignment, distance: N/A km)
      ✓ onshore_Edinburgh: 11839.3MW → 11898.9MW (+59.58 MW, location-based assignment, distance: N/A km)
      ✓ onshore_Edinburgh: 11898.9MW → 11966.5MW (+67.63 MW, location-based assignment, distance: N/A km)
      ✓ onshore_Edinburgh: 11966.5MW → 11984.5MW (+18.03 MW, location-based assignment, distance: N/A km)
      ✓ onshore_Edinburgh: 11984.5MW → 12003.8MW (+19.32 MW, location-based assignment, distance: N/A km)
      ✓ onshore_Edinburgh: 12003.8MW → 12012.2MW (+8.40 MW, location-based assignment, distance: N/A km)
      ✓ onshore_Edinburgh: 12012.2MW → 12021.9MW (+9.66 MW, location-based assignment, distance: N/A km)
      ✓ onshore_Edinburgh: 12021.9MW → 12037.7MW (+15.78 MW, location-based assignment, distance: N/A km)
      ✓ onshore_Edinburgh: 12037.7MW → 12064.5MW (+26.84 MW, location-based assignment, distance: N/A km)
      ✓ onshore_Edinburgh: 12064.5MW → 12096.4MW (+31.88 MW, location-based assignment, distance: N/A km)
      ✓ onshore_Edinburgh: 12096.4MW → 12130.2MW (+33.82 MW, location-based assignment, distance: N/A km)
      ✓ onshore_Cardiff: 1406.0MW → 1491.0MW (+85.00 MW, location-based assignment, distance: N/A km)
      ✓ onshore_Edinburgh: 12130.2MW → 12197.4MW (+67.20 MW, location-based assignment, distance: N/A km)
      ✓ onshore_Edinburgh: 12197.4MW → 12202.8MW (+5.37 MW, location-based assignment, distance: N/A km)
      ✓ onshore_Edinburgh: 12202.8MW → 12226.9MW (+24.15 MW, location-based assignment, distance: N/A km)
      ✓ onshore_Edinburgh: 12226.9MW → 12273.1MW (+46.16 MW, location-based assignment, distance: N/A km)
      ✓ onshore_Edinburgh: 12273.1MW → 12322.5MW (+49.38 MW, location-based assignment, distance: N/A km)
      ✓ onshore_Edinburgh: 12322.5MW → 12335.4MW (+12.88 MW, location-based assignment, distance: N/A km)
      ✓ onshore_Edinburgh: 12335.4MW → 12395.4MW (+60.00 MW, location-based assignment, distance: N/A km)
      ✓ onshore_Edinburgh: 12395.4MW → 12421.1MW (+25.76 MW, location-based assignment, distance: N/A km)
      ✓ onshore_Edinburgh: 12421.1MW → 12500.0MW (+78.90 MW, location-based assignment, distance: N/A km)
      ✓ onshore_Edinburgh: 12500.0MW → 12578.0MW (+77.94 MW, location-based assignment, distance: N/A km)
      ✓ onshore_Edinburgh: 12578.0MW → 12580.4MW (+2.42 MW, location-based assignment, distance: N/A km)
      ✓ onshore_Edinburgh: 12580.4MW → 12664.4MW (+84.00 MW, location-based assignment, distance: N/A km)
      ✓ onshore_Edinburgh: 12664.4MW → 12696.3MW (+31.88 MW, location-based assignment, distance: N/A km)
      ✓ onshore_Edinburgh: 12696.3MW → 12741.9MW (+45.62 MW, location-based assignment, distance: N/A km)
      ✓ onshore_Edinburgh: 12741.9MW → 12770.9MW (+28.98 MW, location-based assignment, distance: N/A km)
      ✓ onshore_Edinburgh: 12770.9MW → 12836.9MW (+66.00 MW, location-based assignment, distance: N/A km)
      ✓ onshore_Edinburgh: 12836.9MW → 12922.7MW (+85.80 MW, location-based assignment, distance: N/A km)
      ✓ onshore_Edinburgh: 12922.7MW → 12970.7MW (+48.00 MW, location-based assignment, distance: N/A km)
      ✓ onshore_Edinburgh: 12970.7MW → 12989.0MW (+18.36 MW, location-based assignment, distance: N/A km)
      ✓ onshore_Edinburgh: 12989.0MW → 13176.9MW (+187.86 MW, location-based assignment, distance: N/A km)
      ✓ onshore_Edinburgh: 13176.9MW → 13398.9MW (+222.00 MW, location-based assignment, distance: N/A km)
      ✓ onshore_Cardiff: 1491.0MW → 1509.7MW (+18.69 MW, location-based assignment, distance: N/A km)
      ✓ onshore_Edinburgh: 13398.9MW → 13400.3MW (+1.45 MW, location-based assignment, distance: N/A km)
      ✓ onshore_Edinburgh: 13400.3MW → 13512.0MW (+111.64 MW, location-based assignment, distance: N/A km)
      ✓ onshore_Edinburgh: 13512.0MW → 13578.6MW (+66.60 MW, location-based assignment, distance: N/A km)
      ✓ onshore_Edinburgh: 13578.6MW → 13584.1MW (+5.47 MW, location-based assignment, distance: N/A km)
      ✓ onshore_Cardiff: 1509.7MW → 1602.1MW (+92.40 MW, location-based assignment, distance: N/A km)
      ✓ onshore_Edinburgh: 13584.1MW → 13610.6MW (+26.57 MW, location-based assignment, distance: N/A km)
      ✓ onshore_Edinburgh: 13610.6MW → 13614.8MW (+4.20 MW, location-based assignment, distance: N/A km)
      ✓ onshore_Edinburgh: 13614.8MW → 13643.2MW (+28.34 MW, location-based assignment, distance: N/A km)
      ✓ onshore_Bournemouth: 309.0MW → 313.1MW (+4.10 MW, location-based assignment, distance: N/A km)
      ✓ onshore_Edinburgh: 13643.2MW → 13649.9MW (+6.76 MW, location-based assignment, distance: N/A km)
      ✓ onshore_Edinburgh: 13649.9MW → 13678.9MW (+28.98 MW, location-based assignment, distance: N/A km)
      ✓ onshore_Cardiff: 1602.1MW → 1630.1MW (+28.00 MW, location-based assignment, distance: N/A km)
      ✓ onshore_Cardiff: 1630.1MW → 1701.6MW (+71.46 MW, location-based assignment, distance: N/A km)
      ✓ onshore_Cardiff: 1701.6MW → 1716.0MW (+14.40 MW, location-based assignment, distance: N/A km)
      ✓ onshore_Edinburgh: 13678.9MW → 13738.9MW (+60.00 MW, location-based assignment, distance: N/A km)
      ✓ onshore_Edinburgh: 13738.9MW → 13838.3MW (+99.40 MW, location-based assignment, distance: N/A km)
      ✓ onshore_Edinburgh: 13838.3MW → 13864.9MW (+26.62 MW, location-based assignment, distance: N/A km)
      ✓ onshore_Edinburgh: 13864.9MW → 13886.9MW (+22.01 MW, location-based assignment, distance: N/A km)
      ✓ onshore_Edinburgh: 13886.9MW → 13898.2MW (+11.27 MW, location-based assignment, distance: N/A km)
      ✓ onshore_Edinburgh: 13898.2MW → 13947.8MW (+49.60 MW, location-based assignment, distance: N/A km)
      ✓ onshore_Edinburgh: 13947.8MW → 13978.7MW (+30.92 MW, location-based assignment, distance: N/A km)
      ✓ onshore_Edinburgh: 13978.7MW → 14020.6MW (+41.87 MW, location-based assignment, distance: N/A km)
      ✓ onshore_Edinburgh: 14020.6MW → 14031.3MW (+10.73 MW, location-based assignment, distance: N/A km)
      ✓ onshore_Edinburgh: 14031.3MW → 14063.2MW (+31.88 MW, location-based assignment, distance: N/A km)
      ✓ onshore_Edinburgh: 14063.2MW → 14092.8MW (+29.63 MW, location-based assignment, distance: N/A km)
      ✓ onshore_Edinburgh: 14092.8MW → 14098.0MW (+5.15 MW, location-based assignment, distance: N/A km)
      ✓ onshore_Edinburgh: 14098.0MW → 14156.0MW (+57.97 MW, location-based assignment, distance: N/A km)
      ✓ onshore_Edinburgh: 14156.0MW → 14170.1MW (+14.17 MW, location-based assignment, distance: N/A km)
      ✓ onshore_Edinburgh: 14170.1MW → 14237.8MW (+67.63 MW, location-based assignment, distance: N/A km)
      ✓ onshore_Edinburgh: 14237.8MW → 14404.3MW (+166.50 MW, location-based assignment, distance: N/A km)
      ✓ onshore_Edinburgh: 14404.3MW → 14406.4MW (+2.15 MW, location-based assignment, distance: N/A km)
      ✓ onshore_Edinburgh: 14406.4MW → 14452.3MW (+45.89 MW, location-based assignment, distance: N/A km)
      ✓ onshore_Edinburgh: 14452.3MW → 14460.0MW (+7.73 MW, location-based assignment, distance: N/A km)
      ✓ onshore_Edinburgh: 14460.0MW → 14497.6MW (+37.57 MW, location-based assignment, distance: N/A km)
      ✓ onshore_Edinburgh: 14497.6MW → 14508.9MW (+11.27 MW, location-based assignment, distance: N/A km)
      ✓ onshore_Edinburgh: 14508.9MW → 14540.4MW (+31.56 MW, location-based assignment, distance: N/A km)
      ✓ onshore_Edinburgh: 14540.4MW → 14544.5MW (+4.08 MW, location-based assignment, distance: N/A km)
      ✓ onshore_Edinburgh: 14544.5MW → 14570.1MW (+25.55 MW, location-based assignment, distance: N/A km)
      ✓ onshore_Edinburgh: 14570.1MW → 14623.7MW (+53.67 MW, location-based assignment, distance: N/A km)
      ✓ onshore_Edinburgh: 14623.7MW → 14662.7MW (+38.97 MW, location-based assignment, distance: N/A km)
      ✓ onshore_Edinburgh: 14662.7MW → 14680.4MW (+17.71 MW, location-based assignment, distance: N/A km)
      ✓ onshore_Edinburgh: 14680.4MW → 14734.1MW (+53.67 MW, location-based assignment, distance: N/A km)
      ✓ onshore_Edinburgh: 14734.1MW → 14765.0MW (+30.92 MW, location-based assignment, distance: N/A km)
      ✓ onshore_Edinburgh: 14765.0MW → 14800.4MW (+35.43 MW, location-based assignment, distance: N/A km)
      ✓ onshore_Edinburgh: 14800.4MW → 14816.5MW (+16.10 MW, location-based assignment, distance: N/A km)
      ✓ onshore_Edinburgh: 14816.5MW → 14835.9MW (+19.32 MW, location-based assignment, distance: N/A km)
      ✓ onshore_Edinburgh: 14835.9MW → 14867.7MW (+31.88 MW, location-based assignment, distance: N/A km)
      ✓ onshore_Edinburgh: 14867.7MW → 14868.3MW (+0.54 MW, location-based assignment, distance: N/A km)
      ✓ onshore_Sheffield: 654.2MW → 655.0MW (+0.76 MW, location-based assignment, distance: N/A km)
      ✓ onshore_Edinburgh: 14868.3MW → 14925.0MW (+56.68 MW, location-based assignment, distance: N/A km)
      ✓ onshore_Edinburgh: 14925.0MW → 14981.6MW (+56.68 MW, location-based assignment, distance: N/A km)
      ✓ onshore_Edinburgh: 14981.6MW → 14987.8MW (+6.12 MW, location-based assignment, distance: N/A km)
      ✓ onshore_Edinburgh: 14987.8MW → 14999.4MW (+11.59 MW, location-based assignment, distance: N/A km)
      ✓ onshore_Edinburgh: 14999.4MW → 15023.5MW (+24.15 MW, location-based assignment, distance: N/A km)
      ✓ onshore_Edinburgh: 15023.5MW → 15069.6MW (+46.05 MW, location-based assignment, distance: N/A km)
      ✓ onshore_Edinburgh: 15069.6MW → 15139.3MW (+69.78 MW, location-based assignment, distance: N/A km)
      ✓ onshore_Edinburgh: 15139.3MW → 15212.3MW (+73.00 MW, location-based assignment, distance: N/A km)
      ✓ onshore_Edinburgh: 15212.3MW → 15215.0MW (+2.68 MW, location-based assignment, distance: N/A km)
      ✓ onshore_Edinburgh: 15215.0MW → 15232.7MW (+17.71 MW, location-based assignment, distance: N/A km)
      ✓ onshore_Edinburgh: 15232.7MW → 15302.3MW (+69.56 MW, location-based assignment, distance: N/A km)
      ✓ onshore_Edinburgh: 15302.3MW → 15329.3MW (+27.05 MW, location-based assignment, distance: N/A km)
      ✓ onshore_Edinburgh: 15329.3MW → 15380.9MW (+51.53 MW, location-based assignment, distance: N/A km)
      ✓ onshore_Edinburgh: 15380.9MW → 15438.8MW (+57.97 MW, location-based assignment, distance: N/A km)
      ✓ onshore_Edinburgh: 15438.8MW → 15490.4MW (+51.53 MW, location-based assignment, distance: N/A km)
      ✓ onshore_Edinburgh: 15490.4MW → 15495.9MW (+5.56 MW, location-based assignment, distance: N/A km)
      ✓ onshore_Edinburgh: 15495.9MW → 15598.7MW (+102.73 MW, location-based assignment, distance: N/A km)
      ✓ onshore_Edinburgh: 15598.7MW → 15643.7MW (+45.09 MW, location-based assignment, distance: N/A km)
      ✓ onshore_Edinburgh: 15643.7MW → 15678.6MW (+34.89 MW, location-based assignment, distance: N/A km)
      ✓ onshore_Sheffield: 655.0MW → 657.5MW (+2.46 MW, location-based assignment, distance: N/A km)
      ✓ onshore_Edinburgh: 15678.6MW → 15821.4MW (+142.78 MW, location-based assignment, distance: N/A km)
      ✓ onshore_Edinburgh: 15821.4MW → 15867.5MW (+46.05 MW, location-based assignment, distance: N/A km)
      ✓ onshore_Edinburgh: 15867.5MW → 15880.3MW (+12.88 MW, location-based assignment, distance: N/A km)
      ✓ onshore_Portsmouth: 113.3MW → 115.5MW (+2.21 MW, location-based assignment, distance: N/A km)
      ✓ onshore_Edinburgh: 15880.3MW → 15925.8MW (+45.41 MW, location-based assignment, distance: N/A km)
      ✓ onshore_Edinburgh: 15925.8MW → 15979.4MW (+53.67 MW, location-based assignment, distance: N/A km)
      ✓ onshore_Edinburgh: 15979.4MW → 16025.8MW (+46.38 MW, location-based assignment, distance: N/A km)
      ✓ onshore_Edinburgh: 16025.8MW → 16029.7MW (+3.86 MW, location-based assignment, distance: N/A km)
      ✓ onshore_Edinburgh: 16029.7MW → 16079.3MW (+49.60 MW, location-based assignment, distance: N/A km)
      ✓ onshore_Sheffield: 657.5MW → 660.1MW (+2.69 MW, location-based assignment, distance: N/A km)
      ✓ onshore_Edinburgh: 16079.3MW → 16111.5MW (+32.20 MW, location-based assignment, distance: N/A km)
      ✓ onshore_Edinburgh: 16111.5MW → 16141.4MW (+29.95 MW, location-based assignment, distance: N/A km)
      ✓ onshore_Edinburgh: 16141.4MW → 16219.3MW (+77.83 MW, location-based assignment, distance: N/A km)
      ✓ onshore_Cardiff: 1716.0MW → 1748.6MW (+32.65 MW, location-based assignment, distance: N/A km)
      ✓ onshore_Edinburgh: 16219.3MW → 16220.2MW (+0.91 MW, location-based assignment, distance: N/A km)
      ✓ onshore_Edinburgh: 16220.2MW → 16252.0MW (+31.88 MW, location-based assignment, distance: N/A km)
      ✓ onshore_Edinburgh: 16252.0MW → 16277.8MW (+25.76 MW, location-based assignment, distance: N/A km)
      ✓ onshore_Edinburgh: 16277.8MW → 16278.3MW (+0.54 MW, location-based assignment, distance: N/A km)
      ✓ onshore_Edinburgh: 16278.3MW → 16292.1MW (+13.72 MW, location-based assignment, distance: N/A km)
      ✓ onshore_Edinburgh: 16292.1MW → 16327.5MW (+35.43 MW, location-based assignment, distance: N/A km)
      ✓ onshore_Cardiff: 1748.6MW → 1756.9MW (+8.25 MW, location-based assignment, distance: N/A km)
      ✓ onshore_Edinburgh: 16327.5MW → 16328.0MW (+0.54 MW, location-based assignment, distance: N/A km)
      ✓ onshore_Edinburgh: 16328.0MW → 16329.6MW (+1.61 MW, location-based assignment, distance: N/A km)
      ✓ onshore_Edinburgh: 16329.6MW → 16430.1MW (+100.48 MW, location-based assignment, distance: N/A km)
      ✓ onshore_Edinburgh: 16430.1MW → 16518.7MW (+88.56 MW, location-based assignment, distance: N/A km)
      ✓ onshore_Edinburgh: 16518.7MW → 16540.6MW (+21.90 MW, location-based assignment, distance: N/A km)
      ✓ onshore_Edinburgh: 16540.6MW → 16559.9MW (+19.32 MW, location-based assignment, distance: N/A km)
      ✓ onshore_Sheffield: 660.1MW → 662.6MW (+2.46 MW, location-based assignment, distance: N/A km)
      ✓ onshore_Edinburgh: 16559.9MW → 16614.0MW (+54.10 MW, location-based assignment, distance: N/A km)
      ✓ onshore_Nottingham: 423.9MW → 424.4MW (+0.45 MW, location-based assignment, distance: N/A km)
      ✓ onshore_Edinburgh: 16614.0MW → 16630.1MW (+16.10 MW, location-based assignment, distance: N/A km)
      ✓ onshore_Edinburgh: 16630.1MW → 16659.0MW (+28.88 MW, location-based assignment, distance: N/A km)
      ✓ onshore_Edinburgh: 16659.0MW → 16712.7MW (+53.67 MW, location-based assignment, distance: N/A km)
      ✓ onshore_Edinburgh: 16712.7MW → 16770.9MW (+58.24 MW, location-based assignment, distance: N/A km)
      ✓ onshore_Edinburgh: 16770.9MW → 16787.0MW (+16.10 MW, location-based assignment, distance: N/A km)
      ✓ onshore_Edinburgh: 16787.0MW → 16799.1MW (+12.08 MW, location-based assignment, distance: N/A km)
      ✓ onshore_Cardiff: 1756.9MW → 1767.8MW (+10.99 MW, location-based assignment, distance: N/A km)
      ✓ onshore_Bournemouth: 313.1MW → 313.9MW (+0.85 MW, location-based assignment, distance: N/A km)
      ✓ onshore_Bournemouth: 313.9MW → 314.3MW (+0.42 MW, location-based assignment, distance: N/A km)
      ✓ onshore_Manchester: 487.7MW → 488.9MW (+1.24 MW, location-based assignment, distance: N/A km)
      ✓ onshore_Bournemouth: 314.3MW → 315.2MW (+0.85 MW, location-based assignment, distance: N/A km)
      ✓ onshore_Edinburgh: 16799.1MW → 16800.2MW (+1.07 MW, location-based assignment, distance: N/A km)
      ✓ onshore_Edinburgh: 16800.2MW → 16813.0MW (+12.88 MW, location-based assignment, distance: N/A km)
      ✓ onshore_Edinburgh: 16813.0MW → 16817.6MW (+4.57 MW, location-based assignment, distance: N/A km)
      ✓ onshore_Edinburgh: 16817.6MW → 16825.3MW (+7.73 MW, location-based assignment, distance: N/A km)
      ✓ onshore_Birmingham: 13.3MW → 13.4MW (+0.10 MW, location-based assignment, distance: N/A km)
      ✓ onshore_Bournemouth: 315.2MW → 329.7MW (+14.55 MW, location-based assignment, distance: N/A km)
      ✓ onshore_Edinburgh: 16825.3MW → 17315.3MW (+489.96 MW, location-based assignment, distance: N/A km)
      ✓ onshore_London: 12.6MW → 13.2MW (+0.57 MW, location-based assignment, distance: N/A km)
      ✓ onshore_Nottingham: 424.4MW → 441.8MW (+17.44 MW, location-based assignment, distance: N/A km)
      ✓ onshore_Portsmouth: 115.5MW → 120.8MW (+5.31 MW, location-based assignment, distance: N/A km)
      ✓ onshore_Sheffield: 662.6MW → 697.7MW (+35.05 MW, location-based assignment, distance: N/A km)
      ✓ onshore_Cardiff: 1767.8MW → 1829.3MW (+61.47 MW, location-based assignment, distance: N/A km)
      ✓ onshore_Ipswich: 499.7MW → 528.5MW (+28.78 MW, location-based assignment, distance: N/A km)
      ✓ onshore_Manchester: 488.9MW → 506.5MW (+17.58 MW, location-based assignment, distance: N/A km)
      ✓ onshore_Newcastle: 515.5MW → 538.3MW (+22.80 MW, location-based assignment, distance: N/A km)
    📊 Allocating 79.12 MW onshore capacity (no location data) across 11 generators (total existing: 22334.54 MW)
      ✓ onshore_Birmingham: 13.4MW → 13.5MW (+0.05 MW, 0.06% share, proportional)
      ✓ onshore_Bournemouth: 329.7MW → 330.9MW (+1.17 MW, 1.48% share, proportional)
      ✓ onshore_Cardiff: 1829.3MW → 1835.8MW (+6.48 MW, 8.19% share, proportional)
      ✓ onshore_Edinburgh: 17315.3MW → 17376.6MW (+61.34 MW, 77.53% share, proportional)
      ✓ onshore_Ipswich: 528.5MW → 530.4MW (+1.87 MW, 2.37% share, proportional)
      ✓ onshore_London: 13.2MW → 13.3MW (+0.05 MW, 0.06% share, proportional)
      ✓ onshore_Manchester: 506.5MW → 508.3MW (+1.79 MW, 2.27% share, proportional)
      ✓ onshore_Newcastle: 538.3MW → 540.2MW (+1.91 MW, 2.41% share, proportional)
      ✓ onshore_Nottingham: 441.8MW → 443.4MW (+1.57 MW, 1.98% share, proportional)
      ✓ onshore_Portsmouth: 120.8MW → 121.2MW (+0.43 MW, 0.54% share, proportional)
      ✓ onshore_Sheffield: 697.7MW → 700.1MW (+2.47 MW, 3.12% share, proportional)
      ✓ solar_Bournemouth: 3965.3MW → 4125.2MW (+159.96 MW, location-based assignment, distance: N/A km)
      ✓ solar_Cardiff: 1698.3MW → 1763.1MW (+64.75 MW, location-based assignment, distance: N/A km)
      ✓ solar_Edinburgh: 1536.7MW → 1593.6MW (+56.82 MW, location-based assignment, distance: N/A km)
      ✓ solar_Ipswich: 3357.8MW → 3498.6MW (+140.74 MW, location-based assignment, distance: N/A km)
      ✓ solar_London: 68.2MW → 70.8MW (+2.62 MW, location-based assignment, distance: N/A km)
      ✓ solar_Manchester: 666.2MW → 690.2MW (+24.01 MW, location-based assignment, distance: N/A km)
      ✓ solar_Newcastle: 767.4MW → 798.9MW (+31.58 MW, location-based assignment, distance: N/A km)
      ✓ solar_Nottingham: 5239.9MW → 5433.5MW (+193.67 MW, location-based assignment, distance: N/A km)
      ✓ solar_Portsmouth: 4614.6MW → 4808.8MW (+194.20 MW, location-based assignment, distance: N/A km)
      ✓ solar_Sheffield: 2387.9MW → 2481.6MW (+93.64 MW, location-based assignment, distance: N/A km)
      ✓ solar_Birmingham: 1719.6MW → 1785.2MW (+65.59 MW, location-based assignment, distance: N/A km)

--- Starting Iteration 6: Electricity Market Simulation (Case 3: Decarbonization Cost to VRE + CM Cost to CCGT/OCGT) ---
--- Iteration 6: calling run_simulation(periods=17520, generators=48, batteries=5) ---
尝试打开wind文件: F:\newfinalweather\average_annual_wind_profile.nc
文件是否存在: True
Using cached weather profiles.
--- Iteration 6: run_simulation returned. Processing results. ---
--- Iteration 6: Simulation Finished. Starting Investment Analysis (Case 3) ---
--- Iteration 6: Adding 5 assets with zero income to analysis ---
  ⚠ Warning: Found 3 assets with capacity > 10,000 MW:
      0.5c_battery: 51967.37 MW (asset_type: 0.5c_battery)
      CCGT: 28000.00 MW (asset_type: CCGT)
      onshore_Edinburgh: 17376.64 MW (asset_type: onshore)
✓ Fast investment analysis saved to C:\Users\86150\Desktop\five_scenario_include_uncertain_freq_cap_runs\05_future_base_2025_2035_20260719_base_cm_aligned_repd_virtual_pool_1000twh_scheme_c\investment_analysis_trace.sqlite
  System Cost: £29.06bn | Cost/MWh: £125.17
  📊 Total VRE profiles recorded for year 2030
      CAPACITY EXPANSION:
         - Solar: 27049.43 MW | Onshore: 22413.66 MW | Offshore: 22462.00 MW
         - Total VRE Capacity: 71925.09 MW
      GENERATION:
         - Total VRE Generation: 184.17 TWh
         - Total Thermal Generation: 48.01 TWh
         - Total Generation (VRE+Thermal): 232.19 TWh
         - Total Forecast Demand: 233.11 TWh
      EXCESS ANALYSIS:
         - Excess BEFORE storage/interconn: 0.07 TWh (VRE - Forecast)
         - Excess AFTER storage/interconn: 36.68 TWh (final excess)
         - Absorbed by storage/interconn: 0.00 TWh
         - Storage Capacity: 64073.65 MW
         - Excess/VRE Ratio (after): 19.92%
         - Excess/VRE Ratio (before): 0.04%
  📊 Edinburgh onshore wind generation recorded for year 2030 (Capacity: 17376.64 MW, Generation: 119817722.68 MWh)
✓ Checkpoint saved after 2030: C:\Users\86150\Desktop\five_scenario_include_uncertain_freq_cap_runs\05_future_base_2025_2035_20260719_base_cm_aligned_repd_virtual_pool_1000twh_scheme_c\checkpoints\future_base_2025_2035_checkpoint.pkl
    ⚠️ Batteries found in analysis but no investments recommended:
      - 0.25c_battery: Recommendation=Do_Nothing, ROI=0.0007, Net Revenue=1818229.08, Current Capacity=6322.06 MW
      - 0.5c_battery: Recommendation=Do_Nothing, ROI=0.0000, Net Revenue=16596.04, Current Capacity=51967.37 MW
      - 1c_battery: Recommendation=Do_Nothing, ROI=0.0004, Net Revenue=200552.58, Current Capacity=1580.52 MW

==================== YEAR 2031 (CASE 3) ====================
--- Year 2031: Updating Pumped Hydro capacity as per schedule to 5687.9 MW ---
--- Year 2031: Updating Pumped Hydro energy storage as per schedule to 70800 MWh ---
  📦 Projects completing in 2031: 21 (1589.00 MW)
      - Model-driven: 21 projects (1589.00 MW)
      ✓ onshore_Birmingham: 13.5MW → 13.6MW (+0.11 MW, location-based assignment, distance: N/A km)
      ✓ onshore_Bournemouth: 330.9MW → 344.7MW (+13.79 MW, location-based assignment, distance: N/A km)
      ✓ onshore_Edinburgh: 17376.6MW → 17842.7MW (+466.09 MW, location-based assignment, distance: N/A km)
      ✓ onshore_London: 13.3MW → 13.8MW (+0.54 MW, location-based assignment, distance: N/A km)
      ✓ onshore_Nottingham: 443.4MW → 459.7MW (+16.35 MW, location-based assignment, distance: N/A km)
      ✓ onshore_Portsmouth: 121.2MW → 126.2MW (+5.04 MW, location-based assignment, distance: N/A km)
      ✓ onshore_Sheffield: 700.1MW → 732.9MW (+32.78 MW, location-based assignment, distance: N/A km)
      ✓ onshore_Cardiff: 1835.8MW → 1876.2MW (+40.35 MW, location-based assignment, distance: N/A km)
      ✓ onshore_Ipswich: 530.4MW → 549.9MW (+19.58 MW, location-based assignment, distance: N/A km)
      ✓ onshore_Manchester: 508.3MW → 519.5MW (+11.18 MW, location-based assignment, distance: N/A km)
      ✓ onshore_Newcastle: 540.2MW → 555.0MW (+14.76 MW, location-based assignment, distance: N/A km)
      ✓ solar_Bournemouth: 4125.2MW → 4286.1MW (+160.91 MW, location-based assignment, distance: N/A km)
      ✓ solar_Cardiff: 1763.1MW → 1828.4MW (+65.27 MW, location-based assignment, distance: N/A km)
      ✓ solar_Edinburgh: 1593.6MW → 1650.7MW (+57.19 MW, location-based assignment, distance: N/A km)
      ✓ solar_Ipswich: 3498.6MW → 3640.3MW (+141.76 MW, location-based assignment, distance: N/A km)
      ✓ solar_London: 70.8MW → 73.4MW (+2.64 MW, location-based assignment, distance: N/A km)
      ✓ solar_Manchester: 690.2MW → 714.3MW (+24.14 MW, location-based assignment, distance: N/A km)
      ✓ solar_Newcastle: 798.9MW → 830.8MW (+31.89 MW, location-based assignment, distance: N/A km)
      ✓ solar_Nottingham: 5433.5MW → 5628.1MW (+194.59 MW, location-based assignment, distance: N/A km)
      ✓ solar_Portsmouth: 4808.8MW → 5004.4MW (+195.64 MW, location-based assignment, distance: N/A km)
      ✓ solar_Sheffield: 2481.6MW → 2576.0MW (+94.41 MW, location-based assignment, distance: N/A km)

--- Starting Iteration 7: Electricity Market Simulation (Case 3: Decarbonization Cost to VRE + CM Cost to CCGT/OCGT) ---
--- Iteration 7: calling run_simulation(periods=17520, generators=48, batteries=5) ---
尝试打开wind文件: F:\newfinalweather\average_annual_wind_profile.nc
文件是否存在: True
Using cached weather profiles.
--- Iteration 7: run_simulation returned. Processing results. ---
--- Iteration 7: Simulation Finished. Starting Investment Analysis (Case 3) ---
--- Iteration 7: Adding 5 assets with zero income to analysis ---
  ⚠ Warning: Found 3 assets with capacity > 10,000 MW:
      0.5c_battery: 51967.37 MW (asset_type: 0.5c_battery)
      CCGT: 28000.00 MW (asset_type: CCGT)
      onshore_Edinburgh: 17842.74 MW (asset_type: onshore)
✓ Fast investment analysis saved to C:\Users\86150\Desktop\five_scenario_include_uncertain_freq_cap_runs\05_future_base_2025_2035_20260719_base_cm_aligned_repd_virtual_pool_1000twh_scheme_c\investment_analysis_trace.sqlite
  System Cost: £29.12bn | Cost/MWh: £125.46
  📊 Total VRE profiles recorded for year 2031
      CAPACITY EXPANSION:
         - Solar: 28017.86 MW | Onshore: 23034.23 MW | Offshore: 22462.00 MW
         - Total VRE Capacity: 73514.09 MW
      GENERATION:
         - Total VRE Generation: 185.17 TWh
         - Total Thermal Generation: 46.96 TWh
         - Total Generation (VRE+Thermal): 232.13 TWh
         - Total Forecast Demand: 233.11 TWh
      EXCESS ANALYSIS:
         - Excess BEFORE storage/interconn: 0.07 TWh (VRE - Forecast)
         - Excess AFTER storage/interconn: 38.79 TWh (final excess)
         - Absorbed by storage/interconn: 0.00 TWh
         - Storage Capacity: 65573.65 MW
         - Excess/VRE Ratio (after): 20.95%
         - Excess/VRE Ratio (before): 0.04%
  📊 Edinburgh onshore wind generation recorded for year 2031 (Capacity: 17842.74 MW, Generation: 122625195.83 MWh)
✓ Checkpoint saved after 2031: C:\Users\86150\Desktop\five_scenario_include_uncertain_freq_cap_runs\05_future_base_2025_2035_20260719_base_cm_aligned_repd_virtual_pool_1000twh_scheme_c\checkpoints\future_base_2025_2035_checkpoint.pkl
    ⚠️ Batteries found in analysis but no investments recommended:
      - 0.25c_battery: Recommendation=Do_Nothing, ROI=0.0007, Net Revenue=1906615.71, Current Capacity=6322.06 MW
      - 0.5c_battery: Recommendation=Do_Nothing, ROI=0.0000, Net Revenue=16111.12, Current Capacity=51967.37 MW
      - 1c_battery: Recommendation=Do_Nothing, ROI=0.0004, Net Revenue=200911.10, Current Capacity=1580.52 MW

==================== YEAR 2032 (CASE 3) ====================
  📦 Projects completing in 2032: 12 (717.69 MW)
      - Model-driven: 12 projects (717.69 MW)
      ✓ onshore_Bournemouth: 344.7MW → 354.1MW (+9.45 MW, location-based assignment, distance: N/A km)
      ✓ onshore_Edinburgh: 17842.7MW → 18144.4MW (+301.63 MW, location-based assignment, distance: N/A km)
      ✓ onshore_London: 13.8MW → 14.1MW (+0.34 MW, location-based assignment, distance: N/A km)
      ✓ onshore_Nottingham: 459.7MW → 470.4MW (+10.63 MW, location-based assignment, distance: N/A km)
      ✓ onshore_Portsmouth: 126.2MW → 129.7MW (+3.49 MW, location-based assignment, distance: N/A km)
      ✓ onshore_Sheffield: 732.9MW → 753.9MW (+20.94 MW, location-based assignment, distance: N/A km)
      ✓ onshore_Cardiff: 1876.2MW → 1912.5MW (+36.35 MW, location-based assignment, distance: N/A km)
      ✓ onshore_Ipswich: 549.9MW → 567.7MW (+17.74 MW, location-based assignment, distance: N/A km)
      ✓ onshore_Manchester: 519.5MW → 529.4MW (+9.96 MW, location-based assignment, distance: N/A km)
      ✓ onshore_Newcastle: 555.0MW → 568.2MW (+13.20 MW, location-based assignment, distance: N/A km)
      ✓ solar_Ipswich: 3640.3MW → 3763.9MW (+123.60 MW, location-based assignment, distance: N/A km)
      ✓ solar_Portsmouth: 5004.4MW → 5174.8MW (+170.36 MW, location-based assignment, distance: N/A km)

--- Starting Iteration 8: Electricity Market Simulation (Case 3: Decarbonization Cost to VRE + CM Cost to CCGT/OCGT) ---
--- Iteration 8: calling run_simulation(periods=17520, generators=48, batteries=5) ---
尝试打开wind文件: F:\newfinalweather\average_annual_wind_profile.nc
文件是否存在: True
Using cached weather profiles.
--- Iteration 8: run_simulation returned. Processing results. ---
--- Iteration 8: Simulation Finished. Starting Investment Analysis (Case 3) ---
--- Iteration 8: Adding 5 assets with zero income to analysis ---
  ⚠ Warning: Found 3 assets with capacity > 10,000 MW:
      0.5c_battery: 51967.37 MW (asset_type: 0.5c_battery)
      CCGT: 28000.00 MW (asset_type: CCGT)
      onshore_Edinburgh: 18144.37 MW (asset_type: onshore)
✓ Fast investment analysis saved to C:\Users\86150\Desktop\five_scenario_include_uncertain_freq_cap_runs\05_future_base_2025_2035_20260719_base_cm_aligned_repd_virtual_pool_1000twh_scheme_c\investment_analysis_trace.sqlite
  System Cost: £29.15bn | Cost/MWh: £125.59
  📊 Total VRE profiles recorded for year 2032
      CAPACITY EXPANSION:
         - Solar: 28311.83 MW | Onshore: 23457.95 MW | Offshore: 22462.00 MW
         - Total VRE Capacity: 74231.77 MW
      GENERATION:
         - Total VRE Generation: 185.69 TWh
         - Total Thermal Generation: 46.41 TWh
         - Total Generation (VRE+Thermal): 232.10 TWh
         - Total Forecast Demand: 233.11 TWh
      EXCESS ANALYSIS:
         - Excess BEFORE storage/interconn: 0.07 TWh (VRE - Forecast)
         - Excess AFTER storage/interconn: 40.05 TWh (final excess)
         - Absorbed by storage/interconn: 0.00 TWh
         - Storage Capacity: 65573.65 MW
         - Excess/VRE Ratio (after): 21.57%
         - Excess/VRE Ratio (before): 0.04%
  📊 Edinburgh onshore wind generation recorded for year 2032 (Capacity: 18144.37 MW, Generation: 124487877.27 MWh)
✓ Checkpoint saved after 2032: C:\Users\86150\Desktop\five_scenario_include_uncertain_freq_cap_runs\05_future_base_2025_2035_20260719_base_cm_aligned_repd_virtual_pool_1000twh_scheme_c\checkpoints\future_base_2025_2035_checkpoint.pkl
    ⚠️ Batteries found in analysis but no investments recommended:
      - 0.25c_battery: Recommendation=Do_Nothing, ROI=0.0007, Net Revenue=1934533.36, Current Capacity=6322.06 MW
      - 0.5c_battery: Recommendation=Do_Nothing, ROI=0.0000, Net Revenue=15615.97, Current Capacity=51967.37 MW
      - 1c_battery: Recommendation=Do_Nothing, ROI=0.0004, Net Revenue=212279.75, Current Capacity=1580.52 MW

==================== YEAR 2033 (CASE 3) ====================
  📦 Projects completing in 2033: 23 (9404.71 MW)
      - External (REPD): 6 projects (8810.44 MW)
      - Model-driven: 17 projects (594.27 MW)
      ✓ offshore10: 733.0MW → 757.1MW (+24.12 MW, location-based assignment, distance: N/A km)
      ✓ offshore11: 612.1MW → 631.4MW (+19.33 MW, location-based assignment, distance: N/A km)
      ✓ offshore12: 899.8MW → 930.6MW (+30.85 MW, location-based assignment, distance: N/A km)
      ✓ offshore16: 1289.4MW → 1332.1MW (+42.74 MW, location-based assignment, distance: N/A km)
      ✓ offshore18: 1643.4MW → 1685.2MW (+41.76 MW, location-based assignment, distance: N/A km)
      ✓ offshore2: 280.9MW → 290.1MW (+9.19 MW, location-based assignment, distance: N/A km)
      ✓ offshore9: 950.3MW → 983.2MW (+32.93 MW, location-based assignment, distance: N/A km)
    📊 Allocating 8810.44 MW offshore capacity (no location data) across 21 generators (total existing: 22662.93 MW)
      ✓ offshore1: 496.2MW → 689.2MW (+192.92 MW, 2.19% share, proportional)
      ✓ offshore10: 757.1MW → 1051.4MW (+294.33 MW, 3.34% share, proportional)
      ✓ offshore11: 631.4MW → 876.9MW (+245.47 MW, 2.79% share, proportional)
      ✓ offshore12: 930.6MW → 1292.4MW (+361.79 MW, 4.11% share, proportional)
      ✓ offshore13: 1184.4MW → 1644.8MW (+460.44 MW, 5.23% share, proportional)
      ✓ offshore15: 1943.1MW → 2698.5MW (+755.39 MW, 8.57% share, proportional)
      ✓ offshore16: 1332.1MW → 1850.0MW (+517.87 MW, 5.88% share, proportional)
      ✓ offshore17: 1514.9MW → 2103.8MW (+588.94 MW, 6.68% share, proportional)
      ✓ offshore18: 1685.2MW → 2340.4MW (+655.14 MW, 7.44% share, proportional)
      ✓ offshore2: 290.1MW → 402.9MW (+112.79 MW, 1.28% share, proportional)
      ✓ offshore20: 94.9MW → 131.8MW (+36.88 MW, 0.42% share, proportional)
      ✓ offshore21: 1796.5MW → 2494.9MW (+698.40 MW, 7.93% share, proportional)
      ✓ offshore3: 3883.7MW → 5393.5MW (+1509.82 MW, 17.14% share, proportional)
      ✓ offshore5: 495.8MW → 688.5MW (+192.74 MW, 2.19% share, proportional)
      ✓ offshore6: 1311.4MW → 1821.2MW (+509.82 MW, 5.79% share, proportional)
      ✓ offshore7: 1423.1MW → 1976.3MW (+553.24 MW, 6.28% share, proportional)
      ✓ offshore8: 1909.2MW → 2651.5MW (+742.24 MW, 8.42% share, proportional)
      ✓ offshore9: 983.2MW → 1365.4MW (+382.23 MW, 4.34% share, proportional)
      ✓ onshore_Bournemouth: 354.1MW → 362.7MW (+8.58 MW, location-based assignment, distance: N/A km)
      ✓ onshore_Edinburgh: 18144.4MW → 18415.3MW (+270.92 MW, location-based assignment, distance: N/A km)
      ✓ onshore_London: 14.1MW → 14.4MW (+0.30 MW, location-based assignment, distance: N/A km)
      ✓ onshore_Nottingham: 470.4MW → 479.9MW (+9.52 MW, location-based assignment, distance: N/A km)
      ✓ onshore_Portsmouth: 129.7MW → 132.9MW (+3.18 MW, location-based assignment, distance: N/A km)
      ✓ onshore_Sheffield: 753.9MW → 772.5MW (+18.68 MW, location-based assignment, distance: N/A km)
      ✓ onshore_Cardiff: 1912.5MW → 1952.0MW (+39.51 MW, location-based assignment, distance: N/A km)
      ✓ onshore_Ipswich: 567.7MW → 586.4MW (+18.69 MW, location-based assignment, distance: N/A km)
      ✓ onshore_Manchester: 529.4MW → 539.5MW (+10.07 MW, location-based assignment, distance: N/A km)
      ✓ onshore_Newcastle: 568.2MW → 582.1MW (+13.90 MW, location-based assignment, distance: N/A km)

--- Starting Iteration 9: Electricity Market Simulation (Case 3: Decarbonization Cost to VRE + CM Cost to CCGT/OCGT) ---
--- Iteration 9: calling run_simulation(periods=17520, generators=48, batteries=5) ---
尝试打开wind文件: F:\newfinalweather\average_annual_wind_profile.nc
文件是否存在: True
Using cached weather profiles.
--- Iteration 9: run_simulation returned. Processing results. ---
--- Iteration 9: Simulation Finished. Starting Investment Analysis (Case 3) ---
--- Iteration 9: Adding 6 assets with zero income to analysis ---
  ⚠ Warning: Found 3 assets with capacity > 10,000 MW:
      0.5c_battery: 51967.37 MW (asset_type: 0.5c_battery)
      CCGT: 28000.00 MW (asset_type: CCGT)
      onshore_Edinburgh: 18415.28 MW (asset_type: onshore)
✓ Fast investment analysis saved to C:\Users\86150\Desktop\five_scenario_include_uncertain_freq_cap_runs\05_future_base_2025_2035_20260719_base_cm_aligned_repd_virtual_pool_1000twh_scheme_c\investment_analysis_trace.sqlite
  System Cost: £30.88bn | Cost/MWh: £133.37
  📊 Total VRE profiles recorded for year 2033
      CAPACITY EXPANSION:
         - Solar: 28311.83 MW | Onshore: 23851.29 MW | Offshore: 31473.37 MW
         - Total VRE Capacity: 83636.48 MW
      GENERATION:
         - Total VRE Generation: 197.40 TWh
         - Total Thermal Generation: 34.10 TWh
         - Total Generation (VRE+Thermal): 231.51 TWh
         - Total Forecast Demand: 233.11 TWh
      EXCESS ANALYSIS:
         - Excess BEFORE storage/interconn: 0.09 TWh (VRE - Forecast)
         - Excess AFTER storage/interconn: 75.31 TWh (final excess)
         - Absorbed by storage/interconn: 0.00 TWh
         - Storage Capacity: 65573.65 MW
         - Excess/VRE Ratio (after): 38.15%
         - Excess/VRE Ratio (before): 0.04%
  📊 Edinburgh onshore wind generation recorded for year 2033 (Capacity: 18415.28 MW, Generation: 126125520.44 MWh)
✓ Checkpoint saved after 2033: C:\Users\86150\Desktop\five_scenario_include_uncertain_freq_cap_runs\05_future_base_2025_2035_20260719_base_cm_aligned_repd_virtual_pool_1000twh_scheme_c\checkpoints\future_base_2025_2035_checkpoint.pkl
    ⚠️ Batteries found in analysis but no investments recommended:
      - 0.25c_battery: Recommendation=Do_Nothing, ROI=0.0001, Net Revenue=340355.71, Current Capacity=6322.06 MW
      - 0.5c_battery: Recommendation=Do_Nothing, ROI=0.0000, Net Revenue=38.96, Current Capacity=51967.37 MW
      - 1c_battery: Recommendation=Do_Nothing, ROI=0.0001, Net Revenue=41094.30, Current Capacity=1580.52 MW

==================== YEAR 2034 (CASE 3) ====================
  📦 Projects completing in 2034: 40 (14480.63 MW)
      - External (REPD): 14 projects (13330.83 MW)
      - Model-driven: 26 projects (1149.80 MW)
      ✓ offshore1: 689.2MW → 703.6MW (+14.44 MW, location-based assignment, distance: N/A km)
      ✓ offshore13: 1644.8MW → 1689.1MW (+44.28 MW, location-based assignment, distance: N/A km)
      ✓ offshore15: 2698.5MW → 2768.7MW (+70.26 MW, location-based assignment, distance: N/A km)
      ✓ offshore17: 2103.8MW → 2159.7MW (+55.86 MW, location-based assignment, distance: N/A km)
      ✓ offshore20: 131.8MW → 134.7MW (+2.99 MW, location-based assignment, distance: N/A km)
      ✓ offshore21: 2494.9MW → 2557.8MW (+62.91 MW, location-based assignment, distance: N/A km)
      ✓ offshore3: 5393.5MW → 5539.9MW (+146.36 MW, location-based assignment, distance: N/A km)
      ✓ offshore5: 688.5MW → 704.8MW (+16.29 MW, location-based assignment, distance: N/A km)
      ✓ offshore6: 1821.2MW → 1868.0MW (+46.76 MW, location-based assignment, distance: N/A km)
      ✓ offshore7: 1976.3MW → 2023.5MW (+47.18 MW, location-based assignment, distance: N/A km)
      ✓ offshore8: 2651.5MW → 2713.5MW (+62.06 MW, location-based assignment, distance: N/A km)
      ✓ offshore10: 1051.4MW → 1074.2MW (+22.80 MW, location-based assignment, distance: N/A km)
      ✓ offshore11: 876.9MW → 895.3MW (+18.38 MW, location-based assignment, distance: N/A km)
      ✓ offshore12: 1292.4MW → 1321.7MW (+29.31 MW, location-based assignment, distance: N/A km)
      ✓ offshore16: 1850.0MW → 1890.4MW (+40.44 MW, location-based assignment, distance: N/A km)
      ✓ offshore18: 2340.4MW → 2379.7MW (+39.39 MW, location-based assignment, distance: N/A km)
      ✓ offshore2: 402.9MW → 411.6MW (+8.68 MW, location-based assignment, distance: N/A km)
      ✓ offshore9: 1365.4MW → 1396.7MW (+31.25 MW, location-based assignment, distance: N/A km)
    📊 Allocating 13330.83 MW offshore capacity (no location data) across 21 generators (total existing: 32233.00 MW)
      ✓ offshore1: 703.6MW → 994.6MW (+291.00 MW, 2.18% share, proportional)
      ✓ offshore10: 1074.2MW → 1518.5MW (+444.27 MW, 3.33% share, proportional)
      ✓ offshore11: 895.3MW → 1265.5MW (+370.26 MW, 2.78% share, proportional)
      ✓ offshore12: 1321.7MW → 1868.3MW (+546.63 MW, 4.10% share, proportional)
      ✓ offshore13: 1689.1MW → 2387.7MW (+698.58 MW, 5.24% share, proportional)
      ✓ offshore15: 2768.7MW → 3913.8MW (+1145.08 MW, 8.59% share, proportional)
      ✓ offshore16: 1890.4MW → 2672.2MW (+781.83 MW, 5.86% share, proportional)
      ✓ offshore17: 2159.7MW → 3052.9MW (+893.21 MW, 6.70% share, proportional)
      ✓ offshore18: 2379.7MW → 3363.9MW (+984.21 MW, 7.38% share, proportional)
      ✓ offshore2: 411.6MW → 581.8MW (+170.23 MW, 1.28% share, proportional)
      ✓ offshore20: 134.7MW → 190.5MW (+55.73 MW, 0.42% share, proportional)
      ✓ offshore21: 2557.8MW → 3615.6MW (+1057.84 MW, 7.94% share, proportional)
      ✓ offshore3: 5539.9MW → 7831.0MW (+2291.16 MW, 17.19% share, proportional)
      ✓ offshore5: 704.8MW → 996.3MW (+291.50 MW, 2.19% share, proportional)
      ✓ offshore6: 1868.0MW → 2640.5MW (+772.55 MW, 5.80% share, proportional)
      ✓ offshore7: 2023.5MW → 2860.4MW (+836.88 MW, 6.28% share, proportional)
      ✓ offshore8: 2713.5MW → 3835.8MW (+1122.26 MW, 8.42% share, proportional)
      ✓ offshore9: 1396.7MW → 1974.3MW (+577.63 MW, 4.33% share, proportional)
      ✓ onshore_Bournemouth: 362.7MW → 371.6MW (+8.92 MW, location-based assignment, distance: N/A km)
      ✓ onshore_Edinburgh: 18415.3MW → 18696.1MW (+280.80 MW, location-based assignment, distance: N/A km)
      ✓ onshore_Nottingham: 479.9MW → 489.1MW (+9.26 MW, location-based assignment, distance: N/A km)
      ✓ onshore_Portsmouth: 132.9MW → 136.0MW (+3.11 MW, location-based assignment, distance: N/A km)
      ✓ onshore_Sheffield: 772.5MW → 790.7MW (+18.14 MW, location-based assignment, distance: N/A km)
      ✓ onshore_Cardiff: 1952.0MW → 1993.9MW (+41.88 MW, location-based assignment, distance: N/A km)
      ✓ onshore_Ipswich: 586.4MW → 603.1MW (+16.70 MW, location-based assignment, distance: N/A km)
      ✓ onshore_Newcastle: 582.1MW → 593.4MW (+11.36 MW, location-based assignment, distance: N/A km)

--- Starting Iteration 10: Electricity Market Simulation (Case 3: Decarbonization Cost to VRE + CM Cost to CCGT/OCGT) ---
--- Iteration 10: calling run_simulation(periods=17520, generators=48, batteries=5) ---
尝试打开wind文件: F:\newfinalweather\average_annual_wind_profile.nc
文件是否存在: True
Using cached weather profiles.
--- Iteration 10: run_simulation returned. Processing results. ---
--- Iteration 10: Simulation Finished. Starting Investment Analysis (Case 3) ---
--- Iteration 10: Adding 6 assets with zero income to analysis ---
  ⚠ Warning: Found 3 assets with capacity > 10,000 MW:
      0.5c_battery: 51967.37 MW (asset_type: 0.5c_battery)
      CCGT: 28000.00 MW (asset_type: CCGT)
      onshore_Edinburgh: 18696.09 MW (asset_type: onshore)

================================================================================
REVENUE-TO-INVESTMENT VERIFICATION (Iteration 10)
================================================================================

  1C_BATTERY:
    Total Income: 15,987.22 GBP
    Total Net Revenue: 15,987.22 GBP
    Current Capacity: 1580.52 MW
    Suggested Capacity: 1580.52 MW
    Capacity Change: +0.00 MW
    Recommendations: {'Do_Nothing': 1}
    ⚠️  WARNING: Has revenue (15,987.22 GBP) but no capacity expansion!
      - 1c_battery: Income=15,987.22, Net Revenue=15,987.22, ROI=0.0000, Recommendation=Do_Nothing, Capacity Change=0.00 MW

  0.5C_BATTERY:
    Total Income: 38.96 GBP
    Total Net Revenue: 38.96 GBP
    Current Capacity: 51967.37 MW
    Suggested Capacity: 51967.37 MW
    Capacity Change: +0.00 MW
    Recommendations: {'Do_Nothing': 1}
    ⚠️  WARNING: Has revenue (38.96 GBP) but no capacity expansion!
      - 0.5c_battery: Income=38.96, Net Revenue=38.96, ROI=0.0000, Recommendation=Do_Nothing, Capacity Change=0.00 MW

  0.25C_BATTERY:
    Total Income: 126,240.32 GBP
    Total Net Revenue: 126,240.32 GBP
    Current Capacity: 6322.06 MW
    Suggested Capacity: 6322.06 MW
    Capacity Change: +0.00 MW
    Recommendations: {'Do_Nothing': 1}
    ⚠️  WARNING: Has revenue (126,240.32 GBP) but no capacity expansion!
      - 0.25c_battery: Income=126,240.32, Net Revenue=126,240.32, ROI=0.0000, Recommendation=Do_Nothing, Capacity Change=0.00 MW

  OFFSHORE:
    Total Income: 1,207,656,019.06 GBP
    Total Net Revenue: 1,207,646,625.00 GBP
    Current Capacity: 45563.83 MW
    Suggested Capacity: 45563.83 MW
    Capacity Change: +0.00 MW
    Recommendations: {'Do_Nothing': 21}
    ⚠️  WARNING: Has revenue (1,207,656,019.06 GBP) but no capacity expansion!
      - offshore1: Income=23,386,192.31, Net Revenue=23,385,781.72, ROI=0.0059, Recommendation=Do_Nothing, Capacity Change=0.00 MW
      - offshore10: Income=33,773,398.05, Net Revenue=33,773,165.10, ROI=0.0056, Recommendation=Do_Nothing, Capacity Change=0.00 MW
      - offshore11: Income=35,799,703.48, Net Revenue=35,799,519.67, ROI=0.0071, Recommendation=Do_Nothing, Capacity Change=0.00 MW
      - offshore12: Income=57,503,206.09, Net Revenue=57,502,917.81, ROI=0.0077, Recommendation=Do_Nothing, Capacity Change=0.00 MW
      - offshore13: Income=75,549,993.38, Net Revenue=75,549,675.28, ROI=0.0080, Recommendation=Do_Nothing, Capacity Change=0.00 MW
      - offshore15: Income=114,346,733.20, Net Revenue=114,346,316.22, ROI=0.0073, Recommendation=Do_Nothing, Capacity Change=0.00 MW
      - offshore16: Income=59,840,239.21, Net Revenue=59,840,060.85, ROI=0.0056, Recommendation=Do_Nothing, Capacity Change=0.00 MW
      - offshore17: Income=104,781,518.19, Net Revenue=104,781,274.12, ROI=0.0086, Recommendation=Do_Nothing, Capacity Change=0.00 MW
      - offshore18: Income=53,882,137.68, Net Revenue=53,882,029.18, ROI=0.0040, Recommendation=Do_Nothing, Capacity Change=0.00 MW
      - offshore2: Income=12,890,731.17, Net Revenue=12,890,465.30, ROI=0.0056, Recommendation=Do_Nothing, Capacity Change=0.00 MW
      - offshore20: Income=4,111,223.13, Net Revenue=4,111,215.24, ROI=0.0054, Recommendation=Do_Nothing, Capacity Change=0.00 MW
      - offshore21: Income=92,805,550.61, Net Revenue=92,805,389.93, ROI=0.0065, Recommendation=Do_Nothing, Capacity Change=0.00 MW
      - offshore3: Income=218,246,055.99, Net Revenue=218,242,536.50, ROI=0.0070, Recommendation=Do_Nothing, Capacity Change=0.00 MW
      - offshore5: Income=22,131,437.38, Net Revenue=22,131,117.43, ROI=0.0056, Recommendation=Do_Nothing, Capacity Change=0.00 MW
      - offshore6: Income=79,852,011.07, Net Revenue=79,851,153.15, ROI=0.0076, Recommendation=Do_Nothing, Capacity Change=0.00 MW
      - offshore7: Income=79,931,181.56, Net Revenue=79,930,439.00, ROI=0.0070, Recommendation=Do_Nothing, Capacity Change=0.00 MW
      - offshore8: Income=89,036,117.74, Net Revenue=89,035,340.99, ROI=0.0058, Recommendation=Do_Nothing, Capacity Change=0.00 MW
      - offshore9: Income=49,788,588.82, Net Revenue=49,788,227.50, ROI=0.0063, Recommendation=Do_Nothing, Capacity Change=0.00 MW

  ONSHORE:
    Total Income: 315,906,924.10 GBP
    Total Net Revenue: 315,898,572.79 GBP
    Current Capacity: 24241.45 MW
    Suggested Capacity: 24241.45 MW
    Capacity Change: +0.00 MW
    Recommendations: {'Do_Nothing': 11}
    ⚠️  WARNING: Has revenue (315,906,924.10 GBP) but no capacity expansion!
      - onshore_Birmingham: Income=113,404.63, Net Revenue=113,401.45, ROI=0.0053, Recommendation=Do_Nothing, Capacity Change=0.00 MW
      - onshore_Bournemouth: Income=9,086,228.28, Net Revenue=9,086,069.06, ROI=0.0154, Recommendation=Do_Nothing, Capacity Change=0.00 MW
      - onshore_Cardiff: Income=33,496,800.80, Net Revenue=33,496,123.67, ROI=0.0106, Recommendation=Do_Nothing, Capacity Change=0.00 MW
      - onshore_Edinburgh: Income=224,146,796.30, Net Revenue=224,140,403.99, ROI=0.0075, Recommendation=Do_Nothing, Capacity Change=0.00 MW
      - onshore_Ipswich: Income=13,738,409.98, Net Revenue=13,738,163.21, ROI=0.0143, Recommendation=Do_Nothing, Capacity Change=0.00 MW
      - onshore_London: Income=139,202.72, Net Revenue=139,199.28, ROI=0.0061, Recommendation=Do_Nothing, Capacity Change=0.00 MW
      - onshore_Manchester: Income=6,067,779.66, Net Revenue=6,067,608.87, ROI=0.0071, Recommendation=Do_Nothing, Capacity Change=0.00 MW
      - onshore_Newcastle: Income=8,254,428.49, Net Revenue=8,254,204.19, ROI=0.0088, Recommendation=Do_Nothing, Capacity Change=0.00 MW
      - onshore_Nottingham: Income=7,328,028.79, Net Revenue=7,327,877.14, ROI=0.0094, Recommendation=Do_Nothing, Capacity Change=0.00 MW
      - onshore_Portsmouth: Income=3,792,747.36, Net Revenue=3,792,684.36, ROI=0.0176, Recommendation=Do_Nothing, Capacity Change=0.00 MW
      - onshore_Sheffield: Income=9,743,097.10, Net Revenue=9,742,837.57, ROI=0.0078, Recommendation=Do_Nothing, Capacity Change=0.00 MW

  SOLAR:
    Total Income: 262,350,852.63 GBP
    Total Net Revenue: 262,347,966.31 GBP
    Current Capacity: 28311.83 MW
    Suggested Capacity: 28311.83 MW
    Capacity Change: +0.00 MW
    Recommendations: {'Do_Nothing': 11}
    ⚠️  WARNING: Has revenue (262,350,852.63 GBP) but no capacity expansion!
      - solar_Birmingham: Income=15,637,066.24, Net Revenue=15,636,887.59, ROI=0.0133, Recommendation=Do_Nothing, Capacity Change=0.00 MW
      - solar_Bournemouth: Income=40,712,822.45, Net Revenue=40,712,336.00, ROI=0.0144, Recommendation=Do_Nothing, Capacity Change=0.00 MW
      - solar_Cardiff: Income=16,890,966.11, Net Revenue=16,890,772.42, ROI=0.0140, Recommendation=Do_Nothing, Capacity Change=0.00 MW
      - solar_Edinburgh: Income=14,207,017.37, Net Revenue=14,206,866.37, ROI=0.0131, Recommendation=Do_Nothing, Capacity Change=0.00 MW
      - solar_Ipswich: Income=37,397,632.51, Net Revenue=37,397,212.17, ROI=0.0151, Recommendation=Do_Nothing, Capacity Change=0.00 MW
      - solar_London: Income=628,950.78, Net Revenue=628,943.40, ROI=0.0130, Recommendation=Do_Nothing, Capacity Change=0.00 MW
      - solar_Manchester: Income=6,367,536.74, Net Revenue=6,367,468.65, ROI=0.0135, Recommendation=Do_Nothing, Capacity Change=0.00 MW
      - solar_Newcastle: Income=7,586,297.44, Net Revenue=7,586,214.61, ROI=0.0139, Recommendation=Do_Nothing, Capacity Change=0.00 MW
      - solar_Nottingham: Income=49,756,243.05, Net Revenue=49,755,793.76, ROI=0.0134, Recommendation=Do_Nothing, Capacity Change=0.00 MW
      - solar_Portsmouth: Income=50,291,880.94, Net Revenue=50,291,283.84, ROI=0.0147, Recommendation=Do_Nothing, Capacity Change=0.00 MW
      - solar_Sheffield: Income=22,874,438.98, Net Revenue=22,874,187.51, ROI=0.0135, Recommendation=Do_Nothing, Capacity Change=0.00 MW

================================================================================

✓ Fast investment analysis saved to C:\Users\86150\Desktop\five_scenario_include_uncertain_freq_cap_runs\05_future_base_2025_2035_20260719_base_cm_aligned_repd_virtual_pool_1000twh_scheme_c\investment_analysis_trace.sqlite
  System Cost: £34.05bn | Cost/MWh: £147.43
  📊 VRE and excess generation profiles recorded for year 2034
  📊 Total VRE profiles recorded for year 2034
      CAPACITY EXPANSION:
         - Solar: 28311.83 MW | Onshore: 24241.45 MW | Offshore: 45563.83 MW
         - Total VRE Capacity: 98117.11 MW
      GENERATION:
         - Total VRE Generation: 206.32 TWh
         - Total Thermal Generation: 24.61 TWh
         - Total Generation (VRE+Thermal): 230.92 TWh
         - Total Forecast Demand: 233.11 TWh
      EXCESS ANALYSIS:
         - Excess BEFORE storage/interconn: 0.10 TWh (VRE - Forecast)
         - Excess AFTER storage/interconn: 141.05 TWh (final excess)
         - Absorbed by storage/interconn: 0.00 TWh
         - Storage Capacity: 65573.65 MW
         - Excess/VRE Ratio (after): 68.36%
         - Excess/VRE Ratio (before): 0.05%
  📊 Edinburgh onshore wind generation recorded for year 2034 (Capacity: 18696.09 MW, Generation: 127846297.91 MWh)
✓ Checkpoint saved after 2034: C:\Users\86150\Desktop\five_scenario_include_uncertain_freq_cap_runs\05_future_base_2025_2035_20260719_base_cm_aligned_repd_virtual_pool_1000twh_scheme_c\checkpoints\future_base_2025_2035_checkpoint.pkl
    ⚠️ Batteries found in analysis but no investments recommended:
      - 0.25c_battery: Recommendation=Do_Nothing, ROI=0.0000, Net Revenue=126240.32, Current Capacity=6322.06 MW
      - 0.5c_battery: Recommendation=Do_Nothing, ROI=0.0000, Net Revenue=38.96, Current Capacity=51967.37 MW
      - 1c_battery: Recommendation=Do_Nothing, ROI=0.0000, Net Revenue=15987.22, Current Capacity=1580.52 MW

✓ Thermal capacity history saved to C:\Users\86150\Desktop\five_scenario_include_uncertain_freq_cap_runs\05_future_base_2025_2035_20260719_base_cm_aligned_repd_virtual_pool_1000twh_scheme_c\thermal_capacity_history_future_base_2025_2035.csv
✓ System cost history saved to C:\Users\86150\Desktop\five_scenario_include_uncertain_freq_cap_runs\05_future_base_2025_2035_20260719_base_cm_aligned_repd_virtual_pool_1000twh_scheme_c\system_cost_history_future_base_2025_2035.csv
✓ Capacity history saved to C:\Users\86150\Desktop\five_scenario_include_uncertain_freq_cap_runs\05_future_base_2025_2035_20260719_base_cm_aligned_repd_virtual_pool_1000twh_scheme_c\capacity_history_future_base_2025_2035.csv
✓ Investment summary saved to C:\Users\86150\Desktop\five_scenario_include_uncertain_freq_cap_runs\05_future_base_2025_2035_20260719_base_cm_aligned_repd_virtual_pool_1000twh_scheme_c\investment_summary_future_base_2025_2035.csv

================================================================================
VRE vs 全网 EXCESS GENERATION ANALYSIS - YEAR 2034
================================================================================
✓ VRE vs 全网 excess comparison saved to vre_vs_system_wide_excess_comparison_2034.csv

Summary Statistics for Year 2034:
  Total VRE Generation: 412,633,562.36 MWh
  Total Excess Generation: 282,092,646.16 MWh
  Excess as % of VRE: 68.36%
  Average VRE per Period: 23552.14 MWh
  Average Excess per Period: 16101.18 MWh
  Maximum VRE (single period): 44042.00 MWh
  Maximum Excess (single period): 58119.12 MWh
  Periods with Excess: 13874 out of 17520 (79.2%)
✓ 全网 excess summary saved to vre_vs_system_wide_excess_summary_2034.csv

================================================================================
EDINBURGH ONSHORE WIND GENERATION (generation only; excess = 全网, see below)
================================================================================
✓ Edinburgh generation (all years) saved to edinburgh_onshore_generation_all_years_detailed.csv
✓ Edinburgh generation summary saved to edinburgh_onshore_generation_summary_by_year.csv
✓ Individual year files saved (edinburgh_onshore_generation_YYYY.csv for years 2025-2034)

Summary for Edinburgh Onshore Wind (2025-2034):
  Years tracked: 10
  Total generation across all years: 1,004,283,643.12 MWh
  Average generation per period (all years): 5732.2126 MWh

  Year-by-year breakdown:
    2025: Capacity=10632.20 MW, Gen=74,403,029.71 MWh
    2026: Capacity=10865.35 MW, Gen=76,032,183.47 MWh
    2027: Capacity=10865.35 MW, Gen=75,796,984.62 MWh
    2028: Capacity=10865.35 MW, Gen=75,707,764.04 MWh
    2029: Capacity=11713.19 MW, Gen=81,441,067.15 MWh
    2030: Capacity=17376.64 MW, Gen=119,817,722.68 MWh
    2031: Capacity=17842.74 MW, Gen=122,625,195.83 MWh
    2032: Capacity=18144.37 MW, Gen=124,487,877.27 MWh
    2033: Capacity=18415.28 MW, Gen=126,125,520.44 MWh
    2034: Capacity=18696.09 MW, Gen=127,846,297.91 MWh

================================================================================
全网 EXCESS GENERATION PROFILE (Total VRE + System-Wide Excess)
================================================================================
✓ 全网 excess generation profile (all years) saved to system_wide_excess_generation_profile_all_years.csv
✓ 全网 excess summary by year saved to system_wide_excess_summary_by_year.csv
✓ Individual year files saved (system_wide_excess_generation_profile_YYYY.csv for years 2025-2034)

================================================================================
CASE 3 ANALYSIS COMPLETE
================================================================================
✓ Console log saved to C:\Users\86150\Desktop\five_scenario_include_uncertain_freq_cap_runs\05_future_base_2025_2035_20260719_base_cm_aligned_repd_virtual_pool_1000twh_scheme_c\console_log_case3.log

================================================================================
FINISHED=2026-07-20T16:05:56
RETURN_CODE=0
