Year,Asset,Source,Added_Capacity_MW,Investment_Cost,Assignment_Method,Project_Location
2026,solar_Sheffield,external,2.3,1515699.9999999998,Location-based,"N/A, N/A"
2026,solar_Nottingham,external,138.0,90942000.0,Location-based,"N/A, N/A"
2026,solar_Edinburgh,external,1.3,856700.0,Location-based,"N/A, N/A"
2026,solar_Ipswich,external,27.0,17793000.0,Location-based,"N/A, N/A"
2026,solar_Birmingham,external,31.039260969976908,20454872.979214784,Location-based,"N/A, N/A"
2026,solar_Nottingham,external,480.0,316320000.0,Location-based,"N/A, N/A"
2026,solar_Ipswich,external,49.9,32884100.0,Location-based,"N/A, N/A"
2026,solar_Nottingham,external,49.9,32884100.0,Location-based,"N/A, N/A"
2026,solar_Ipswich,external,24.9,16409099.999999998,Location-based,"N/A, N/A"
2026,solar_Sheffield,external,176.36138613861388,116222153.46534654,Location-based,"N/A, N/A"
2026,solar_Edinburgh,external,20.5,13509500.0,Location-based,"N/A, N/A"
2026,solar_Edinburgh,external,20.0,13180000.0,Location-based,"N/A, N/A"
2026,solar_Sheffield,external,400.0,263600000.0,Location-based,"N/A, N/A"
2026,solar_Bournemouth,external,19.0,12521000.0,Location-based,"N/A, N/A"
2026,solar_Nottingham,external,20.0,13180000.0,Location-based,"N/A, N/A"
2026,solar_Portsmouth,external,44.0,28996000.0,Location-based,"N/A, N/A"
2026,solar_Portsmouth,external,45.9,30248100.0,Location-based,"N/A, N/A"
2026,solar_Cardiff,external,42.0,27678000.0,Location-based,"N/A, N/A"
2026,solar_Ipswich,external,13.8,9094200.0,Location-based,"N/A, N/A"
2026,solar_Birmingham,external,30.0,19770000.0,Location-based,"N/A, N/A"
2026,solar_Birmingham,external,23.1,15222900.000000002,Location-based,"N/A, N/A"
2026,solar_Portsmouth,external,729.7834394904459,480927286.6242038,Location-based,"N/A, N/A"
2026,solar_Portsmouth,external,30.0,19770000.0,Location-based,"N/A, N/A"
2026,solar_Sheffield,external,22.4,14761599.999999998,Location-based,"N/A, N/A"
2026,solar_Nottingham,external,49.9,32884100.0,Location-based,"N/A, N/A"
2026,solar_Cardiff,external,13.702247191011237,9029780.898876404,Location-based,"N/A, N/A"
2026,solar_Birmingham,external,0.9843879907621248,648711.6859122403,Location-based,"N/A, N/A"
2026,solar_Cardiff,external,1.3,856700.0,Location-based,"N/A, N/A"
2026,solar_Nottingham,external,1.0,659000.0,Location-based,"N/A, N/A"
2026,solar_Birmingham,external,40.0,26360000.0,Location-based,"N/A, N/A"
2026,solar_Ipswich,external,21.54340836012862,14197106.10932476,Location-based,"N/A, N/A"
2026,solar_Edinburgh,external,7.5,4942500.0,Location-based,"N/A, N/A"
2026,solar_Birmingham,external,30.0,19770000.0,Location-based,"N/A, N/A"
2026,solar_Newcastle,external,37.88461538461539,24965961.53846154,Location-based,"N/A, N/A"
2026,solar_Birmingham,external,49.9,32884100.0,Location-based,"N/A, N/A"
2026,solar_Nottingham,external,24.0,15816000.0,Location-based,"N/A, N/A"
2026,solar_Birmingham,external,28.0,18452000.0,Location-based,"N/A, N/A"
2026,solar_Nottingham,external,1.7,1120300.0,Location-based,"N/A, N/A"
2026,solar_Bournemouth,external,2.5,1647500.0,Location-based,"N/A, N/A"
2026,solar_Manchester,external,42.939952718676125,28297428.841607567,Location-based,"N/A, N/A"
2026,solar_Manchester,external,4.0,2636000.0,Location-based,"N/A, N/A"
2026,solar_Manchester,external,12.907801418439716,8506241.134751773,Location-based,"N/A, N/A"
2026,solar_Sheffield,external,220.45173267326737,145277691.8316832,Location-based,"N/A, N/A"
2026,solar_Ipswich,external,10.7,7051299.999999999,Location-based,"N/A, N/A"
2026,solar_Nottingham,external,30.16157989228007,19876481.149012566,Location-based,"N/A, N/A"
2026,solar_Bournemouth,external,30.0,19770000.0,Location-based,"N/A, N/A"
2026,solar_Edinburgh,external,72.0,47448000.0,Location-based,"N/A, N/A"
2026,solar_Birmingham,external,25.0,16475000.0,Location-based,"N/A, N/A"
2026,solar_Birmingham,external,26.605080831408777,17532748.267898384,Location-based,"N/A, N/A"
2026,solar_Portsmouth,external,20.0,13180000.0,Location-based,"N/A, N/A"
2026,solar_Sheffield,external,1.5594059405940597,1027648.5148514854,Location-based,"N/A, N/A"
2026,solar_Manchester,external,12.5,8237500.0,Location-based,"N/A, N/A"
2026,solar_Edinburgh,external,110.0,72490000.0,Location-based,"N/A, N/A"
2026,solar_Newcastle,external,16.0,10544000.0,Location-based,"N/A, N/A"
2026,solar_Ipswich,external,49.9,32884100.0,Location-based,"N/A, N/A"
2026,solar_Bournemouth,external,40.0,26360000.0,Location-based,"N/A, N/A"
2026,solar_Sheffield,external,10.0,6590000.0,Location-based,"N/A, N/A"
2026,solar_Nottingham,external,46.0,30314000.0,Location-based,"N/A, N/A"
2026,solar_Edinburgh,external,10.905775075987844,7186905.775075989,Location-based,"N/A, N/A"
2026,solar_Nottingham,external,1.0,659000.0,Location-based,"N/A, N/A"
2026,solar_Edinburgh,external,4.0,2636000.0,Location-based,"N/A, N/A"
2026,solar_Sheffield,external,28.0,18452000.0,Location-based,"N/A, N/A"
2026,solar_Nottingham,external,32.74685816876122,21580179.533213645,Location-based,"N/A, N/A"
2026,solar_Manchester,external,31.839243498817968,20982061.46572104,Location-based,"N/A, N/A"
2026,solar_Bournemouth,external,1.05,691950.0,Location-based,"N/A, N/A"
2026,solar_Portsmouth,external,47.5,31302500.0,Location-based,"N/A, N/A"
2026,solar_Portsmouth,external,49.9,32884100.0,Location-based,"N/A, N/A"
2026,solar_London,external,12.0,7908000.0,Location-based,"N/A, N/A"
2026,solar_Portsmouth,external,19.982165605095542,13168247.133757962,Location-based,"N/A, N/A"
2026,solar_Edinburgh,external,16.358662613981764,10780358.662613982,Location-based,"N/A, N/A"
2026,solar_Manchester,external,8.605200945626478,5670827.423167849,Location-based,"N/A, N/A"
2026,solar_Bournemouth,external,27.76,18293840.0,Location-based,"N/A, N/A"
2026,solar_Edinburgh,external,36.352583586626146,23956352.58358663,Location-based,"N/A, N/A"
2026,solar_Bournemouth,external,1.88,1238920.0,Location-based,"N/A, N/A"
2026,solar_Birmingham,external,3.2,2108800.0,Location-based,"N/A, N/A"
2026,solar_Edinburgh,external,6.0,3954000.0,Location-based,"N/A, N/A"
2026,solar_Manchester,external,1.0,659000.0,Location-based,"N/A, N/A"
2026,solar_Manchester,external,2.1513002364066196,1417706.8557919622,Location-based,"N/A, N/A"
2026,solar_Ipswich,external,22.836012861736336,15048932.475884246,Location-based,"N/A, N/A"
2026,solar_Newcastle,external,49.9,32884100.0,Location-based,"N/A, N/A"
2026,solar_Sheffield,external,49.9,32884100.0,Location-based,"N/A, N/A"
2026,solar_Sheffield,external,23.5,15486500.0,Location-based,"N/A, N/A"
2026,solar_Cardiff,external,9.99,6583410.0,Location-based,"N/A, N/A"
2026,solar_Portsmouth,external,12.1,7973900.0,Location-based,"N/A, N/A"
2026,solar_Newcastle,external,8.0,5272000.0,Location-based,"N/A, N/A"
2026,solar_Edinburgh,external,1.64,1080760.0,Location-based,"N/A, N/A"
2026,solar_Newcastle,external,120.0,79080000.0,Location-based,"N/A, N/A"
2026,solar_Portsmouth,external,22.5,14827500.0,Location-based,"N/A, N/A"
2026,solar_Ipswich,external,25.0,16475000.0,Location-based,"N/A, N/A"
2026,solar_Cardiff,external,1.0,659000.0,Location-based,"N/A, N/A"
2026,solar_Manchester,external,4.0,2636000.0,Location-based,"N/A, N/A"
2026,solar_Nottingham,external,28.0,18452000.0,Location-based,"N/A, N/A"
2026,solar_Ipswich,external,40.0,26360000.0,Location-based,"N/A, N/A"
2026,solar_Nottingham,external,7.5,4942500.0,Location-based,"N/A, N/A"
2026,solar_Sheffield,external,32.487623762376245,21409344.059405945,Location-based,"N/A, N/A"
2026,solar_Cardiff,external,8.36,5509240.0,Location-based,"N/A, N/A"
2026,solar_Portsmouth,external,15.638216560509555,10305584.713375797,Location-based,"N/A, N/A"
2026,solar_Ipswich,external,15.0,9885000.0,Location-based,"N/A, N/A"
2026,solar_Bournemouth,external,1.93,1271870.0,Location-based,"N/A, N/A"
2026,solar_Sheffield,external,3.0,1977000.0,Location-based,"N/A, N/A"
2026,solar_Manchester,external,17.210401891252957,11341654.846335698,Location-based,"N/A, N/A"
2026,solar_Sheffield,external,17.63613861386139,11622215.346534656,Location-based,"N/A, N/A"
2026,solar_Nottingham,external,6.0,3954000.0,Location-based,"N/A, N/A"
2026,solar_Edinburgh,external,12.5,8237500.0,Location-based,"N/A, N/A"
2026,solar_Ipswich,external,10.0,6590000.0,Location-based,"N/A, N/A"
2026,solar_Bournemouth,external,9.2,6062799.999999999,Location-based,"N/A, N/A"
2026,solar_Birmingham,external,5.0,3295000.0,Location-based,"N/A, N/A"
2026,solar_Portsmouth,external,2.0,1318000.0,Location-based,"N/A, N/A"
2026,solar_Portsmouth,external,5.0,3295000.0,Location-based,"N/A, N/A"
2026,solar_Portsmouth,external,1.15,757849.9999999999,Location-based,"N/A, N/A"
2026,solar_Ipswich,external,1.0,659000.0,Location-based,"N/A, N/A"
2026,solar_Bournemouth,external,1.0,659000.0,Location-based,"N/A, N/A"
2026,solar_Nottingham,external,20.68222621184919,13629587.073608616,Location-based,"N/A, N/A"
2026,solar_Manchester,external,9.3,6128700.000000001,Location-based,"N/A, N/A"
2026,solar_Bournemouth,external,1.06,698540.0,Location-based,"N/A, N/A"
2026,solar_Bournemouth,external,1.1,724900.0000000001,Location-based,"N/A, N/A"
2026,solar_Manchester,external,1.1186761229314421,737207.5650118204,Location-based,"N/A, N/A"
2026,solar_Manchester,external,1.1,724900.0000000001,Location-based,"N/A, N/A"
2026,solar_Portsmouth,external,2.15,1416850.0,Location-based,"N/A, N/A"
2026,solar_Bournemouth,external,11.456230690010297,7549656.024716786,Location-based,"N/A, N/A"
2026,solar_Portsmouth,external,43.352611464968156,28569370.955414016,Location-based,"N/A, N/A"
2026,solar_Ipswich,external,2.4,1581600.0,Location-based,"N/A, N/A"
2026,solar_Nottingham,external,1.44,948960.0,Location-based,"N/A, N/A"
2026,solar_Bournemouth,external,1.0183316168898042,671080.535530381,Location-based,"N/A, N/A"
2026,solar_Newcastle,external,1.4,922599.9999999999,Location-based,"N/A, N/A"
2026,solar_Cardiff,external,1.4,922599.9999999999,Location-based,"N/A, N/A"
2026,solar_Manchester,external,1.3,856700.0,Location-based,"N/A, N/A"
2026,solar_Ipswich,external,2.3,1515699.9999999998,Location-based,"N/A, N/A"
2026,solar_Newcastle,external,1.0,659000.0,Location-based,"N/A, N/A"
2026,solar_Ipswich,external,2.8,1845199.9999999998,Location-based,"N/A, N/A"
2026,solar_Sheffield,external,1.1,724900.0000000001,Location-based,"N/A, N/A"
2026,solar_Birmingham,external,1.028729792147806,677932.9330254041,Location-based,"N/A, N/A"
2026,solar_Cardiff,external,25.87078651685393,17048848.31460674,Location-based,"N/A, N/A"
2026,solar_Sheffield,external,1.11,731490.0000000001,Location-based,"N/A, N/A"
2026,solar_Manchester,external,1.12,738080.0000000001,Location-based,"N/A, N/A"
2026,solar_Birmingham,external,1.01,665590.0,Location-based,"N/A, N/A"
2026,solar_Ipswich,external,8.8,5799200.000000001,Location-based,"N/A, N/A"
2026,solar_Nottingham,external,0.8703770197486534,573578.4560143626,Location-based,"N/A, N/A"
2026,solar_Birmingham,model,67.60973026427244,44554812.24415554,Location-based,"N/A, N/A"
2026,solar_Birmingham,external,1.6925632157432782,1115399.1591748204,Proportional,
2026,solar_Bournemouth,external,4.685842783590737,3087970.3943862957,Proportional,
2026,solar_Cardiff,external,1.6340479564581534,1076837.603305923,Proportional,
2026,solar_Edinburgh,external,0.9993884595819075,658596.9948644771,Proportional,
2026,solar_Ipswich,external,3.389149467014213,2233449.4987623664,Proportional,
2026,solar_London,external,0.03430538834456015,22607.25091906514,Proportional,
2026,solar_Manchester,external,0.611446343602146,402943.1404338142,Proportional,
2026,solar_Newcastle,external,0.4807072985522519,316786.109745934,Proportional,
2026,solar_Nottingham,external,3.425089534973501,2257134.003547537,Proportional,
2026,solar_Portsmouth,external,4.996683337497006,3292814.319410527,Proportional,
2026,solar_Sheffield,external,2.1166298731788307,1394859.0864248495,Proportional,
2026,solar_Birmingham,external,0.24615670564422865,162217.2690195467,Proportional,
2026,solar_Bournemouth,external,0.6814821520677721,449096.7382126618,Proportional,
2026,solar_Cardiff,external,0.23764658128280636,156609.0970653694,Proportional,
2026,solar_Edinburgh,external,0.14534533693118853,95782.57703765325,Proportional,
2026,solar_Ipswich,external,0.49289849854721757,324820.1105426164,Proportional,
2026,solar_London,external,0.004989179312297943,3287.869166804345,Proportional,
2026,solar_Manchester,external,0.08892525621456163,58601.743845396115,Proportional,
2026,solar_Newcastle,external,0.06991131786991805,46071.558476276,Proportional,
2026,solar_Nottingham,external,0.49812541630556134,328264.64934536495,Proportional,
2026,solar_Portsmouth,external,0.7266890229358675,478888.06611473666,Proportional,
2026,solar_Sheffield,external,0.3078305328885803,202860.32117357443,Proportional,
2026,solar_Birmingham,external,0.2824712523932762,186148.55532716902,Proportional,
2026,solar_Bournemouth,external,0.7820185782648087,515350.2430765089,Proportional,
2026,solar_Cardiff,external,0.27270566229853466,179713.03145473433,Proportional,
2026,solar_Edinburgh,external,0.1667875723516294,109913.01017972377,Proportional,
2026,solar_Ipswich,external,0.5656139077057165,372739.5651780672,Proportional,
2026,solar_London,external,0.005725213640112212,3772.9157888339478,Proportional,
2026,solar_Manchester,external,0.10204405533694678,67247.03246704793,Proportional,
2026,solar_Newcastle,external,0.08022506420654639,52868.31731211407,Proportional,
2026,solar_Nottingham,external,0.5716119324253435,376692.26346830133,Proportional,
2026,solar_Portsmouth,external,0.8338946439501693,549536.5703631616,Proportional,
2026,solar_Sheffield,external,0.35324358084155066,232787.5197745819,Proportional,
2026,0.5c_battery,external,229.09263657957243,80182422.80285035,REPD/model battery → 1C/0.5C/0.25C proportional,
2026,1c_battery,external,6.967537608867775,2299287.4109263658,REPD/model battery → 1C/0.5C/0.25C proportional,
2026,0.25c_battery,external,27.8701504354711,11566112.430720506,REPD/model battery → 1C/0.5C/0.25C proportional,
2026,hydrogen_battery,external,0.06967537608867776,41805.22565320665,REPD/model battery → 1C/0.5C/0.25C proportional,
2026,0.5c_battery,external,17.35550277117973,6074425.969912905,REPD/model battery → 1C/0.5C/0.25C proportional,
2026,1c_battery,external,0.5278437582475587,174188.44022169436,REPD/model battery → 1C/0.5C/0.25C proportional,
2026,0.25c_battery,external,2.1113750329902348,876220.6386909474,REPD/model battery → 1C/0.5C/0.25C proportional,
2026,hydrogen_battery,external,0.005278437582475588,3167.062549485353,REPD/model battery → 1C/0.5C/0.25C proportional,
2026,0.5c_battery,external,42.980902612826604,15043315.914489312,REPD/model battery → 1C/0.5C/0.25C proportional,
2026,1c_battery,external,1.3072050673000792,431377.6722090262,REPD/model battery → 1C/0.5C/0.25C proportional,
2026,0.25c_battery,external,5.228820269200317,2169960.4117181315,REPD/model battery → 1C/0.5C/0.25C proportional,
2026,hydrogen_battery,external,0.013072050673000792,7843.230403800475,REPD/model battery → 1C/0.5C/0.25C proportional,
2026,0.5c_battery,external,43.30197941409343,15155692.7949327,REPD/model battery → 1C/0.5C/0.25C proportional,
2026,1c_battery,external,1.3169701768276594,434600.1583531276,REPD/model battery → 1C/0.5C/0.25C proportional,
2026,0.25c_battery,external,5.2678807073106375,2186170.4935339144,REPD/model battery → 1C/0.5C/0.25C proportional,
2026,hydrogen_battery,external,0.013169701768276592,7901.821060965955,REPD/model battery → 1C/0.5C/0.25C proportional,
2026,0.5c_battery,external,43.38875692794933,15186064.924782265,REPD/model battery → 1C/0.5C/0.25C proportional,
2026,1c_battery,external,1.319609395618897,435471.10055423604,REPD/model battery → 1C/0.5C/0.25C proportional,
2026,0.25c_battery,external,5.278437582475588,2190551.596727369,REPD/model battery → 1C/0.5C/0.25C proportional,
2026,hydrogen_battery,external,0.01319609395618897,7917.656373713383,REPD/model battery → 1C/0.5C/0.25C proportional,
2026,0.5c_battery,external,13.884402216943784,4859540.775930325,REPD/model battery → 1C/0.5C/0.25C proportional,
2026,1c_battery,external,0.42227500659804695,139350.7521773555,REPD/model battery → 1C/0.5C/0.25C proportional,
2026,0.25c_battery,external,1.6891000263921878,700976.5109527579,REPD/model battery → 1C/0.5C/0.25C proportional,
2026,hydrogen_battery,external,0.00422275006598047,2533.650039588282,REPD/model battery → 1C/0.5C/0.25C proportional,
2026,0.5c_battery,external,43.38875692794932,15186064.924782263,REPD/model battery → 1C/0.5C/0.25C proportional,
2026,1c_battery,external,1.3196093956188968,435471.1005542359,REPD/model battery → 1C/0.5C/0.25C proportional,
2026,0.25c_battery,external,5.278437582475587,2190551.596727369,REPD/model battery → 1C/0.5C/0.25C proportional,
2026,hydrogen_battery,external,0.01319609395618897,7917.656373713383,REPD/model battery → 1C/0.5C/0.25C proportional,
2026,0.5c_battery,external,43.30197941409343,15155692.7949327,REPD/model battery → 1C/0.5C/0.25C proportional,
2026,1c_battery,external,1.316970176827659,434600.1583531274,REPD/model battery → 1C/0.5C/0.25C proportional,
2026,0.25c_battery,external,5.267880707310636,2186170.493533914,REPD/model battery → 1C/0.5C/0.25C proportional,
2026,hydrogen_battery,external,0.013169701768276592,7901.821060965955,REPD/model battery → 1C/0.5C/0.25C proportional,
2026,0.5c_battery,external,433.8875692794933,151860649.24782264,REPD/model battery → 1C/0.5C/0.25C proportional,
2026,1c_battery,external,13.196093956188967,4354711.005542359,REPD/model battery → 1C/0.5C/0.25C proportional,
2026,0.25c_battery,external,52.78437582475587,21905515.967273686,REPD/model battery → 1C/0.5C/0.25C proportional,
2026,hydrogen_battery,external,0.1319609395618897,79176.56373713382,REPD/model battery → 1C/0.5C/0.25C proportional,
2026,0.5c_battery,external,867.7751385589866,303721298.4956453,REPD/model battery → 1C/0.5C/0.25C proportional,
2026,1c_battery,external,26.392187912377935,8709422.011084719,REPD/model battery → 1C/0.5C/0.25C proportional,
2026,0.25c_battery,external,105.56875164951174,43811031.93454737,REPD/model battery → 1C/0.5C/0.25C proportional,
2026,hydrogen_battery,external,0.2639218791237794,158353.12747426765,REPD/model battery → 1C/0.5C/0.25C proportional,
2026,0.5c_battery,external,4.338875692794933,1518606.4924782265,REPD/model battery → 1C/0.5C/0.25C proportional,
2026,1c_battery,external,0.1319609395618897,43547.1100554236,REPD/model battery → 1C/0.5C/0.25C proportional,
2026,0.25c_battery,external,0.5278437582475588,219055.1596727369,REPD/model battery → 1C/0.5C/0.25C proportional,
2026,hydrogen_battery,external,0.001319609395618897,791.7656373713382,REPD/model battery → 1C/0.5C/0.25C proportional,
2026,0.5c_battery,external,49.46318289786223,17312114.01425178,REPD/model battery → 1C/0.5C/0.25C proportional,
2026,1c_battery,external,1.5043547110055422,496437.0546318289,REPD/model battery → 1C/0.5C/0.25C proportional,
2026,0.25c_battery,external,6.017418844022169,2497228.8202692,REPD/model battery → 1C/0.5C/0.25C proportional,
2026,hydrogen_battery,external,0.015043547110055424,9026.128266033254,REPD/model battery → 1C/0.5C/0.25C proportional,
2026,0.5c_battery,external,24.73159144893112,8656057.007125892,REPD/model battery → 1C/0.5C/0.25C proportional,
2026,1c_battery,external,0.752177355502771,248218.52731591443,REPD/model battery → 1C/0.5C/0.25C proportional,
2026,0.25c_battery,external,3.008709422011084,1248614.4101345998,REPD/model battery → 1C/0.5C/0.25C proportional,
2026,hydrogen_battery,external,0.007521773555027712,4513.064133016627,REPD/model battery → 1C/0.5C/0.25C proportional,
2026,0.5c_battery,external,86.77751385589866,30372129.84956453,REPD/model battery → 1C/0.5C/0.25C proportional,
2026,1c_battery,external,2.6392187912377927,870942.2011084716,REPD/model battery → 1C/0.5C/0.25C proportional,
2026,0.25c_battery,external,10.55687516495117,4381103.193454736,REPD/model battery → 1C/0.5C/0.25C proportional,
2026,hydrogen_battery,external,0.02639218791237794,15835.312747426766,REPD/model battery → 1C/0.5C/0.25C proportional,
2026,0.5c_battery,external,1041.330166270784,364465558.1947744,REPD/model battery → 1C/0.5C/0.25C proportional,
2026,1c_battery,external,31.670625494853514,10451306.41330166,REPD/model battery → 1C/0.5C/0.25C proportional,
2026,0.25c_battery,external,126.68250197941406,52573238.321456835,REPD/model battery → 1C/0.5C/0.25C proportional,
2026,hydrogen_battery,external,0.3167062549485352,190023.75296912112,REPD/model battery → 1C/0.5C/0.25C proportional,
2026,0.5c_battery,external,17.355502771179733,6074425.969912906,REPD/model battery → 1C/0.5C/0.25C proportional,
2026,1c_battery,external,0.5278437582475584,174188.44022169427,REPD/model battery → 1C/0.5C/0.25C proportional,
2026,0.25c_battery,external,2.1113750329902334,876220.6386909469,REPD/model battery → 1C/0.5C/0.25C proportional,
2026,hydrogen_battery,external,0.005278437582475586,3167.062549485352,REPD/model battery → 1C/0.5C/0.25C proportional,
2026,0.5c_battery,external,347.11005542359464,121488519.39825812,REPD/model battery → 1C/0.5C/0.25C proportional,
2026,1c_battery,external,10.556875164951169,3483768.804433886,REPD/model battery → 1C/0.5C/0.25C proportional,
2026,0.25c_battery,external,42.227500659804676,17524412.77381894,REPD/model battery → 1C/0.5C/0.25C proportional,
2026,hydrogen_battery,external,0.10556875164951171,63341.25098970703,REPD/model battery → 1C/0.5C/0.25C proportional,
2026,0.5c_battery,external,52.0665083135392,18223277.90973872,REPD/model battery → 1C/0.5C/0.25C proportional,
2026,1c_battery,external,1.5835312747426757,522565.320665083,REPD/model battery → 1C/0.5C/0.25C proportional,
2026,0.25c_battery,external,6.334125098970703,2628661.9160728417,REPD/model battery → 1C/0.5C/0.25C proportional,
2026,hydrogen_battery,external,0.01583531274742676,9501.187648456056,REPD/model battery → 1C/0.5C/0.25C proportional,
2026,0.5c_battery,external,112.81076801266825,39483768.80443389,REPD/model battery → 1C/0.5C/0.25C proportional,
2026,1c_battery,external,3.43098442860913,1132224.861441013,REPD/model battery → 1C/0.5C/0.25C proportional,
2026,0.25c_battery,external,13.72393771443652,5695434.151491156,REPD/model battery → 1C/0.5C/0.25C proportional,
2026,hydrogen_battery,external,0.0343098442860913,20585.90657165478,REPD/model battery → 1C/0.5C/0.25C proportional,
2026,0.5c_battery,external,26.033254156769598,9111638.95486936,REPD/model battery → 1C/0.5C/0.25C proportional,
2026,1c_battery,external,0.7917656373713376,261282.66033254142,REPD/model battery → 1C/0.5C/0.25C proportional,
2026,0.25c_battery,external,3.1670625494853506,1314330.9580364204,REPD/model battery → 1C/0.5C/0.25C proportional,
2026,hydrogen_battery,external,0.007917656373713378,4750.593824228027,REPD/model battery → 1C/0.5C/0.25C proportional,
2026,0.5c_battery,external,43.38875692794933,15186064.924782265,REPD/model battery → 1C/0.5C/0.25C proportional,
2026,1c_battery,external,1.3196093956188961,435471.10055423575,REPD/model battery → 1C/0.5C/0.25C proportional,
2026,0.25c_battery,external,5.2784375824755845,2190551.5967273675,REPD/model battery → 1C/0.5C/0.25C proportional,
2026,hydrogen_battery,external,0.013196093956188964,7917.656373713378,REPD/model battery → 1C/0.5C/0.25C proportional,
2026,0.5c_battery,external,43.38875692794933,15186064.924782265,REPD/model battery → 1C/0.5C/0.25C proportional,
2026,1c_battery,external,1.3196093956188961,435471.10055423575,REPD/model battery → 1C/0.5C/0.25C proportional,
2026,0.25c_battery,external,5.2784375824755845,2190551.5967273675,REPD/model battery → 1C/0.5C/0.25C proportional,
2026,hydrogen_battery,external,0.013196093956188964,7917.656373713378,REPD/model battery → 1C/0.5C/0.25C proportional,
2026,0.5c_battery,external,303.72129849564527,106302454.47347584,REPD/model battery → 1C/0.5C/0.25C proportional,
2026,1c_battery,external,9.237265769332273,3048297.70387965,REPD/model battery → 1C/0.5C/0.25C proportional,
2026,0.25c_battery,external,36.94906307732909,15333861.177091574,REPD/model battery → 1C/0.5C/0.25C proportional,
2026,hydrogen_battery,external,0.09237265769332274,55423.59461599364,REPD/model battery → 1C/0.5C/0.25C proportional,
2026,0.5c_battery,external,60.74425969912906,21260490.89469517,REPD/model battery → 1C/0.5C/0.25C proportional,
2026,1c_battery,external,1.8474531538664547,609659.54077593,REPD/model battery → 1C/0.5C/0.25C proportional,
2026,0.25c_battery,external,7.389812615465819,3066772.2354183146,REPD/model battery → 1C/0.5C/0.25C proportional,
2026,hydrogen_battery,external,0.01847453153866455,11084.71892319873,REPD/model battery → 1C/0.5C/0.25C proportional,
2026,0.5c_battery,external,43.38875692794933,15186064.924782265,REPD/model battery → 1C/0.5C/0.25C proportional,
2026,1c_battery,external,1.3196093956188963,435471.1005542358,REPD/model battery → 1C/0.5C/0.25C proportional,
2026,0.25c_battery,external,5.278437582475585,2190551.596727368,REPD/model battery → 1C/0.5C/0.25C proportional,
2026,hydrogen_battery,external,0.013196093956188966,7917.656373713379,REPD/model battery → 1C/0.5C/0.25C proportional,
2026,0.5c_battery,external,8.50419635787807,2976468.7252573245,REPD/model battery → 1C/0.5C/0.25C proportional,
2026,1c_battery,external,0.2586434415413037,85352.33570863023,REPD/model battery → 1C/0.5C/0.25C proportional,
2026,0.25c_battery,external,1.0345737661652148,429348.11295856413,REPD/model battery → 1C/0.5C/0.25C proportional,
2026,hydrogen_battery,external,0.0025864344154130376,1551.8606492478225,REPD/model battery → 1C/0.5C/0.25C proportional,
2026,0.5c_battery,external,43.38875692794933,15186064.924782265,REPD/model battery → 1C/0.5C/0.25C proportional,
2026,1c_battery,external,1.3196093956188966,435471.10055423586,REPD/model battery → 1C/0.5C/0.25C proportional,
2026,0.25c_battery,external,5.278437582475586,2190551.5967273684,REPD/model battery → 1C/0.5C/0.25C proportional,
2026,hydrogen_battery,external,0.013196093956188966,7917.656373713379,REPD/model battery → 1C/0.5C/0.25C proportional,
2026,0.5c_battery,external,91.11638954869359,31890736.342042755,REPD/model battery → 1C/0.5C/0.25C proportional,
2026,1c_battery,external,2.7711797307996826,914489.3111638953,REPD/model battery → 1C/0.5C/0.25C proportional,
2026,0.25c_battery,external,11.08471892319873,4600158.353127473,REPD/model battery → 1C/0.5C/0.25C proportional,
2026,hydrogen_battery,external,0.02771179730799683,16627.078384798097,REPD/model battery → 1C/0.5C/0.25C proportional,
2026,0.5c_battery,external,43.38007917656375,15183027.711797312,REPD/model battery → 1C/0.5C/0.25C proportional,
2026,1c_battery,external,1.3193454737397727,435384.006334125,REPD/model battery → 1C/0.5C/0.25C proportional,
2026,0.25c_battery,external,5.277381894959091,2190113.4864080227,REPD/model battery → 1C/0.5C/0.25C proportional,
2026,hydrogen_battery,external,0.01319345473739773,7916.072842438638,REPD/model battery → 1C/0.5C/0.25C proportional,
2026,0.5c_battery,external,43.38007917656374,15183027.711797308,REPD/model battery → 1C/0.5C/0.25C proportional,
2026,1c_battery,external,1.3193454737397725,435384.00633412495,REPD/model battery → 1C/0.5C/0.25C proportional,
2026,0.25c_battery,external,5.27738189495909,2190113.486408022,REPD/model battery → 1C/0.5C/0.25C proportional,
2026,hydrogen_battery,external,0.01319345473739773,7916.072842438638,REPD/model battery → 1C/0.5C/0.25C proportional,
2026,0.5c_battery,external,49.463182897862225,17312114.01425178,REPD/model battery → 1C/0.5C/0.25C proportional,
2026,1c_battery,external,1.5043547110055415,496437.0546318287,REPD/model battery → 1C/0.5C/0.25C proportional,
2026,0.25c_battery,external,6.017418844022166,2497228.820269199,REPD/model battery → 1C/0.5C/0.25C proportional,
2026,hydrogen_battery,external,0.01504354711005542,9026.128266033253,REPD/model battery → 1C/0.5C/0.25C proportional,
2026,0.5c_battery,external,52.0665083135392,18223277.90973872,REPD/model battery → 1C/0.5C/0.25C proportional,
2026,1c_battery,external,1.5835312747426755,522565.3206650829,REPD/model battery → 1C/0.5C/0.25C proportional,
2026,0.25c_battery,external,6.334125098970702,2628661.9160728413,REPD/model battery → 1C/0.5C/0.25C proportional,
2026,hydrogen_battery,external,0.015835312747426764,9501.187648456058,REPD/model battery → 1C/0.5C/0.25C proportional,
2026,0.5c_battery,external,86.77751385589866,30372129.84956453,REPD/model battery → 1C/0.5C/0.25C proportional,
2026,1c_battery,external,2.639218791237793,870942.2011084717,REPD/model battery → 1C/0.5C/0.25C proportional,
2026,0.25c_battery,external,10.556875164951173,4381103.193454737,REPD/model battery → 1C/0.5C/0.25C proportional,
2026,hydrogen_battery,external,0.026392187912377938,15835.312747426762,REPD/model battery → 1C/0.5C/0.25C proportional,
2026,0.5c_battery,external,43.30197941409343,15155692.7949327,REPD/model battery → 1C/0.5C/0.25C proportional,
2026,1c_battery,external,1.3169701768276583,434600.15835312725,REPD/model battery → 1C/0.5C/0.25C proportional,
2026,0.25c_battery,external,5.267880707310633,2186170.4935339126,REPD/model battery → 1C/0.5C/0.25C proportional,
2026,hydrogen_battery,external,0.013169701768276589,7901.821060965954,REPD/model battery → 1C/0.5C/0.25C proportional,
2026,0.5c_battery,external,173.55502771179732,60744259.69912906,REPD/model battery → 1C/0.5C/0.25C proportional,
2026,1c_battery,external,5.278437582475585,1741884.4022169432,REPD/model battery → 1C/0.5C/0.25C proportional,
2026,0.25c_battery,external,21.11375032990234,8762206.386909472,REPD/model battery → 1C/0.5C/0.25C proportional,
2026,hydrogen_battery,external,0.052784375824755876,31670.625494853524,REPD/model battery → 1C/0.5C/0.25C proportional,
2026,0.5c_battery,external,34.711005542359466,12148851.939825812,REPD/model battery → 1C/0.5C/0.25C proportional,
2026,1c_battery,external,1.0556875164951172,348376.88044338865,REPD/model battery → 1C/0.5C/0.25C proportional,
2026,0.25c_battery,external,4.222750065980469,1752441.2773818944,REPD/model battery → 1C/0.5C/0.25C proportional,
2026,hydrogen_battery,external,0.010556875164951175,6334.125098970705,REPD/model battery → 1C/0.5C/0.25C proportional,
2026,0.5c_battery,external,26.033254156769598,9111638.95486936,REPD/model battery → 1C/0.5C/0.25C proportional,
2026,1c_battery,external,0.7917656373713378,261282.66033254145,REPD/model battery → 1C/0.5C/0.25C proportional,
2026,0.25c_battery,external,3.167062549485351,1314330.9580364206,REPD/model battery → 1C/0.5C/0.25C proportional,
2026,hydrogen_battery,external,0.00791765637371338,4750.593824228028,REPD/model battery → 1C/0.5C/0.25C proportional,
2026,0.5c_battery,external,34.71100554235946,12148851.93982581,REPD/model battery → 1C/0.5C/0.25C proportional,
2026,1c_battery,external,1.055687516495117,348376.8804433886,REPD/model battery → 1C/0.5C/0.25C proportional,
2026,0.25c_battery,external,4.222750065980468,1752441.2773818942,REPD/model battery → 1C/0.5C/0.25C proportional,
2026,hydrogen_battery,external,0.010556875164951173,6334.125098970704,REPD/model battery → 1C/0.5C/0.25C proportional,
2026,0.5c_battery,external,43.38875692794934,15186064.924782269,REPD/model battery → 1C/0.5C/0.25C proportional,
2026,1c_battery,external,1.3196093956188963,435471.1005542358,REPD/model battery → 1C/0.5C/0.25C proportional,
2026,0.25c_battery,external,5.278437582475585,2190551.596727368,REPD/model battery → 1C/0.5C/0.25C proportional,
2026,hydrogen_battery,external,0.013196093956188969,7917.656373713381,REPD/model battery → 1C/0.5C/0.25C proportional,
2026,0.5c_battery,external,1214.8851939825813,425209817.89390343,REPD/model battery → 1C/0.5C/0.25C proportional,
2026,1c_battery,external,36.94906307732909,12193190.8155186,REPD/model battery → 1C/0.5C/0.25C proportional,
2026,0.25c_battery,external,147.79625230931637,61335444.7083663,REPD/model battery → 1C/0.5C/0.25C proportional,
2026,hydrogen_battery,external,0.36949063077329103,221694.37846397463,REPD/model battery → 1C/0.5C/0.25C proportional,
2026,0.5c_battery,external,43.30197941409344,15155692.794932703,REPD/model battery → 1C/0.5C/0.25C proportional,
2026,1c_battery,external,1.3169701768276585,434600.1583531273,REPD/model battery → 1C/0.5C/0.25C proportional,
2026,0.25c_battery,external,5.267880707310634,2186170.493533913,REPD/model battery → 1C/0.5C/0.25C proportional,
2026,hydrogen_battery,external,0.013169701768276589,7901.821060965954,REPD/model battery → 1C/0.5C/0.25C proportional,
2026,0.5c_battery,external,65.08313539192399,22779097.387173396,REPD/model battery → 1C/0.5C/0.25C proportional,
2026,1c_battery,external,1.9794140934283446,653206.6508313537,REPD/model battery → 1C/0.5C/0.25C proportional,
2026,0.25c_battery,external,7.9176563737133785,3285827.395091052,REPD/model battery → 1C/0.5C/0.25C proportional,
2026,hydrogen_battery,external,0.019794140934283454,11876.484560570072,REPD/model battery → 1C/0.5C/0.25C proportional,
2026,0.5c_battery,external,49.46318289786224,17312114.014251783,REPD/model battery → 1C/0.5C/0.25C proportional,
2026,1c_battery,external,1.504354711005542,496437.05463182885,REPD/model battery → 1C/0.5C/0.25C proportional,
2026,0.25c_battery,external,6.017418844022168,2497228.8202691996,REPD/model battery → 1C/0.5C/0.25C proportional,
2026,hydrogen_battery,external,0.015043547110055422,9026.128266033253,REPD/model battery → 1C/0.5C/0.25C proportional,
2026,0.5c_battery,external,86.77751385589865,30372129.849564526,REPD/model battery → 1C/0.5C/0.25C proportional,
2026,1c_battery,external,2.6392187912377927,870942.2011084716,REPD/model battery → 1C/0.5C/0.25C proportional,
2026,0.25c_battery,external,10.55687516495117,4381103.193454736,REPD/model battery → 1C/0.5C/0.25C proportional,
2026,hydrogen_battery,external,0.026392187912377938,15835.312747426762,REPD/model battery → 1C/0.5C/0.25C proportional,
2026,0.5c_battery,external,86.77751385589866,30372129.84956453,REPD/model battery → 1C/0.5C/0.25C proportional,
2026,1c_battery,external,2.6392187912377927,870942.2011084716,REPD/model battery → 1C/0.5C/0.25C proportional,
2026,0.25c_battery,external,10.55687516495117,4381103.193454736,REPD/model battery → 1C/0.5C/0.25C proportional,
2026,hydrogen_battery,external,0.026392187912377938,15835.312747426762,REPD/model battery → 1C/0.5C/0.25C proportional,
2026,0.5c_battery,external,43.30197941409344,15155692.794932703,REPD/model battery → 1C/0.5C/0.25C proportional,
2026,1c_battery,external,1.3169701768276585,434600.1583531273,REPD/model battery → 1C/0.5C/0.25C proportional,
2026,0.25c_battery,external,5.267880707310634,2186170.493533913,REPD/model battery → 1C/0.5C/0.25C proportional,
2026,hydrogen_battery,external,0.01316970176827659,7901.8210609659545,REPD/model battery → 1C/0.5C/0.25C proportional,
2026,0.5c_battery,external,251.65479018210607,88079176.56373712,REPD/model battery → 1C/0.5C/0.25C proportional,
2026,1c_battery,external,7.653734494589598,2525732.3832145673,REPD/model battery → 1C/0.5C/0.25C proportional,
2026,0.25c_battery,external,30.61493797835839,12705199.261018733,REPD/model battery → 1C/0.5C/0.25C proportional,
2026,hydrogen_battery,external,0.07653734494589602,45922.406967537616,REPD/model battery → 1C/0.5C/0.25C proportional,
2026,0.5c_battery,external,34.71100554235946,12148851.93982581,REPD/model battery → 1C/0.5C/0.25C proportional,
2026,1c_battery,external,1.055687516495117,348376.8804433886,REPD/model battery → 1C/0.5C/0.25C proportional,
2026,0.25c_battery,external,4.222750065980468,1752441.2773818942,REPD/model battery → 1C/0.5C/0.25C proportional,
2026,hydrogen_battery,external,0.010556875164951175,6334.125098970705,REPD/model battery → 1C/0.5C/0.25C proportional,
2026,0.5c_battery,external,43.38875692794933,15186064.924782265,REPD/model battery → 1C/0.5C/0.25C proportional,
2026,1c_battery,external,1.3196093956188963,435471.1005542358,REPD/model battery → 1C/0.5C/0.25C proportional,
2026,0.25c_battery,external,5.278437582475585,2190551.596727368,REPD/model battery → 1C/0.5C/0.25C proportional,
2026,hydrogen_battery,external,0.013196093956188967,7917.65637371338,REPD/model battery → 1C/0.5C/0.25C proportional,
2026,0.5c_battery,external,8.677751385589865,3037212.9849564526,REPD/model battery → 1C/0.5C/0.25C proportional,
2026,1c_battery,external,0.26392187912377923,87094.22011084715,REPD/model battery → 1C/0.5C/0.25C proportional,
2026,0.25c_battery,external,1.055687516495117,438110.31934547354,REPD/model battery → 1C/0.5C/0.25C proportional,
2026,hydrogen_battery,external,0.002639218791237793,1583.531274742676,REPD/model battery → 1C/0.5C/0.25C proportional,
2026,0.5c_battery,external,86.60395882818688,30311385.589865405,REPD/model battery → 1C/0.5C/0.25C proportional,
2026,1c_battery,external,2.633940353655317,869200.3167062546,REPD/model battery → 1C/0.5C/0.25C proportional,
2026,0.25c_battery,external,10.535761414621268,4372340.987067826,REPD/model battery → 1C/0.5C/0.25C proportional,
2026,hydrogen_battery,external,0.02633940353655318,15803.642121931909,REPD/model battery → 1C/0.5C/0.25C proportional,
2026,0.5c_battery,external,13.016627078384799,4555819.47743468,REPD/model battery → 1C/0.5C/0.25C proportional,
2026,1c_battery,external,0.39588281868566877,130641.3301662707,REPD/model battery → 1C/0.5C/0.25C proportional,
2026,0.25c_battery,external,1.583531274742675,657165.4790182102,REPD/model battery → 1C/0.5C/0.25C proportional,
2026,hydrogen_battery,external,0.003958828186856689,2375.2969121140136,REPD/model battery → 1C/0.5C/0.25C proportional,
2026,0.5c_battery,external,29.504354711005544,10326524.14885194,REPD/model battery → 1C/0.5C/0.25C proportional,
2026,1c_battery,external,0.8973343890208493,296120.3483768803,REPD/model battery → 1C/0.5C/0.25C proportional,
2026,0.25c_battery,external,3.589337556083397,1489575.0857746098,REPD/model battery → 1C/0.5C/0.25C proportional,
2026,hydrogen_battery,external,0.008973343890208497,5384.006334125098,REPD/model battery → 1C/0.5C/0.25C proportional,
2026,0.5c_battery,external,34.711005542359466,12148851.939825812,REPD/model battery → 1C/0.5C/0.25C proportional,
2026,1c_battery,external,1.055687516495117,348376.8804433886,REPD/model battery → 1C/0.5C/0.25C proportional,
2026,0.25c_battery,external,4.222750065980468,1752441.2773818942,REPD/model battery → 1C/0.5C/0.25C proportional,
2026,hydrogen_battery,external,0.010556875164951175,6334.125098970705,REPD/model battery → 1C/0.5C/0.25C proportional,
2026,0.5c_battery,external,39.049881235154395,13667458.432304038,REPD/model battery → 1C/0.5C/0.25C proportional,
2026,1c_battery,external,1.1876484560570064,391923.9904988121,REPD/model battery → 1C/0.5C/0.25C proportional,
2026,0.25c_battery,external,4.750593824228026,1971496.4370546306,REPD/model battery → 1C/0.5C/0.25C proportional,
2026,hydrogen_battery,external,0.01187648456057007,7125.890736342041,REPD/model battery → 1C/0.5C/0.25C proportional,
2026,0.5c_battery,external,17.355502771179733,6074425.969912906,REPD/model battery → 1C/0.5C/0.25C proportional,
2026,1c_battery,external,0.5278437582475585,174188.4402216943,REPD/model battery → 1C/0.5C/0.25C proportional,
2026,0.25c_battery,external,2.111375032990234,876220.6386909471,REPD/model battery → 1C/0.5C/0.25C proportional,
2026,hydrogen_battery,external,0.005278437582475586,3167.062549485352,REPD/model battery → 1C/0.5C/0.25C proportional,
2026,0.5c_battery,external,4.338875692794932,1518606.4924782263,REPD/model battery → 1C/0.5C/0.25C proportional,
2026,1c_battery,external,0.13196093956188962,43547.110055423575,REPD/model battery → 1C/0.5C/0.25C proportional,
2026,0.25c_battery,external,0.5278437582475585,219055.15967273677,REPD/model battery → 1C/0.5C/0.25C proportional,
2026,hydrogen_battery,external,0.0013196093956188964,791.7656373713378,REPD/model battery → 1C/0.5C/0.25C proportional,
2026,0.5c_battery,external,43.30197941409343,15155692.7949327,REPD/model battery → 1C/0.5C/0.25C proportional,
2026,1c_battery,external,1.3169701768276585,434600.1583531273,REPD/model battery → 1C/0.5C/0.25C proportional,
2026,0.25c_battery,external,5.267880707310634,2186170.493533913,REPD/model battery → 1C/0.5C/0.25C proportional,
2026,hydrogen_battery,external,0.013169701768276589,7901.821060965954,REPD/model battery → 1C/0.5C/0.25C proportional,
2026,0.5c_battery,external,60.78764845605702,21275676.959619958,REPD/model battery → 1C/0.5C/0.25C proportional,
2026,1c_battery,external,1.848772763262074,610095.0118764845,REPD/model battery → 1C/0.5C/0.25C proportional,
2026,0.25c_battery,external,7.395091053048296,3068962.7870150427,REPD/model battery → 1C/0.5C/0.25C proportional,
2026,hydrogen_battery,external,0.018487727632620746,11092.636579572449,REPD/model battery → 1C/0.5C/0.25C proportional,
2026,0.5c_battery,external,130.166270783848,45558194.7743468,REPD/model battery → 1C/0.5C/0.25C proportional,
2026,1c_battery,external,3.9588281868566892,1306413.3016627075,REPD/model battery → 1C/0.5C/0.25C proportional,
2026,0.25c_battery,external,15.835312747426757,6571654.790182104,REPD/model battery → 1C/0.5C/0.25C proportional,
2026,hydrogen_battery,external,0.03958828186856691,23752.969121140144,REPD/model battery → 1C/0.5C/0.25C proportional,
2026,0.5c_battery,external,13.884402216943785,4859540.775930325,REPD/model battery → 1C/0.5C/0.25C proportional,
2026,1c_battery,external,0.42227500659804684,139350.75217735546,REPD/model battery → 1C/0.5C/0.25C proportional,
2026,0.25c_battery,external,1.6891000263921874,700976.5109527578,REPD/model battery → 1C/0.5C/0.25C proportional,
2026,hydrogen_battery,external,0.00422275006598047,2533.650039588282,REPD/model battery → 1C/0.5C/0.25C proportional,
2026,0.5c_battery,external,43.30197941409343,15155692.7949327,REPD/model battery → 1C/0.5C/0.25C proportional,
2026,1c_battery,external,1.3169701768276587,434600.15835312736,REPD/model battery → 1C/0.5C/0.25C proportional,
2026,0.25c_battery,external,5.267880707310635,2186170.4935339135,REPD/model battery → 1C/0.5C/0.25C proportional,
2026,hydrogen_battery,external,0.01316970176827659,7901.8210609659545,REPD/model battery → 1C/0.5C/0.25C proportional,
2026,0.5c_battery,external,39.049881235154395,13667458.432304038,REPD/model battery → 1C/0.5C/0.25C proportional,
2026,1c_battery,external,1.1876484560570069,391923.9904988123,REPD/model battery → 1C/0.5C/0.25C proportional,
2026,0.25c_battery,external,4.7505938242280275,1971496.4370546313,REPD/model battery → 1C/0.5C/0.25C proportional,
2026,hydrogen_battery,external,0.011876484560570074,7125.890736342045,REPD/model battery → 1C/0.5C/0.25C proportional,
2026,0.5c_battery,external,43.38875692794933,15186064.924782265,REPD/model battery → 1C/0.5C/0.25C proportional,
2026,1c_battery,external,1.3196093956188968,435471.1005542359,REPD/model battery → 1C/0.5C/0.25C proportional,
2026,0.25c_battery,external,5.278437582475587,2190551.596727369,REPD/model battery → 1C/0.5C/0.25C proportional,
2026,hydrogen_battery,external,0.013196093956188973,7917.656373713384,REPD/model battery → 1C/0.5C/0.25C proportional,
2026,0.5c_battery,external,8.677751385589866,3037212.984956453,REPD/model battery → 1C/0.5C/0.25C proportional,
2026,1c_battery,external,0.26392187912377935,87094.22011084718,REPD/model battery → 1C/0.5C/0.25C proportional,
2026,0.25c_battery,external,1.0556875164951174,438110.3193454737,REPD/model battery → 1C/0.5C/0.25C proportional,
2026,hydrogen_battery,external,0.002639218791237794,1583.5312747426765,REPD/model battery → 1C/0.5C/0.25C proportional,
2026,0.5c_battery,external,260.33254156769596,91116389.54869358,REPD/model battery → 1C/0.5C/0.25C proportional,
2026,1c_battery,external,7.91765637371338,2612826.6033254154,REPD/model battery → 1C/0.5C/0.25C proportional,
2026,0.25c_battery,external,31.67062549485352,13143309.58036421,REPD/model battery → 1C/0.5C/0.25C proportional,
2026,hydrogen_battery,external,0.07917656373713382,47505.93824228029,REPD/model battery → 1C/0.5C/0.25C proportional,
2026,0.5c_battery,external,3.4711005542359463,1214885.1939825811,REPD/model battery → 1C/0.5C/0.25C proportional,
2026,1c_battery,external,0.10556875164951172,34837.68804433887,REPD/model battery → 1C/0.5C/0.25C proportional,
2026,0.25c_battery,external,0.4222750065980469,175244.12773818948,REPD/model battery → 1C/0.5C/0.25C proportional,
2026,hydrogen_battery,external,0.0010556875164951175,633.4125098970705,REPD/model battery → 1C/0.5C/0.25C proportional,
2026,0.5c_battery,external,43.38875692794933,15186064.924782265,REPD/model battery → 1C/0.5C/0.25C proportional,
2026,1c_battery,external,1.3196093956188968,435471.1005542359,REPD/model battery → 1C/0.5C/0.25C proportional,
2026,0.25c_battery,external,5.278437582475587,2190551.596727369,REPD/model battery → 1C/0.5C/0.25C proportional,
2026,hydrogen_battery,external,0.01319609395618897,7917.656373713383,REPD/model battery → 1C/0.5C/0.25C proportional,
2026,0.5c_battery,external,1.30166270783848,455581.947743468,REPD/model battery → 1C/0.5C/0.25C proportional,
2026,1c_battery,external,0.0395882818685669,13064.133016627078,REPD/model battery → 1C/0.5C/0.25C proportional,
2026,0.25c_battery,external,0.1583531274742676,65716.54790182106,REPD/model battery → 1C/0.5C/0.25C proportional,
2026,hydrogen_battery,external,0.0003958828186856691,237.52969121140146,REPD/model battery → 1C/0.5C/0.25C proportional,
2026,0.5c_battery,external,303.72129849564527,106302454.47347584,REPD/model battery → 1C/0.5C/0.25C proportional,
2026,1c_battery,external,9.237265769332277,3048297.703879651,REPD/model battery → 1C/0.5C/0.25C proportional,
2026,0.25c_battery,external,36.94906307732911,15333861.17709158,REPD/model battery → 1C/0.5C/0.25C proportional,
2026,hydrogen_battery,external,0.0923726576933228,55423.59461599368,REPD/model battery → 1C/0.5C/0.25C proportional,
2026,0.5c_battery,external,26.033254156769598,9111638.95486936,REPD/model battery → 1C/0.5C/0.25C proportional,
2026,1c_battery,external,0.7917656373713381,261282.66033254156,REPD/model battery → 1C/0.5C/0.25C proportional,
2026,0.25c_battery,external,3.1670625494853524,1314330.9580364213,REPD/model battery → 1C/0.5C/0.25C proportional,
2026,hydrogen_battery,external,0.007917656373713384,4750.59382422803,REPD/model battery → 1C/0.5C/0.25C proportional,
2026,0.5c_battery,external,43.30197941409343,15155692.7949327,REPD/model battery → 1C/0.5C/0.25C proportional,
2026,1c_battery,external,1.3169701768276592,434600.15835312754,REPD/model battery → 1C/0.5C/0.25C proportional,
2026,0.25c_battery,external,5.267880707310637,2186170.493533914,REPD/model battery → 1C/0.5C/0.25C proportional,
2026,hydrogen_battery,external,0.013169701768276594,7901.821060965956,REPD/model battery → 1C/0.5C/0.25C proportional,
2026,0.5c_battery,external,347.11005542359464,121488519.39825812,REPD/model battery → 1C/0.5C/0.25C proportional,
2026,1c_battery,external,10.556875164951176,3483768.8044338883,REPD/model battery → 1C/0.5C/0.25C proportional,
2026,0.25c_battery,external,42.227500659804704,17524412.77381895,REPD/model battery → 1C/0.5C/0.25C proportional,
2026,hydrogen_battery,external,0.10556875164951181,63341.250989707085,REPD/model battery → 1C/0.5C/0.25C proportional,
2026,0.5c_battery,external,60.74425969912905,21260490.89469517,REPD/model battery → 1C/0.5C/0.25C proportional,
2026,1c_battery,external,1.8474531538664556,609659.5407759304,REPD/model battery → 1C/0.5C/0.25C proportional,
2026,0.25c_battery,external,7.389812615465822,3066772.2354183164,REPD/model battery → 1C/0.5C/0.25C proportional,
2026,hydrogen_battery,external,0.018474531538664563,11084.718923198738,REPD/model battery → 1C/0.5C/0.25C proportional,
2026,0.5c_battery,external,17.35550277117973,6074425.969912905,REPD/model battery → 1C/0.5C/0.25C proportional,
2026,1c_battery,external,0.5278437582475588,174188.4402216944,REPD/model battery → 1C/0.5C/0.25C proportional,
2026,0.25c_battery,external,2.111375032990235,876220.6386909476,REPD/model battery → 1C/0.5C/0.25C proportional,
2026,hydrogen_battery,external,0.005278437582475589,3167.0625494853534,REPD/model battery → 1C/0.5C/0.25C proportional,
2026,0.5c_battery,external,11.281076801266826,3948376.880443389,REPD/model battery → 1C/0.5C/0.25C proportional,
2026,1c_battery,external,0.3430984428609133,113222.48614410138,REPD/model battery → 1C/0.5C/0.25C proportional,
2026,0.25c_battery,external,1.3723937714436532,569543.4151491161,REPD/model battery → 1C/0.5C/0.25C proportional,
2026,hydrogen_battery,external,0.0034309844286091336,2058.59065716548,REPD/model battery → 1C/0.5C/0.25C proportional,
2026,0.5c_battery,external,34.71100554235946,12148851.93982581,REPD/model battery → 1C/0.5C/0.25C proportional,
2026,1c_battery,external,1.0556875164951178,348376.8804433889,REPD/model battery → 1C/0.5C/0.25C proportional,
2026,0.25c_battery,external,4.222750065980471,1752441.2773818956,REPD/model battery → 1C/0.5C/0.25C proportional,
2026,hydrogen_battery,external,0.01055687516495118,6334.125098970708,REPD/model battery → 1C/0.5C/0.25C proportional,
2026,0.5c_battery,external,121.48851939825809,42520981.78939033,REPD/model battery → 1C/0.5C/0.25C proportional,
2026,1c_battery,external,3.694906307732912,1219319.081551861,REPD/model battery → 1C/0.5C/0.25C proportional,
2026,0.25c_battery,external,14.779625230931648,6133544.470836634,REPD/model battery → 1C/0.5C/0.25C proportional,
2026,hydrogen_battery,external,0.03694906307732912,22169.43784639747,REPD/model battery → 1C/0.5C/0.25C proportional,
2026,0.5c_battery,external,173.55502771179732,60744259.69912906,REPD/model battery → 1C/0.5C/0.25C proportional,
2026,1c_battery,external,5.27843758247559,1741884.4022169446,REPD/model battery → 1C/0.5C/0.25C proportional,
2026,0.25c_battery,external,21.11375032990236,8762206.38690948,REPD/model battery → 1C/0.5C/0.25C proportional,
2026,hydrogen_battery,external,0.0527843758247559,31670.62549485354,REPD/model battery → 1C/0.5C/0.25C proportional,
2026,0.5c_battery,external,433.8875692794933,151860649.24782264,REPD/model battery → 1C/0.5C/0.25C proportional,
2026,1c_battery,external,13.196093956188975,4354711.005542361,REPD/model battery → 1C/0.5C/0.25C proportional,
2026,0.25c_battery,external,52.7843758247559,21905515.967273697,REPD/model battery → 1C/0.5C/0.25C proportional,
2026,hydrogen_battery,external,0.13196093956188973,79176.56373713384,REPD/model battery → 1C/0.5C/0.25C proportional,
2026,0.5c_battery,external,43.301979414093424,15155692.794932699,REPD/model battery → 1C/0.5C/0.25C proportional,
2026,1c_battery,external,1.3169701768276594,434600.1583531276,REPD/model battery → 1C/0.5C/0.25C proportional,
2026,0.25c_battery,external,5.2678807073106375,2186170.4935339144,REPD/model battery → 1C/0.5C/0.25C proportional,
2026,hydrogen_battery,external,0.013169701768276594,7901.821060965956,REPD/model battery → 1C/0.5C/0.25C proportional,
2026,0.5c_battery,external,104.13301662707838,36446555.81947743,REPD/model battery → 1C/0.5C/0.25C proportional,
2026,1c_battery,external,3.1670625494853533,1045130.6413301666,REPD/model battery → 1C/0.5C/0.25C proportional,
2026,0.25c_battery,external,12.668250197941413,5257323.832145686,REPD/model battery → 1C/0.5C/0.25C proportional,
2026,hydrogen_battery,external,0.031670625494853534,19002.37529691212,REPD/model battery → 1C/0.5C/0.25C proportional,
2026,0.5c_battery,external,303.72129849564527,106302454.47347584,REPD/model battery → 1C/0.5C/0.25C proportional,
2026,1c_battery,external,9.237265769332284,3048297.7038796535,REPD/model battery → 1C/0.5C/0.25C proportional,
2026,0.25c_battery,external,36.949063077329136,15333861.177091591,REPD/model battery → 1C/0.5C/0.25C proportional,
2026,hydrogen_battery,external,0.09237265769332281,55423.59461599369,REPD/model battery → 1C/0.5C/0.25C proportional,
2026,0.5c_battery,external,29.504354711005544,10326524.14885194,REPD/model battery → 1C/0.5C/0.25C proportional,
2026,1c_battery,external,0.8973343890208504,296120.34837688063,REPD/model battery → 1C/0.5C/0.25C proportional,
2026,0.25c_battery,external,3.5893375560834015,1489575.0857746117,REPD/model battery → 1C/0.5C/0.25C proportional,
2026,hydrogen_battery,external,0.008973343890208502,5384.006334125102,REPD/model battery → 1C/0.5C/0.25C proportional,
2026,0.5c_battery,external,42.82470308788598,14988646.080760093,REPD/model battery → 1C/0.5C/0.25C proportional,
2026,1c_battery,external,1.3024544734758519,429809.9762470311,REPD/model battery → 1C/0.5C/0.25C proportional,
2026,0.25c_battery,external,5.209817893903407,2162074.425969914,REPD/model battery → 1C/0.5C/0.25C proportional,
2026,hydrogen_battery,external,0.013024544734758515,7814.726840855109,REPD/model battery → 1C/0.5C/0.25C proportional,
2026,0.5c_battery,external,7.376088677751385,2581631.0372129846,REPD/model battery → 1C/0.5C/0.25C proportional,
2026,1c_battery,external,0.22433359725521254,74030.08709422014,REPD/model battery → 1C/0.5C/0.25C proportional,
2026,0.25c_battery,external,0.8973343890208502,372393.7714436528,REPD/model battery → 1C/0.5C/0.25C proportional,
2026,hydrogen_battery,external,0.002243335972552125,1346.0015835312752,REPD/model battery → 1C/0.5C/0.25C proportional,
2026,0.5c_battery,external,26.033254156769598,9111638.95486936,REPD/model battery → 1C/0.5C/0.25C proportional,
2026,1c_battery,external,0.7917656373713385,261282.6603325417,REPD/model battery → 1C/0.5C/0.25C proportional,
2026,0.25c_battery,external,3.167062549485354,1314330.958036422,REPD/model battery → 1C/0.5C/0.25C proportional,
2026,hydrogen_battery,external,0.007917656373713384,4750.59382422803,REPD/model battery → 1C/0.5C/0.25C proportional,
2026,0.5c_battery,external,260.33254156769596,91116389.54869358,REPD/model battery → 1C/0.5C/0.25C proportional,
2026,1c_battery,external,7.917656373713385,2612826.603325417,REPD/model battery → 1C/0.5C/0.25C proportional,
2026,0.25c_battery,external,31.67062549485354,13143309.580364218,REPD/model battery → 1C/0.5C/0.25C proportional,
2026,hydrogen_battery,external,0.07917656373713383,47505.938242280296,REPD/model battery → 1C/0.5C/0.25C proportional,
2026,0.5c_battery,external,395.7054631828978,138496912.11401424,REPD/model battery → 1C/0.5C/0.25C proportional,
2026,1c_battery,external,12.034837688044345,3971496.4370546336,REPD/model battery → 1C/0.5C/0.25C proportional,
2026,0.25c_battery,external,48.13935075217738,19977830.56215361,REPD/model battery → 1C/0.5C/0.25C proportional,
2026,hydrogen_battery,external,0.12034837688044343,72209.02612826606,REPD/model battery → 1C/0.5C/0.25C proportional,
2026,0.5c_battery,external,43.301979414093424,15155692.794932699,REPD/model battery → 1C/0.5C/0.25C proportional,
2026,1c_battery,external,1.3169701768276596,434600.15835312766,REPD/model battery → 1C/0.5C/0.25C proportional,
2026,0.25c_battery,external,5.267880707310638,2186170.493533915,REPD/model battery → 1C/0.5C/0.25C proportional,
2026,hydrogen_battery,external,0.013169701768276596,7901.821060965957,REPD/model battery → 1C/0.5C/0.25C proportional,
2026,0.5c_battery,external,41.21931908155185,14426761.678543149,REPD/model battery → 1C/0.5C/0.25C proportional,
2026,1c_battery,external,1.2536289258379525,413697.5455265243,REPD/model battery → 1C/0.5C/0.25C proportional,
2026,0.25c_battery,external,5.01451570335181,2081024.016891001,REPD/model battery → 1C/0.5C/0.25C proportional,
2026,hydrogen_battery,external,0.012536289258379525,7521.773555027715,REPD/model battery → 1C/0.5C/0.25C proportional,
2026,0.5c_battery,external,5.206650831353919,1822327.7909738715,REPD/model battery → 1C/0.5C/0.25C proportional,
2026,1c_battery,external,0.15835312747426772,52256.53206650835,REPD/model battery → 1C/0.5C/0.25C proportional,
2026,0.25c_battery,external,0.6334125098970709,262866.1916072844,REPD/model battery → 1C/0.5C/0.25C proportional,
2026,hydrogen_battery,external,0.0015835312747426767,950.118764845606,REPD/model battery → 1C/0.5C/0.25C proportional,
2026,0.5c_battery,external,433.8875692794932,151860649.2478226,REPD/model battery → 1C/0.5C/0.25C proportional,
2026,1c_battery,external,13.196093956188975,4354711.005542361,REPD/model battery → 1C/0.5C/0.25C proportional,
2026,0.25c_battery,external,52.7843758247559,21905515.967273697,REPD/model battery → 1C/0.5C/0.25C proportional,
2026,hydrogen_battery,external,0.1319609395618897,79176.56373713382,REPD/model battery → 1C/0.5C/0.25C proportional,
2026,0.5c_battery,external,25.946476642913698,9081266.825019794,REPD/model battery → 1C/0.5C/0.25C proportional,
2026,1c_battery,external,0.7891264185801006,260411.71813143318,REPD/model battery → 1C/0.5C/0.25C proportional,
2026,0.25c_battery,external,3.1565056743204023,1309949.854842967,REPD/model battery → 1C/0.5C/0.25C proportional,
2026,hydrogen_battery,external,0.007891264185801005,4734.758511480603,REPD/model battery → 1C/0.5C/0.25C proportional,
2026,0.5c_battery,external,10.413301662707838,3644655.581947743,REPD/model battery → 1C/0.5C/0.25C proportional,
2026,1c_battery,external,0.3167062549485354,104513.06413301667,REPD/model battery → 1C/0.5C/0.25C proportional,
2026,0.25c_battery,external,1.2668250197941415,525732.3832145687,REPD/model battery → 1C/0.5C/0.25C proportional,
2026,hydrogen_battery,external,0.003167062549485353,1900.2375296912119,REPD/model battery → 1C/0.5C/0.25C proportional,
2026,0.5c_battery,external,4.338875692794932,1518606.4924782263,REPD/model battery → 1C/0.5C/0.25C proportional,
2026,1c_battery,external,0.13196093956188973,43547.11005542361,REPD/model battery → 1C/0.5C/0.25C proportional,
2026,0.25c_battery,external,0.5278437582475589,219055.15967273695,REPD/model battery → 1C/0.5C/0.25C proportional,
2026,hydrogen_battery,external,0.001319609395618897,791.7656373713382,REPD/model battery → 1C/0.5C/0.25C proportional,
2026,0.5c_battery,external,43.301979414093424,15155692.794932699,REPD/model battery → 1C/0.5C/0.25C proportional,
2026,1c_battery,external,1.3169701768276598,434600.1583531277,REPD/model battery → 1C/0.5C/0.25C proportional,
2026,0.25c_battery,external,5.267880707310639,2186170.4935339154,REPD/model battery → 1C/0.5C/0.25C proportional,
2026,hydrogen_battery,external,0.013169701768276594,7901.821060965956,REPD/model battery → 1C/0.5C/0.25C proportional,
2026,0.5c_battery,external,78.09976247030879,27334916.864608075,REPD/model battery → 1C/0.5C/0.25C proportional,
2026,1c_battery,external,2.375296912114016,783847.9809976253,REPD/model battery → 1C/0.5C/0.25C proportional,
2026,0.25c_battery,external,9.501187648456064,3942992.8741092663,REPD/model battery → 1C/0.5C/0.25C proportional,
2026,hydrogen_battery,external,0.02375296912114015,14251.78147268409,REPD/model battery → 1C/0.5C/0.25C proportional,
2026,0.5c_battery,external,60.74425969912905,21260490.89469517,REPD/model battery → 1C/0.5C/0.25C proportional,
2026,1c_battery,external,1.8474531538664567,609659.5407759307,REPD/model battery → 1C/0.5C/0.25C proportional,
2026,0.25c_battery,external,7.389812615465827,3066772.2354183183,REPD/model battery → 1C/0.5C/0.25C proportional,
2026,hydrogen_battery,external,0.01847453153866456,11084.718923198736,REPD/model battery → 1C/0.5C/0.25C proportional,
2026,0.5c_battery,external,49.463182897862225,17312114.01425178,REPD/model battery → 1C/0.5C/0.25C proportional,
2026,1c_battery,external,1.5043547110055433,496437.05463182926,REPD/model battery → 1C/0.5C/0.25C proportional,
2026,0.25c_battery,external,6.017418844022173,2497228.820269202,REPD/model battery → 1C/0.5C/0.25C proportional,
2026,hydrogen_battery,external,0.015043547110055426,9026.128266033256,REPD/model battery → 1C/0.5C/0.25C proportional,
2026,0.5c_battery,external,43.301979414093424,15155692.794932699,REPD/model battery → 1C/0.5C/0.25C proportional,
2026,1c_battery,external,1.31697017682766,434600.15835312783,REPD/model battery → 1C/0.5C/0.25C proportional,
2026,0.25c_battery,external,5.26788070731064,2186170.493533916,REPD/model battery → 1C/0.5C/0.25C proportional,
2026,hydrogen_battery,external,0.013169701768276594,7901.821060965956,REPD/model battery → 1C/0.5C/0.25C proportional,
2026,0.5c_battery,external,43.38875692794932,15186064.924782263,REPD/model battery → 1C/0.5C/0.25C proportional,
2026,1c_battery,external,1.319609395618898,435471.1005542363,REPD/model battery → 1C/0.5C/0.25C proportional,
2026,0.25c_battery,external,5.278437582475592,2190551.5967273703,REPD/model battery → 1C/0.5C/0.25C proportional,
2026,hydrogen_battery,external,0.013196093956188974,7917.656373713385,REPD/model battery → 1C/0.5C/0.25C proportional,
2026,0.5c_battery,external,86.77751385589863,30372129.849564523,REPD/model battery → 1C/0.5C/0.25C proportional,
2026,1c_battery,external,2.6392187912377953,870942.2011084724,REPD/model battery → 1C/0.5C/0.25C proportional,
2026,0.25c_battery,external,10.556875164951181,4381103.193454741,REPD/model battery → 1C/0.5C/0.25C proportional,
2026,hydrogen_battery,external,0.02639218791237795,15835.31274742677,REPD/model battery → 1C/0.5C/0.25C proportional,
2026,0.5c_battery,external,35.92589073634204,12574061.757719714,REPD/model battery → 1C/0.5C/0.25C proportional,
2026,1c_battery,external,1.0926365795724473,360570.0712589076,REPD/model battery → 1C/0.5C/0.25C proportional,
2026,0.25c_battery,external,4.370546318289789,1813776.7220902625,REPD/model battery → 1C/0.5C/0.25C proportional,
2026,hydrogen_battery,external,0.01092636579572447,6555.819477434681,REPD/model battery → 1C/0.5C/0.25C proportional,
2026,0.5c_battery,external,43.301979414093424,15155692.794932699,REPD/model battery → 1C/0.5C/0.25C proportional,
2026,1c_battery,external,1.31697017682766,434600.15835312783,REPD/model battery → 1C/0.5C/0.25C proportional,
2026,0.25c_battery,external,5.26788070731064,2186170.493533916,REPD/model battery → 1C/0.5C/0.25C proportional,
2026,hydrogen_battery,external,0.013169701768276596,7901.821060965957,REPD/model battery → 1C/0.5C/0.25C proportional,
2026,0.5c_battery,external,2.9504354711005543,1032652.414885194,REPD/model battery → 1C/0.5C/0.25C proportional,
2026,1c_battery,external,0.08973343890208506,29612.03483768807,REPD/model battery → 1C/0.5C/0.25C proportional,
2026,0.25c_battery,external,0.35893375560834023,148957.5085774612,REPD/model battery → 1C/0.5C/0.25C proportional,
2026,hydrogen_battery,external,0.0008973343890208503,538.4006334125102,REPD/model battery → 1C/0.5C/0.25C proportional,
2026,0.5c_battery,external,12.929849564528897,4525447.347585114,REPD/model battery → 1C/0.5C/0.25C proportional,
2026,1c_battery,external,0.39324359989443164,129770.38796516244,REPD/model battery → 1C/0.5C/0.25C proportional,
2026,0.25c_battery,external,1.5729743995777266,652784.3758247566,REPD/model battery → 1C/0.5C/0.25C proportional,
2026,hydrogen_battery,external,0.003932435998944314,2359.4615993665884,REPD/model battery → 1C/0.5C/0.25C proportional,
2026,0.5c_battery,external,216.9437846397466,75930324.6239113,REPD/model battery → 1C/0.5C/0.25C proportional,
2026,1c_battery,external,6.598046978094491,2177355.502771182,REPD/model battery → 1C/0.5C/0.25C proportional,
2026,0.25c_battery,external,26.392187912377963,10952757.983636854,REPD/model battery → 1C/0.5C/0.25C proportional,
2026,hydrogen_battery,external,0.06598046978094488,39588.281868566926,REPD/model battery → 1C/0.5C/0.25C proportional,
2026,0.5c_battery,external,86.77751385589865,30372129.849564526,REPD/model battery → 1C/0.5C/0.25C proportional,
2026,1c_battery,external,2.6392187912377962,870942.2011084728,REPD/model battery → 1C/0.5C/0.25C proportional,
2026,0.25c_battery,external,10.556875164951185,4381103.1934547415,REPD/model battery → 1C/0.5C/0.25C proportional,
2026,hydrogen_battery,external,0.02639218791237795,15835.31274742677,REPD/model battery → 1C/0.5C/0.25C proportional,
2026,0.5c_battery,external,60.74425969912905,21260490.89469517,REPD/model battery → 1C/0.5C/0.25C proportional,
2026,1c_battery,external,1.8474531538664574,609659.540775931,REPD/model battery → 1C/0.5C/0.25C proportional,
2026,0.25c_battery,external,7.3898126154658295,3066772.2354183192,REPD/model battery → 1C/0.5C/0.25C proportional,
2026,hydrogen_battery,external,0.018474531538664563,11084.718923198738,REPD/model battery → 1C/0.5C/0.25C proportional,
2026,0.5c_battery,external,42.95486935866983,15034204.275534442,REPD/model battery → 1C/0.5C/0.25C proportional,
2026,1c_battery,external,1.3064133016627093,431116.3895486941,REPD/model battery → 1C/0.5C/0.25C proportional,
2026,0.25c_battery,external,5.225653206650837,2168646.0807600976,REPD/model battery → 1C/0.5C/0.25C proportional,
2026,hydrogen_battery,external,0.013064133016627084,7838.47980997625,REPD/model battery → 1C/0.5C/0.25C proportional,
2026,0.5c_battery,external,347.1100554235946,121488519.3982581,REPD/model battery → 1C/0.5C/0.25C proportional,
2026,1c_battery,external,10.556875164951185,3483768.804433891,REPD/model battery → 1C/0.5C/0.25C proportional,
2026,0.25c_battery,external,42.22750065980474,17524412.773818966,REPD/model battery → 1C/0.5C/0.25C proportional,
2026,hydrogen_battery,external,0.1055687516495118,63341.25098970708,REPD/model battery → 1C/0.5C/0.25C proportional,
2026,0.5c_battery,external,173.5550277117973,60744259.69912905,REPD/model battery → 1C/0.5C/0.25C proportional,
2026,1c_battery,external,5.2784375824755925,1741884.4022169455,REPD/model battery → 1C/0.5C/0.25C proportional,
2026,0.25c_battery,external,21.11375032990237,8762206.386909483,REPD/model battery → 1C/0.5C/0.25C proportional,
2026,hydrogen_battery,external,0.05278437582475589,31670.625494853535,REPD/model battery → 1C/0.5C/0.25C proportional,
2026,0.5c_battery,external,21.694378463974665,7593032.4623911325,REPD/model battery → 1C/0.5C/0.25C proportional,
2026,1c_battery,external,0.6598046978094491,217735.5502771182,REPD/model battery → 1C/0.5C/0.25C proportional,
2026,0.25c_battery,external,2.6392187912377962,1095275.7983636854,REPD/model battery → 1C/0.5C/0.25C proportional,
2026,hydrogen_battery,external,0.006598046978094487,3958.8281868566924,REPD/model battery → 1C/0.5C/0.25C proportional,
2026,0.5c_battery,external,8.677751385589865,3037212.9849564526,REPD/model battery → 1C/0.5C/0.25C proportional,
2026,1c_battery,external,0.2639218791237796,87094.22011084728,REPD/model battery → 1C/0.5C/0.25C proportional,
2026,0.25c_battery,external,1.0556875164951185,438110.3193454742,REPD/model battery → 1C/0.5C/0.25C proportional,
2026,hydrogen_battery,external,0.0026392187912377945,1583.5312747426767,REPD/model battery → 1C/0.5C/0.25C proportional,
2026,0.5c_battery,external,21.69437846397466,7593032.462391132,REPD/model battery → 1C/0.5C/0.25C proportional,
2026,1c_battery,external,0.6598046978094488,217735.5502771181,REPD/model battery → 1C/0.5C/0.25C proportional,
2026,0.25c_battery,external,2.6392187912377953,1095275.7983636851,REPD/model battery → 1C/0.5C/0.25C proportional,
2026,hydrogen_battery,external,0.006598046978094485,3958.8281868566914,REPD/model battery → 1C/0.5C/0.25C proportional,
2026,0.5c_battery,external,26.033254156769594,9111638.954869358,REPD/model battery → 1C/0.5C/0.25C proportional,
2026,1c_battery,external,0.7917656373713388,261282.6603325418,REPD/model battery → 1C/0.5C/0.25C proportional,
2026,0.25c_battery,external,3.167062549485355,1314330.9580364223,REPD/model battery → 1C/0.5C/0.25C proportional,
2026,hydrogen_battery,external,0.007917656373713384,4750.59382422803,REPD/model battery → 1C/0.5C/0.25C proportional,
2026,0.5c_battery,external,43.34536817102138,15170878.859857483,REPD/model battery → 1C/0.5C/0.25C proportional,
2026,1c_battery,external,1.318289786223279,435035.62945368205,REPD/model battery → 1C/0.5C/0.25C proportional,
2026,0.25c_battery,external,5.273159144893116,2188361.045130643,REPD/model battery → 1C/0.5C/0.25C proportional,
2026,hydrogen_battery,external,0.013182897862232784,7909.73871733967,REPD/model battery → 1C/0.5C/0.25C proportional,
2026,0.5c_battery,external,43.38007917656373,15183027.711797306,REPD/model battery → 1C/0.5C/0.25C proportional,
2026,1c_battery,external,1.3193454737397738,435384.00633412536,REPD/model battery → 1C/0.5C/0.25C proportional,
2026,0.25c_battery,external,5.277381894959095,2190113.4864080246,REPD/model battery → 1C/0.5C/0.25C proportional,
2026,hydrogen_battery,external,0.013193454737397735,7916.072842438641,REPD/model battery → 1C/0.5C/0.25C proportional,
2026,0.5c_battery,external,43.30197941409343,15155692.7949327,REPD/model battery → 1C/0.5C/0.25C proportional,
2026,1c_battery,external,1.31697017682766,434600.15835312783,REPD/model battery → 1C/0.5C/0.25C proportional,
2026,0.25c_battery,external,5.26788070731064,2186170.493533916,REPD/model battery → 1C/0.5C/0.25C proportional,
2026,hydrogen_battery,external,0.013169701768276594,7901.821060965956,REPD/model battery → 1C/0.5C/0.25C proportional,
2026,0.5c_battery,external,86.77751385589863,30372129.849564523,REPD/model battery → 1C/0.5C/0.25C proportional,
2026,1c_battery,external,2.6392187912377953,870942.2011084724,REPD/model battery → 1C/0.5C/0.25C proportional,
2026,0.25c_battery,external,10.556875164951181,4381103.193454741,REPD/model battery → 1C/0.5C/0.25C proportional,
2026,hydrogen_battery,external,0.02639218791237794,15835.312747426766,REPD/model battery → 1C/0.5C/0.25C proportional,
2026,0.5c_battery,external,867.7751385589867,303721298.49564534,REPD/model battery → 1C/0.5C/0.25C proportional,
2026,1c_battery,external,26.39218791237796,8709422.011084726,REPD/model battery → 1C/0.5C/0.25C proportional,
2026,0.25c_battery,external,105.56875164951184,43811031.93454741,REPD/model battery → 1C/0.5C/0.25C proportional,
2026,hydrogen_battery,external,0.26392187912377946,158353.12747426768,REPD/model battery → 1C/0.5C/0.25C proportional,
2026,0.5c_battery,external,86.69073634204274,30341757.71971496,REPD/model battery → 1C/0.5C/0.25C proportional,
2026,1c_battery,external,2.6365795724465575,870071.258907364,REPD/model battery → 1C/0.5C/0.25C proportional,
2026,0.25c_battery,external,10.54631828978623,4376722.090261285,REPD/model battery → 1C/0.5C/0.25C proportional,
2026,hydrogen_battery,external,0.026365795724465565,15819.477434679338,REPD/model battery → 1C/0.5C/0.25C proportional,
2026,0.5c_battery,external,43.30197941409343,15155692.7949327,REPD/model battery → 1C/0.5C/0.25C proportional,
2026,1c_battery,external,1.3169701768276603,434600.1583531279,REPD/model battery → 1C/0.5C/0.25C proportional,
2026,0.25c_battery,external,5.267880707310641,2186170.493533916,REPD/model battery → 1C/0.5C/0.25C proportional,
2026,hydrogen_battery,external,0.013169701768276594,7901.821060965956,REPD/model battery → 1C/0.5C/0.25C proportional,
2026,0.5c_battery,external,34.71100554235945,12148851.939825809,REPD/model battery → 1C/0.5C/0.25C proportional,
2026,1c_battery,external,1.0556875164951183,348376.880443389,REPD/model battery → 1C/0.5C/0.25C proportional,
2026,0.25c_battery,external,4.222750065980473,1752441.2773818963,REPD/model battery → 1C/0.5C/0.25C proportional,
2026,hydrogen_battery,external,0.010556875164951175,6334.125098970705,REPD/model battery → 1C/0.5C/0.25C proportional,
2026,0.5c_battery,external,8.677751385589863,3037212.984956452,REPD/model battery → 1C/0.5C/0.25C proportional,
2026,1c_battery,external,0.2639218791237795,87094.22011084724,REPD/model battery → 1C/0.5C/0.25C proportional,
2026,0.25c_battery,external,1.055687516495118,438110.319345474,REPD/model battery → 1C/0.5C/0.25C proportional,
2026,hydrogen_battery,external,0.002639218791237794,1583.5312747426765,REPD/model battery → 1C/0.5C/0.25C proportional,
2026,0.5c_battery,external,34.71100554235946,12148851.93982581,REPD/model battery → 1C/0.5C/0.25C proportional,
2026,1c_battery,external,1.055687516495118,348376.88044338895,REPD/model battery → 1C/0.5C/0.25C proportional,
2026,0.25c_battery,external,4.222750065980472,1752441.277381896,REPD/model battery → 1C/0.5C/0.25C proportional,
2026,hydrogen_battery,external,0.010556875164951176,6334.125098970706,REPD/model battery → 1C/0.5C/0.25C proportional,
2026,0.5c_battery,external,0.9371971496437056,328019.00237529696,REPD/model battery → 1C/0.5C/0.25C proportional,
2026,1c_battery,external,0.0285035629453682,9406.175771971506,REPD/model battery → 1C/0.5C/0.25C proportional,
2026,0.25c_battery,external,0.1140142517814728,47315.91448931121,REPD/model battery → 1C/0.5C/0.25C proportional,
2026,hydrogen_battery,external,0.00028503562945368183,171.0213776722091,REPD/model battery → 1C/0.5C/0.25C proportional,
2026,0.5c_battery,external,30.37212984956453,10630245.447347585,REPD/model battery → 1C/0.5C/0.25C proportional,
2026,1c_battery,external,0.9237265769332285,304829.7703879654,REPD/model battery → 1C/0.5C/0.25C proportional,
2026,0.25c_battery,external,3.694906307732914,1533386.1177091592,REPD/model battery → 1C/0.5C/0.25C proportional,
2026,hydrogen_battery,external,0.00923726576933228,5542.359461599368,REPD/model battery → 1C/0.5C/0.25C proportional,
2026,0.5c_battery,external,43.388756927949316,15186064.924782261,REPD/model battery → 1C/0.5C/0.25C proportional,
2026,1c_battery,external,1.3196093956188977,435471.1005542362,REPD/model battery → 1C/0.5C/0.25C proportional,
2026,0.25c_battery,external,5.278437582475591,2190551.5967273703,REPD/model battery → 1C/0.5C/0.25C proportional,
2026,hydrogen_battery,external,0.01319609395618897,7917.656373713383,REPD/model battery → 1C/0.5C/0.25C proportional,
2026,0.5c_battery,external,43.38875692794931,15186064.924782258,REPD/model battery → 1C/0.5C/0.25C proportional,
2026,1c_battery,external,1.3196093956188977,435471.1005542362,REPD/model battery → 1C/0.5C/0.25C proportional,
2026,0.25c_battery,external,5.278437582475591,2190551.5967273703,REPD/model battery → 1C/0.5C/0.25C proportional,
2026,hydrogen_battery,external,0.013196093956188973,7917.656373713384,REPD/model battery → 1C/0.5C/0.25C proportional,
2026,0.5c_battery,external,34.71100554235946,12148851.93982581,REPD/model battery → 1C/0.5C/0.25C proportional,
2026,1c_battery,external,1.0556875164951185,348376.8804433891,REPD/model battery → 1C/0.5C/0.25C proportional,
2026,0.25c_battery,external,4.222750065980474,1752441.2773818967,REPD/model battery → 1C/0.5C/0.25C proportional,
2026,hydrogen_battery,external,0.01055687516495118,6334.125098970708,REPD/model battery → 1C/0.5C/0.25C proportional,
2026,0.5c_battery,external,34.71100554235946,12148851.93982581,REPD/model battery → 1C/0.5C/0.25C proportional,
2026,1c_battery,external,1.0556875164951185,348376.8804433891,REPD/model battery → 1C/0.5C/0.25C proportional,
2026,0.25c_battery,external,4.222750065980474,1752441.2773818967,REPD/model battery → 1C/0.5C/0.25C proportional,
2026,hydrogen_battery,external,0.010556875164951181,6334.125098970709,REPD/model battery → 1C/0.5C/0.25C proportional,
2026,0.5c_battery,external,43.38875692794932,15186064.924782263,REPD/model battery → 1C/0.5C/0.25C proportional,
2026,1c_battery,external,1.3196093956188983,435471.10055423644,REPD/model battery → 1C/0.5C/0.25C proportional,
2026,0.25c_battery,external,5.278437582475593,2190551.596727371,REPD/model battery → 1C/0.5C/0.25C proportional,
2026,hydrogen_battery,external,0.013196093956188978,7917.6563737133865,REPD/model battery → 1C/0.5C/0.25C proportional,
2026,0.5c_battery,external,347.11005542359453,121488519.39825809,REPD/model battery → 1C/0.5C/0.25C proportional,
2026,1c_battery,external,10.556875164951185,3483768.804433891,REPD/model battery → 1C/0.5C/0.25C proportional,
2026,0.25c_battery,external,42.22750065980474,17524412.773818966,REPD/model battery → 1C/0.5C/0.25C proportional,
2026,hydrogen_battery,external,0.10556875164951182,63341.25098970709,REPD/model battery → 1C/0.5C/0.25C proportional,
2026,0.5c_battery,external,208.26603325415675,72893111.63895486,REPD/model battery → 1C/0.5C/0.25C proportional,
2026,1c_battery,external,6.334125098970712,2090261.2826603348,REPD/model battery → 1C/0.5C/0.25C proportional,
2026,0.25c_battery,external,25.336500395882847,10514647.664291382,REPD/model battery → 1C/0.5C/0.25C proportional,
2026,hydrogen_battery,external,0.0633412509897071,38004.750593824254,REPD/model battery → 1C/0.5C/0.25C proportional,
2026,0.5c_battery,external,4.338875692794933,1518606.4924782265,REPD/model battery → 1C/0.5C/0.25C proportional,
2026,1c_battery,external,0.13196093956188987,43547.110055423655,REPD/model battery → 1C/0.5C/0.25C proportional,
2026,0.25c_battery,external,0.5278437582475595,219055.15967273718,REPD/model battery → 1C/0.5C/0.25C proportional,
2026,hydrogen_battery,external,0.001319609395618898,791.7656373713387,REPD/model battery → 1C/0.5C/0.25C proportional,
2026,0.5c_battery,external,26.033254156769594,9111638.954869358,REPD/model battery → 1C/0.5C/0.25C proportional,
2026,1c_battery,external,0.7917656373713389,261282.66033254183,REPD/model battery → 1C/0.5C/0.25C proportional,
2026,0.25c_battery,external,3.1670625494853555,1314330.9580364225,REPD/model battery → 1C/0.5C/0.25C proportional,
2026,hydrogen_battery,external,0.007917656373713387,4750.593824228032,REPD/model battery → 1C/0.5C/0.25C proportional,
2026,0.5c_battery,external,347.1100554235946,121488519.3982581,REPD/model battery → 1C/0.5C/0.25C proportional,
2026,1c_battery,external,10.556875164951185,3483768.804433891,REPD/model battery → 1C/0.5C/0.25C proportional,
2026,0.25c_battery,external,42.22750065980474,17524412.773818966,REPD/model battery → 1C/0.5C/0.25C proportional,
2026,hydrogen_battery,external,0.10556875164951184,63341.2509897071,REPD/model battery → 1C/0.5C/0.25C proportional,
2026,0.5c_battery,external,1.7355502771179727,607442.5969912905,REPD/model battery → 1C/0.5C/0.25C proportional,
2026,1c_battery,external,0.05278437582475592,17418.844022169455,REPD/model battery → 1C/0.5C/0.25C proportional,
2026,0.25c_battery,external,0.21113750329902367,87622.06386909483,REPD/model battery → 1C/0.5C/0.25C proportional,
2026,hydrogen_battery,external,0.000527843758247559,316.7062549485354,REPD/model battery → 1C/0.5C/0.25C proportional,
2026,0.5c_battery,external,56.405384006334124,19741884.402216945,REPD/model battery → 1C/0.5C/0.25C proportional,
2026,1c_battery,external,1.7154922143045677,566112.4307205073,REPD/model battery → 1C/0.5C/0.25C proportional,
2026,0.25c_battery,external,6.861968857218271,2847717.075745582,REPD/model battery → 1C/0.5C/0.25C proportional,
2026,hydrogen_battery,external,0.01715492214304567,10292.953285827401,REPD/model battery → 1C/0.5C/0.25C proportional,
2026,0.5c_battery,external,34.71100554235946,12148851.93982581,REPD/model battery → 1C/0.5C/0.25C proportional,
2026,1c_battery,external,1.0556875164951185,348376.8804433891,REPD/model battery → 1C/0.5C/0.25C proportional,
2026,0.25c_battery,external,4.222750065980474,1752441.2773818967,REPD/model battery → 1C/0.5C/0.25C proportional,
2026,hydrogen_battery,external,0.01055687516495118,6334.125098970708,REPD/model battery → 1C/0.5C/0.25C proportional,
2026,0.5c_battery,external,477.27632620744254,167046714.1726049,REPD/model battery → 1C/0.5C/0.25C proportional,
2026,1c_battery,external,14.515703351807883,4790182.106096601,REPD/model battery → 1C/0.5C/0.25C proportional,
2026,0.25c_battery,external,58.06281340723153,24096067.564001083,REPD/model battery → 1C/0.5C/0.25C proportional,
2026,hydrogen_battery,external,0.14515703351807877,87094.22011084727,REPD/model battery → 1C/0.5C/0.25C proportional,
2026,0.5c_battery,external,173.55502771179727,60744259.699129045,REPD/model battery → 1C/0.5C/0.25C proportional,
2026,1c_battery,external,5.278437582475593,1741884.4022169458,REPD/model battery → 1C/0.5C/0.25C proportional,
2026,0.25c_battery,external,21.113750329902373,8762206.386909485,REPD/model battery → 1C/0.5C/0.25C proportional,
2026,hydrogen_battery,external,0.0527843758247559,31670.62549485354,REPD/model battery → 1C/0.5C/0.25C proportional,
2026,0.5c_battery,external,173.5550277117973,60744259.69912905,REPD/model battery → 1C/0.5C/0.25C proportional,
2026,1c_battery,external,5.278437582475593,1741884.4022169458,REPD/model battery → 1C/0.5C/0.25C proportional,
2026,0.25c_battery,external,21.113750329902373,8762206.386909485,REPD/model battery → 1C/0.5C/0.25C proportional,
2026,hydrogen_battery,external,0.05278437582475591,31670.625494853546,REPD/model battery → 1C/0.5C/0.25C proportional,
2026,0.5c_battery,external,26.03325415676959,9111638.954869356,REPD/model battery → 1C/0.5C/0.25C proportional,
2026,1c_battery,external,0.7917656373713388,261282.6603325418,REPD/model battery → 1C/0.5C/0.25C proportional,
2026,0.25c_battery,external,3.167062549485355,1314330.9580364223,REPD/model battery → 1C/0.5C/0.25C proportional,
2026,hydrogen_battery,external,0.007917656373713385,4750.593824228031,REPD/model battery → 1C/0.5C/0.25C proportional,
2026,0.5c_battery,external,39.04988123515439,13667458.432304036,REPD/model battery → 1C/0.5C/0.25C proportional,
2026,1c_battery,external,1.1876484560570082,391923.9904988127,REPD/model battery → 1C/0.5C/0.25C proportional,
2026,0.25c_battery,external,4.750593824228033,1971496.4370546336,REPD/model battery → 1C/0.5C/0.25C proportional,
2026,hydrogen_battery,external,0.011876484560570078,7125.890736342047,REPD/model battery → 1C/0.5C/0.25C proportional,
2026,0.5c_battery,external,43.30197941409342,15155692.794932695,REPD/model battery → 1C/0.5C/0.25C proportional,
2026,1c_battery,external,1.31697017682766,434600.15835312783,REPD/model battery → 1C/0.5C/0.25C proportional,
2026,0.25c_battery,external,5.26788070731064,2186170.493533916,REPD/model battery → 1C/0.5C/0.25C proportional,
2026,hydrogen_battery,external,0.013169701768276598,7901.821060965958,REPD/model battery → 1C/0.5C/0.25C proportional,
2026,0.5c_battery,external,347.11005542359453,121488519.39825809,REPD/model battery → 1C/0.5C/0.25C proportional,
2026,1c_battery,external,10.556875164951187,3483768.8044338915,REPD/model battery → 1C/0.5C/0.25C proportional,
2026,0.25c_battery,external,42.22750065980475,17524412.77381897,REPD/model battery → 1C/0.5C/0.25C proportional,
2026,hydrogen_battery,external,0.10556875164951181,63341.250989707085,REPD/model battery → 1C/0.5C/0.25C proportional,
2026,0.5c_battery,external,26.033254156769587,9111638.954869356,REPD/model battery → 1C/0.5C/0.25C proportional,
2026,1c_battery,external,0.7917656373713388,261282.6603325418,REPD/model battery → 1C/0.5C/0.25C proportional,
2026,0.25c_battery,external,3.167062549485355,1314330.9580364223,REPD/model battery → 1C/0.5C/0.25C proportional,
2026,hydrogen_battery,external,0.007917656373713385,4750.593824228031,REPD/model battery → 1C/0.5C/0.25C proportional,
2026,0.5c_battery,external,6.0744259699129035,2126049.089469516,REPD/model battery → 1C/0.5C/0.25C proportional,
2026,1c_battery,external,0.1847453153866457,60965.95407759309,REPD/model battery → 1C/0.5C/0.25C proportional,
2026,0.25c_battery,external,0.7389812615465828,306677.2235418319,REPD/model battery → 1C/0.5C/0.25C proportional,
2026,hydrogen_battery,external,0.0018474531538664562,1108.4718923198736,REPD/model battery → 1C/0.5C/0.25C proportional,
2026,0.5c_battery,external,86.77751385589863,30372129.849564523,REPD/model battery → 1C/0.5C/0.25C proportional,
2026,1c_battery,external,2.639218791237796,870942.2011084727,REPD/model battery → 1C/0.5C/0.25C proportional,
2026,0.25c_battery,external,10.556875164951183,4381103.193454741,REPD/model battery → 1C/0.5C/0.25C proportional,
2026,hydrogen_battery,external,0.02639218791237795,15835.31274742677,REPD/model battery → 1C/0.5C/0.25C proportional,
2026,0.5c_battery,external,6.508313539192398,2277909.738717339,REPD/model battery → 1C/0.5C/0.25C proportional,
2026,1c_battery,external,0.19794140934283472,65320.66508313546,REPD/model battery → 1C/0.5C/0.25C proportional,
2026,0.25c_battery,external,0.7917656373713389,328582.7395091056,REPD/model battery → 1C/0.5C/0.25C proportional,
2026,hydrogen_battery,external,0.0019794140934283463,1187.6484560570077,REPD/model battery → 1C/0.5C/0.25C proportional,
2026,0.5c_battery,external,520.6650831353919,182232779.09738716,REPD/model battery → 1C/0.5C/0.25C proportional,
2026,1c_battery,external,15.835312747426778,5225653.206650836,REPD/model battery → 1C/0.5C/0.25C proportional,
2026,0.25c_battery,external,63.34125098970711,26286619.16072845,REPD/model battery → 1C/0.5C/0.25C proportional,
2026,hydrogen_battery,external,0.15835312747426772,95011.87648456063,REPD/model battery → 1C/0.5C/0.25C proportional,
2026,0.5c_battery,external,43.388756927949316,15186064.924782261,REPD/model battery → 1C/0.5C/0.25C proportional,
2026,1c_battery,external,1.3196093956188981,435471.1005542364,REPD/model battery → 1C/0.5C/0.25C proportional,
2026,0.25c_battery,external,5.2784375824755925,2190551.5967273708,REPD/model battery → 1C/0.5C/0.25C proportional,
2026,hydrogen_battery,external,0.013196093956188973,7917.656373713384,REPD/model battery → 1C/0.5C/0.25C proportional,
2026,0.5c_battery,external,85.90973871733965,30068408.551068876,REPD/model battery → 1C/0.5C/0.25C proportional,
2026,1c_battery,external,2.6128266033254186,862232.7790973881,REPD/model battery → 1C/0.5C/0.25C proportional,
2026,0.25c_battery,external,10.451306413301674,4337292.161520195,REPD/model battery → 1C/0.5C/0.25C proportional,
2026,hydrogen_battery,external,0.02612826603325417,15676.959619952502,REPD/model battery → 1C/0.5C/0.25C proportional,
2026,0.5c_battery,external,85.90973871733965,30068408.551068876,REPD/model battery → 1C/0.5C/0.25C proportional,
2026,1c_battery,external,2.612826603325418,862232.779097388,REPD/model battery → 1C/0.5C/0.25C proportional,
2026,0.25c_battery,external,10.451306413301673,4337292.161520194,REPD/model battery → 1C/0.5C/0.25C proportional,
2026,hydrogen_battery,external,0.026128266033254167,15676.9596199525,REPD/model battery → 1C/0.5C/0.25C proportional,
2026,0.5c_battery,external,45.124307205067296,15793507.521773554,REPD/model battery → 1C/0.5C/0.25C proportional,
2026,1c_battery,external,1.3723937714436543,452889.9445764059,REPD/model battery → 1C/0.5C/0.25C proportional,
2026,0.25c_battery,external,5.489575085774617,2278173.660596466,REPD/model battery → 1C/0.5C/0.25C proportional,
2026,hydrogen_battery,external,0.013723937714436535,8234.36262866192,REPD/model battery → 1C/0.5C/0.25C proportional,
2026,0.5c_battery,external,8.677751385589865,3037212.9849564526,REPD/model battery → 1C/0.5C/0.25C proportional,
2026,1c_battery,external,0.2639218791237796,87094.22011084728,REPD/model battery → 1C/0.5C/0.25C proportional,
2026,0.25c_battery,external,1.0556875164951185,438110.3193454742,REPD/model battery → 1C/0.5C/0.25C proportional,
2026,hydrogen_battery,external,0.002639218791237795,1583.531274742677,REPD/model battery → 1C/0.5C/0.25C proportional,
2026,0.5c_battery,external,17.355502771179726,6074425.969912904,REPD/model battery → 1C/0.5C/0.25C proportional,
2026,1c_battery,external,0.5278437582475594,174188.4402216946,REPD/model battery → 1C/0.5C/0.25C proportional,
2026,0.25c_battery,external,2.1113750329902374,876220.6386909485,REPD/model battery → 1C/0.5C/0.25C proportional,
2026,hydrogen_battery,external,0.00527843758247559,3167.062549485354,REPD/model battery → 1C/0.5C/0.25C proportional,
2026,0.5c_battery,external,5.206650831353919,1822327.7909738715,REPD/model battery → 1C/0.5C/0.25C proportional,
2026,1c_battery,external,0.15835312747426777,52256.532066508364,REPD/model battery → 1C/0.5C/0.25C proportional,
2026,0.25c_battery,external,0.6334125098970711,262866.1916072845,REPD/model battery → 1C/0.5C/0.25C proportional,
2026,hydrogen_battery,external,0.0015835312747426772,950.1187648456063,REPD/model battery → 1C/0.5C/0.25C proportional,
2026,0.5c_battery,external,347.1100554235946,121488519.3982581,REPD/model battery → 1C/0.5C/0.25C proportional,
2026,1c_battery,external,10.556875164951185,3483768.804433891,REPD/model battery → 1C/0.5C/0.25C proportional,
2026,0.25c_battery,external,42.22750065980474,17524412.773818966,REPD/model battery → 1C/0.5C/0.25C proportional,
2026,hydrogen_battery,external,0.10556875164951181,63341.250989707085,REPD/model battery → 1C/0.5C/0.25C proportional,
2026,0.5c_battery,external,69.4220110847189,24297703.879651617,REPD/model battery → 1C/0.5C/0.25C proportional,
2026,1c_battery,external,2.111375032990236,696753.7608867779,REPD/model battery → 1C/0.5C/0.25C proportional,
2026,0.25c_battery,external,8.445500131960944,3504882.554763792,REPD/model battery → 1C/0.5C/0.25C proportional,
2026,hydrogen_battery,external,0.021113750329902353,12668.250197941412,REPD/model battery → 1C/0.5C/0.25C proportional,
2026,0.5c_battery,external,17.35550277117973,6074425.969912905,REPD/model battery → 1C/0.5C/0.25C proportional,
2026,1c_battery,external,0.5278437582475592,174188.44022169456,REPD/model battery → 1C/0.5C/0.25C proportional,
2026,0.25c_battery,external,2.111375032990237,876220.6386909484,REPD/model battery → 1C/0.5C/0.25C proportional,
2026,hydrogen_battery,external,0.005278437582475588,3167.062549485353,REPD/model battery → 1C/0.5C/0.25C proportional,
2026,0.5c_battery,external,17.35550277117973,6074425.969912905,REPD/model battery → 1C/0.5C/0.25C proportional,
2026,1c_battery,external,0.527843758247559,174188.44022169447,REPD/model battery → 1C/0.5C/0.25C proportional,
2026,0.25c_battery,external,2.111375032990236,876220.638690948,REPD/model battery → 1C/0.5C/0.25C proportional,
2026,hydrogen_battery,external,0.005278437582475588,3167.062549485353,REPD/model battery → 1C/0.5C/0.25C proportional,
2026,0.5c_battery,external,8.677751385589865,3037212.9849564526,REPD/model battery → 1C/0.5C/0.25C proportional,
2026,1c_battery,external,0.2639218791237795,87094.22011084724,REPD/model battery → 1C/0.5C/0.25C proportional,
2026,0.25c_battery,external,1.055687516495118,438110.319345474,REPD/model battery → 1C/0.5C/0.25C proportional,
2026,hydrogen_battery,external,0.002639218791237794,1583.5312747426765,REPD/model battery → 1C/0.5C/0.25C proportional,
2026,0.5c_battery,external,433.8875692794932,151860649.2478226,REPD/model battery → 1C/0.5C/0.25C proportional,
2026,1c_battery,external,13.196093956188976,4354711.005542362,REPD/model battery → 1C/0.5C/0.25C proportional,
2026,0.25c_battery,external,52.784375824755905,21905515.9672737,REPD/model battery → 1C/0.5C/0.25C proportional,
2026,hydrogen_battery,external,0.1319609395618897,79176.56373713382,REPD/model battery → 1C/0.5C/0.25C proportional,
2026,0.5c_battery,external,34.71100554235946,12148851.93982581,REPD/model battery → 1C/0.5C/0.25C proportional,
2026,1c_battery,external,1.055687516495118,348376.88044338895,REPD/model battery → 1C/0.5C/0.25C proportional,
2026,0.25c_battery,external,4.222750065980472,1752441.277381896,REPD/model battery → 1C/0.5C/0.25C proportional,
2026,hydrogen_battery,external,0.010556875164951176,6334.125098970706,REPD/model battery → 1C/0.5C/0.25C proportional,
2026,0.5c_battery,external,10.413301662707836,3644655.5819477425,REPD/model battery → 1C/0.5C/0.25C proportional,
2026,1c_battery,external,0.31670625494853544,104513.0641330167,REPD/model battery → 1C/0.5C/0.25C proportional,
2026,0.25c_battery,external,1.2668250197941417,525732.3832145688,REPD/model battery → 1C/0.5C/0.25C proportional,
2026,hydrogen_battery,external,0.003167062549485353,1900.2375296912119,REPD/model battery → 1C/0.5C/0.25C proportional,
2026,0.5c_battery,external,2.0826603325415673,728931.1163895485,REPD/model battery → 1C/0.5C/0.25C proportional,
2026,1c_battery,external,0.06334125098970708,20902.612826603337,REPD/model battery → 1C/0.5C/0.25C proportional,
2026,0.25c_battery,external,0.2533650039588283,105146.47664291375,REPD/model battery → 1C/0.5C/0.25C proportional,
2026,hydrogen_battery,external,0.0006334125098970706,380.04750593824235,REPD/model battery → 1C/0.5C/0.25C proportional,
2026,0.5c_battery,external,26.033254156769594,9111638.954869358,REPD/model battery → 1C/0.5C/0.25C proportional,
2026,1c_battery,external,0.7917656373713385,261282.6603325417,REPD/model battery → 1C/0.5C/0.25C proportional,
2026,0.25c_battery,external,3.167062549485354,1314330.958036422,REPD/model battery → 1C/0.5C/0.25C proportional,
2026,hydrogen_battery,external,0.007917656373713382,4750.593824228029,REPD/model battery → 1C/0.5C/0.25C proportional,
2026,0.5c_battery,external,43.38875692794932,15186064.924782263,REPD/model battery → 1C/0.5C/0.25C proportional,
2026,1c_battery,external,1.3196093956188975,435471.10055423615,REPD/model battery → 1C/0.5C/0.25C proportional,
2026,0.25c_battery,external,5.27843758247559,2190551.59672737,REPD/model battery → 1C/0.5C/0.25C proportional,
2026,hydrogen_battery,external,0.01319609395618897,7917.656373713383,REPD/model battery → 1C/0.5C/0.25C proportional,
2026,0.5c_battery,external,34.71100554235945,12148851.939825809,REPD/model battery → 1C/0.5C/0.25C proportional,
2026,1c_battery,external,1.055687516495118,348376.88044338895,REPD/model battery → 1C/0.5C/0.25C proportional,
2026,0.25c_battery,external,4.222750065980472,1752441.277381896,REPD/model battery → 1C/0.5C/0.25C proportional,
2026,hydrogen_battery,external,0.010556875164951176,6334.125098970706,REPD/model battery → 1C/0.5C/0.25C proportional,
2026,0.5c_battery,external,17.35550277117973,6074425.969912905,REPD/model battery → 1C/0.5C/0.25C proportional,
2026,1c_battery,external,0.5278437582475591,174188.4402216945,REPD/model battery → 1C/0.5C/0.25C proportional,
2026,0.25c_battery,external,2.1113750329902365,876220.6386909481,REPD/model battery → 1C/0.5C/0.25C proportional,
2026,hydrogen_battery,external,0.005278437582475589,3167.0625494853534,REPD/model battery → 1C/0.5C/0.25C proportional,
2026,0.5c_battery,external,4.338875692794932,1518606.4924782263,REPD/model battery → 1C/0.5C/0.25C proportional,
2026,1c_battery,external,0.13196093956188976,43547.11005542362,REPD/model battery → 1C/0.5C/0.25C proportional,
2026,0.25c_battery,external,0.527843758247559,219055.159672737,REPD/model battery → 1C/0.5C/0.25C proportional,
2026,hydrogen_battery,external,0.0013196093956188973,791.7656373713384,REPD/model battery → 1C/0.5C/0.25C proportional,
2026,onshore_Edinburgh,external,16.8,26678400.0,Location-based,"N/A, N/A"
2026,onshore_Cardiff,external,35.0,55580000.0,Location-based,"N/A, N/A"
2026,onshore_Edinburgh,external,1.0,1588000.0,Location-based,"N/A, N/A"
2026,onshore_Edinburgh,external,20.0,31760000.0,Location-based,"N/A, N/A"
2026,onshore_Edinburgh,external,36.0,57168000.0,Location-based,"N/A, N/A"
2026,onshore_Edinburgh,external,72.6,115288799.99999999,Location-based,"N/A, N/A"
2026,onshore_Edinburgh,external,9.0,14292000.0,Location-based,"N/A, N/A"
2026,onshore_Ipswich,external,1.5,2382000.0,Location-based,"N/A, N/A"
2026,onshore_Edinburgh,external,58.5,92898000.0,Location-based,"N/A, N/A"
2026,onshore_Edinburgh,external,5.0,7940000.0,Location-based,"N/A, N/A"
2026,onshore_Edinburgh,external,1.0,1588000.0,Location-based,"N/A, N/A"
2026,onshore_Edinburgh,external,7.05,11195400.0,Location-based,"N/A, N/A"
2026,onshore_Edinburgh,external,3.9,6193200.0,Location-based,"N/A, N/A"
2026,onshore_Edinburgh,external,2.3,3652399.9999999995,Location-based,"N/A, N/A"
2026,onshore_Birmingham,external,1.0,1588000.0,Location-based,"N/A, N/A"
2027,solar_Bournemouth,external,4.243048403707518,2796168.8980432544,Location-based,"N/A, N/A"
2027,solar_Bournemouth,external,4.243048403707518,2796168.8980432544,Location-based,"N/A, N/A"
2027,solar_Cardiff,external,48.03370786516854,31654213.483146068,Location-based,"N/A, N/A"
2027,solar_Ipswich,external,14.64951768488746,9654032.154340835,Location-based,"N/A, N/A"
2027,solar_Nottingham,external,34.47037701974865,22715978.45601436,Location-based,"N/A, N/A"
2027,solar_Edinburgh,external,40.0,26360000.0,Location-based,"N/A, N/A"
2027,solar_Manchester,external,42.939952718676125,28297428.841607567,Location-based,"N/A, N/A"
2027,solar_Sheffield,external,39.91336633663367,26302908.41584159,Location-based,"N/A, N/A"
2027,solar_Portsmouth,external,43.352611464968156,28569370.955414016,Location-based,"N/A, N/A"
2027,solar_Cardiff,external,134.83146067415728,88853932.58426966,Location-based,"N/A, N/A"
2027,solar_Bournemouth,external,11.456230690010297,7549656.024716786,Location-based,"N/A, N/A"
2027,solar_Ipswich,external,49.9,32884100.0,Location-based,"N/A, N/A"
2027,solar_Birmingham,external,44.25311778290993,29162804.618937645,Location-based,"N/A, N/A"
2027,solar_Nottingham,external,500.0,329500000.0,Location-based,"N/A, N/A"
2027,solar_Nottingham,external,49.9,32884100.0,Location-based,"N/A, N/A"
2027,solar_Cardiff,external,16.85393258426966,11106741.573033707,Location-based,"N/A, N/A"
2027,solar_Bournemouth,external,42.34562306900103,27905765.60247168,Location-based,"N/A, N/A"
2027,solar_Nottingham,external,49.9,32884100.0,Location-based,"N/A, N/A"
2027,solar_Portsmouth,external,86.79210191082804,57195995.15923568,Location-based,"N/A, N/A"
2027,solar_Portsmouth,external,43.4308025477707,28620898.878980894,Location-based,"N/A, N/A"
2027,solar_Cardiff,external,42.050561797752806,27711320.2247191,Location-based,"N/A, N/A"
2027,solar_Cardiff,external,105.33707865168539,69417134.83146067,Location-based,"N/A, N/A"
2027,solar_Ipswich,external,16.37299035369775,10789800.643086819,Location-based,"N/A, N/A"
2027,solar_Birmingham,external,44.25311778290993,29162804.618937645,Location-based,"N/A, N/A"
2027,solar_Bournemouth,external,1.7820803295571574,1174390.9371781668,Location-based,"N/A, N/A"
2027,solar_Portsmouth,external,34.7515923566879,22901299.363057327,Location-based,"N/A, N/A"
2027,solar_Nottingham,external,43.001795332136446,28338183.123877916,Location-based,"N/A, N/A"
2027,solar_Nottingham,external,43.001795332136446,28338183.123877916,Location-based,"N/A, N/A"
2027,solar_Edinburgh,external,54.52887537993922,35934528.87537995,Location-based,"N/A, N/A"
2027,solar_Newcastle,external,25.85625,17039268.75,Location-based,"N/A, N/A"
2027,solar_Portsmouth,external,6.95031847133758,4580259.872611465,Location-based,"N/A, N/A"
2027,solar_Ipswich,external,0.8875884244372991,584920.7717041802,Location-based,"N/A, N/A"
2027,solar_Sheffield,external,46.4016089108911,30578660.272277236,Location-based,"N/A, N/A"
2027,solar_Bournemouth,external,15.699279093717816,10345824.922760041,Location-based,"N/A, N/A"
2027,solar_Nottingham,external,430.87971274685816,283949730.7001795,Location-based,"N/A, N/A"
2027,solar_Edinburgh,external,54.52887537993922,35934528.87537995,Location-based,"N/A, N/A"
2027,solar_Newcastle,external,37.88461538461539,24965961.53846154,Location-based,"N/A, N/A"
2027,solar_Portsmouth,external,43.352611464968156,28569370.955414016,Location-based,"N/A, N/A"
2027,solar_Nottingham,external,43.001795332136446,28338183.123877916,Location-based,"N/A, N/A"
2027,solar_Newcastle,external,170.48076923076923,112346826.92307691,Location-based,"N/A, N/A"
2027,solar_Sheffield,external,46.3180693069307,30523607.673267335,Location-based,"N/A, N/A"
2027,solar_Ipswich,external,17.234726688102896,11357684.887459809,Location-based,"N/A, N/A"
2027,solar_Ipswich,external,16.967588424437302,11181640.771704182,Location-based,"N/A, N/A"
2027,solar_Sheffield,external,27.84653465346535,18350866.336633667,Location-based,"N/A, N/A"
2027,solar_Bournemouth,external,42.34562306900103,27905765.60247168,Location-based,"N/A, N/A"
2027,solar_Bournemouth,external,33.944387229660144,22369351.184346035,Location-based,"N/A, N/A"
2027,solar_Ipswich,external,17.234726688102896,11357684.887459809,Location-based,"N/A, N/A"
2027,solar_Cardiff,external,84.18539325842697,55478174.15730337,Location-based,"N/A, N/A"
2027,solar_Ipswich,external,15.511254019292606,10221916.398713827,Location-based,"N/A, N/A"
2027,solar_Ipswich,external,43.00064308681672,28337423.794212222,Location-based,"N/A, N/A"
2027,solar_Ipswich,external,30.160771704180068,19875948.553054664,Location-based,"N/A, N/A"
2027,solar_Birmingham,external,0.9755196304849886,642867.4364896074,Location-based,"N/A, N/A"
2027,solar_Bournemouth,external,12.729145211122553,8388506.694129762,Location-based,"N/A, N/A"
2027,solar_Edinburgh,external,36.352583586626146,23956352.58358663,Location-based,"N/A, N/A"
2027,solar_Sheffield,external,37.128712871287135,24467821.782178223,Location-based,"N/A, N/A"
2027,solar_Edinburgh,external,24.992401215805476,16469992.401215808,Location-based,"N/A, N/A"
2027,solar_Portsmouth,external,1.1120509554140128,732841.5796178344,Location-based,"N/A, N/A"
2027,solar_Portsmouth,external,30.40764331210191,20038636.94267516,Location-based,"N/A, N/A"
2027,solar_Portsmouth,external,17.37579617834395,11450649.681528663,Location-based,"N/A, N/A"
2027,solar_Ipswich,external,25.852090032154344,17036527.33118971,Location-based,"N/A, N/A"
2027,solar_Ipswich,external,43.00064308681672,28337423.794212222,Location-based,"N/A, N/A"
2027,solar_Nottingham,external,16.149371633752242,10642435.906642728,Location-based,"N/A, N/A"
2027,solar_Sheffield,external,9.282178217821784,6116955.445544556,Location-based,"N/A, N/A"
2027,solar_Ipswich,external,6.290675241157556,4145554.98392283,Location-based,"N/A, N/A"
2027,solar_Manchester,external,23.23404255319149,15311234.042553192,Location-based,"N/A, N/A"
2027,solar_Ipswich,external,25.852090032154344,17036527.33118971,Location-based,"N/A, N/A"
2027,solar_Birmingham,external,15.963048498845266,10519648.96073903,Location-based,"N/A, N/A"
2027,solar_Cardiff,external,0.8426966292134831,555337.0786516854,Location-based,"N/A, N/A"
2027,solar_Birmingham,external,16.849884526558892,11104073.90300231,Location-based,"N/A, N/A"
2027,solar_Birmingham,external,35.47344110854504,23376997.69053118,Location-based,"N/A, N/A"
2027,solar_Birmingham,external,43.45496535796767,28636822.170900695,Location-based,"N/A, N/A"
2027,solar_Portsmouth,external,4.343949044585988,2862662.420382166,Location-based,"N/A, N/A"
2027,solar_Edinburgh,external,90.88145896656536,59890881.458966576,Location-based,"N/A, N/A"
2027,solar_Manchester,external,0.8605200945626478,567082.7423167849,Location-based,"N/A, N/A"
2027,solar_Nottingham,external,43.07935368043088,28389294.075403947,Location-based,"N/A, N/A"
2027,solar_Manchester,external,8.605200945626478,5670827.423167849,Location-based,"N/A, N/A"
2027,solar_Edinburgh,external,68.16109422492403,44918161.09422494,Location-based,"N/A, N/A"
2027,solar_Ipswich,external,20.681672025723472,13629221.864951769,Location-based,"N/A, N/A"
2027,solar_Bournemouth,external,25.458290422245106,16777013.388259524,Location-based,"N/A, N/A"
2027,solar_Manchester,external,19.7919621749409,13042903.073286053,Location-based,"N/A, N/A"
2027,solar_Edinburgh,external,68.16109422492403,44918161.09422494,Location-based,"N/A, N/A"
2027,solar_Birmingham,external,44.25311778290993,29162804.618937645,Location-based,"N/A, N/A"
2027,solar_Sheffield,external,27.568069306930695,18167357.673267327,Location-based,"N/A, N/A"
2027,solar_Nottingham,external,0.8617594254937163,567899.461400359,Location-based,"N/A, N/A"
2027,solar_Edinburgh,external,18.176291793313073,11978176.291793315,Location-based,"N/A, N/A"
2027,solar_Cardiff,external,29.494382022471907,19436797.752808988,Location-based,"N/A, N/A"
2027,solar_Nottingham,external,25.85278276481149,17036983.842010774,Location-based,"N/A, N/A"
2027,solar_Nottingham,external,637.70197486535,420245601.4362657,Location-based,"N/A, N/A"
2027,solar_Portsmouth,external,8.687898089171975,5725324.840764332,Location-based,"N/A, N/A"
2027,solar_Portsmouth,external,5.2127388535031844,3435194.9044585987,Location-based,"N/A, N/A"
2027,solar_Portsmouth,external,4.343949044585988,2862662.420382166,Location-based,"N/A, N/A"
2027,solar_Newcastle,external,47.26105769230769,31145037.019230764,Location-based,"N/A, N/A"
2027,solar_Edinburgh,external,54.52887537993922,35934528.87537995,Location-based,"N/A, N/A"
2027,solar_Sheffield,external,297.0297029702971,195742574.25742579,Location-based,"N/A, N/A"
2027,solar_Portsmouth,external,35.62038216560509,23473831.847133756,Location-based,"N/A, N/A"
2027,solar_Nottingham,external,9.47935368043088,6246894.075403949,Location-based,"N/A, N/A"
2027,solar_Nottingham,external,8.617594254937163,5678994.61400359,Location-based,"N/A, N/A"
2027,solar_Nottingham,external,8.617594254937163,5678994.61400359,Location-based,"N/A, N/A"
2027,solar_Nottingham,external,33.60861759425494,22148078.994614005,Location-based,"N/A, N/A"
2027,solar_Ipswich,external,42.914469453376206,28280635.36977492,Location-based,"N/A, N/A"
2027,solar_Ipswich,external,31.02250803858521,20443832.797427654,Location-based,"N/A, N/A"
2027,solar_Manchester,external,7.74468085106383,5103744.680851064,Location-based,"N/A, N/A"
2027,solar_Cardiff,external,4.213483146067415,2776685.393258427,Location-based,"N/A, N/A"
2027,solar_Cardiff,external,25.280898876404493,16660112.35955056,Location-based,"N/A, N/A"
2027,solar_Edinburgh,external,2.726443768996961,1796726.4437689972,Location-based,"N/A, N/A"
2027,solar_Bournemouth,external,42.34562306900103,27905765.60247168,Location-based,"N/A, N/A"
2027,solar_Bournemouth,external,1.7141915550978373,1129652.2348094748,Location-based,"N/A, N/A"
2027,solar_Sheffield,external,28.960396039603964,19084900.990099013,Location-based,"N/A, N/A"
2027,solar_Ipswich,external,43.00064308681672,28337423.794212222,Location-based,"N/A, N/A"
2027,solar_Edinburgh,external,19.993920972644382,13175993.920972647,Location-based,"N/A, N/A"
2027,solar_Bournemouth,external,42.34562306900103,27905765.60247168,Location-based,"N/A, N/A"
2027,solar_Cardiff,external,4.205056179775281,2771132.02247191,Location-based,"N/A, N/A"
2027,solar_Nottingham,external,430.87971274685816,283949730.7001795,Location-based,"N/A, N/A"
2027,solar_Birmingham,external,35.47344110854504,23376997.69053118,Location-based,"N/A, N/A"
2027,solar_Portsmouth,external,9.122292993630573,6011591.082802548,Location-based,"N/A, N/A"
2027,solar_Portsmouth,external,17.37579617834395,11450649.681528663,Location-based,"N/A, N/A"
2027,solar_Nottingham,external,43.001795332136446,28338183.123877916,Location-based,"N/A, N/A"
2027,solar_Edinburgh,external,74.97720364741643,49409977.20364743,Location-based,"N/A, N/A"
2027,solar_Ipswich,external,24.128617363344052,15900758.84244373,Location-based,"N/A, N/A"
2027,solar_Bournemouth,external,5.091658084449021,3355402.677651905,Location-based,"N/A, N/A"
2027,solar_Portsmouth,external,17.37579617834395,11450649.681528663,Location-based,"N/A, N/A"
2027,solar_Portsmouth,external,1.0686114649681528,704214.9554140128,Location-based,"N/A, N/A"
2027,solar_Portsmouth,external,10.859872611464969,7156656.050955415,Location-based,"N/A, N/A"
2027,solar_Nottingham,external,3.8003590664272893,2504436.624775584,Location-based,"N/A, N/A"
2027,solar_Portsmouth,external,7.645350318471339,5038285.859872612,Location-based,"N/A, N/A"
2027,solar_Portsmouth,external,26.063694267515924,17175974.522292994,Location-based,"N/A, N/A"
2027,solar_Birmingham,external,7.804157043879909,5142939.4919168595,Location-based,"N/A, N/A"
2027,solar_Manchester,external,8.605200945626478,5670827.423167849,Location-based,"N/A, N/A"
2027,solar_Nottingham,external,17.235188509874327,11357989.22800718,Location-based,"N/A, N/A"
2027,solar_Birmingham,external,5.321016166281756,3506549.653579677,Location-based,"N/A, N/A"
2027,solar_Edinburgh,external,1.1632826747720366,766603.2826747721,Location-based,"N/A, N/A"
2027,solar_Birmingham,external,17.73672055427252,11688498.84526559,Location-based,"N/A, N/A"
2027,solar_Nottingham,external,43.07935368043088,28389294.075403947,Location-based,"N/A, N/A"
2027,solar_Sheffield,external,36.47896039603961,24039634.900990102,Location-based,"N/A, N/A"
2027,solar_Birmingham,external,1.1528868360277138,759752.4249422634,Location-based,"N/A, N/A"
2027,solar_Birmingham,external,1.7736720554272518,1168849.884526559,Location-based,"N/A, N/A"
2027,solar_Birmingham,external,14.898845265588916,9818339.030023096,Location-based,"N/A, N/A"
2027,solar_Edinburgh,external,27.173556231003044,17907373.556231007,Location-based,"N/A, N/A"
2027,solar_Birmingham,external,4.611547344110855,3039009.6997690536,Location-based,"N/A, N/A"
2027,solar_Sheffield,external,17.1720297029703,11316367.574257428,Location-based,"N/A, N/A"
2027,solar_Sheffield,external,46.3180693069307,30523607.673267335,Location-based,"N/A, N/A"
2027,solar_Portsmouth,external,240.65477707006372,158591498.08917198,Location-based,"N/A, N/A"
2027,solar_Portsmouth,external,43.352611464968156,28569370.955414016,Location-based,"N/A, N/A"
2027,solar_Birmingham,external,35.47344110854504,23376997.69053118,Location-based,"N/A, N/A"
2027,solar_Ipswich,external,20.681672025723472,13629221.864951769,Location-based,"N/A, N/A"
2027,solar_Bournemouth,external,20.790937178166836,13701227.600411944,Location-based,"N/A, N/A"
2027,solar_Nottingham,external,15.511669658886893,10222190.305206463,Location-based,"N/A, N/A"
2027,solar_Sheffield,external,32.487623762376245,21409344.059405945,Location-based,"N/A, N/A"
2027,solar_Ipswich,external,16.967588424437302,11181640.771704182,Location-based,"N/A, N/A"
2027,solar_Newcastle,external,29.834134615384613,19660694.71153846,Location-based,"N/A, N/A"
2027,solar_Portsmouth,external,43.352611464968156,28569370.955414016,Location-based,"N/A, N/A"
2027,solar_Cardiff,external,4.070224719101123,2682278.08988764,Location-based,"N/A, N/A"
2027,solar_Bournemouth,external,3.054994850669413,2013241.6065911432,Location-based,"N/A, N/A"
2027,solar_Ipswich,external,43.07819935691319,28388533.37620579,Location-based,"N/A, N/A"
2027,solar_Manchester,external,8.605200945626478,5670827.423167849,Location-based,"N/A, N/A"
2027,solar_Bournemouth,external,18.66941297631308,12303143.15139032,Location-based,"N/A, N/A"
2027,solar_Bournemouth,external,4.565520082389289,3008677.7342945416,Location-based,"N/A, N/A"
2027,solar_Bournemouth,external,10.183316168898042,6710805.35530381,Location-based,"N/A, N/A"
2027,solar_Portsmouth,external,9.122292993630573,6011591.082802548,Location-based,"N/A, N/A"
2027,solar_Manchester,external,11.18676122931442,7372075.650118203,Location-based,"N/A, N/A"
2027,solar_Portsmouth,external,1.0599235668789808,698489.6305732484,Location-based,"N/A, N/A"
2027,solar_Bournemouth,external,10.183316168898042,6710805.35530381,Location-based,"N/A, N/A"
2027,solar_Bournemouth,external,1.637816683831102,1079321.194644696,Location-based,"N/A, N/A"
2027,solar_Portsmouth,external,8.687898089171975,5725324.840764332,Location-based,"N/A, N/A"
2027,solar_Manchester,external,1.0756501182033098,708853.4278959811,Location-based,"N/A, N/A"
2027,solar_Nottingham,external,5.170556552962298,3407396.768402154,Location-based,"N/A, N/A"
2027,solar_Ipswich,external,43.07819935691319,28388533.37620579,Location-based,"N/A, N/A"
2027,solar_Nottingham,external,36.193895870736085,23851777.37881508,Location-based,"N/A, N/A"
2027,solar_Newcastle,external,45.46153846153846,29959153.846153844,Location-based,"N/A, N/A"
2027,solar_Nottingham,external,17.40754039497307,11471569.120287253,Location-based,"N/A, N/A"
2027,solar_Ipswich,external,21.54340836012862,14197106.10932476,Location-based,"N/A, N/A"
2027,solar_Portsmouth,external,33.0140127388535,21756234.394904457,Location-based,"N/A, N/A"
2027,solar_Nottingham,external,1.4132854578096947,931355.1166965888,Location-based,"N/A, N/A"
2027,solar_Portsmouth,external,16.50700636942675,10878117.197452229,Location-based,"N/A, N/A"
2027,solar_Ipswich,external,12.926045016077172,8518263.665594855,Location-based,"N/A, N/A"
2027,solar_Manchester,external,27.53664302600473,18146647.754137117,Location-based,"N/A, N/A"
2027,solar_Bournemouth,external,8.486096807415036,5592337.796086509,Location-based,"N/A, N/A"
2027,solar_Birmingham,external,44.25311778290993,29162804.618937645,Location-based,"N/A, N/A"
2027,solar_Sheffield,external,27.84653465346535,18350866.336633667,Location-based,"N/A, N/A"
2027,solar_Bournemouth,external,1.866941297631308,1230314.315139032,Location-based,"N/A, N/A"
2027,solar_Ipswich,external,43.043729903536985,28365818.00643087,Location-based,"N/A, N/A"
2027,solar_Edinburgh,external,31.80851063829788,20961808.5106383,Location-based,"N/A, N/A"
2027,solar_Portsmouth,external,13.90063694267516,9160519.74522293,Location-based,"N/A, N/A"
2027,solar_Manchester,external,1.024018912529551,674828.4633569741,Location-based,"N/A, N/A"
2027,solar_Birmingham,external,12.415704387990763,8181949.191685913,Location-based,"N/A, N/A"
2027,solar_Portsmouth,external,1.3813757961783442,910326.6496815288,Location-based,"N/A, N/A"
2027,solar_Nottingham,external,4.308797127468582,2839497.307001795,Location-based,"N/A, N/A"
2027,solar_Sheffield,external,1.3923267326732676,917543.3168316833,Location-based,"N/A, N/A"
2027,solar_Birmingham,external,44.25311778290993,29162804.618937645,Location-based,"N/A, N/A"
2027,solar_Newcastle,external,25.572115384615383,16852024.038461536,Location-based,"N/A, N/A"
2027,solar_Portsmouth,external,1.3031847133757961,858798.7261146497,Location-based,"N/A, N/A"
2027,solar_Bournemouth,external,3.649021627188465,2404705.2523171986,Location-based,"N/A, N/A"
2027,solar_Sheffield,external,46.3180693069307,30523607.673267335,Location-based,"N/A, N/A"
2027,solar_Nottingham,external,43.001795332136446,28338183.123877916,Location-based,"N/A, N/A"
2027,solar_Portsmouth,external,43.4308025477707,28620898.878980894,Location-based,"N/A, N/A"
2027,solar_Edinburgh,external,45.34984802431612,29885549.84802432,Location-based,"N/A, N/A"
2027,solar_Birmingham,external,1.0642032332563511,701309.9307159354,Location-based,"N/A, N/A"
2027,solar_Sheffield,external,1.0210396039603964,672865.0990099012,Location-based,"N/A, N/A"
2027,solar_Bournemouth,external,33.944387229660144,22369351.184346035,Location-based,"N/A, N/A"
2027,solar_Bournemouth,external,0.8486096807415036,559233.7796086508,Location-based,"N/A, N/A"
2027,solar_Manchester,external,7.74468085106383,5103744.680851064,Location-based,"N/A, N/A"
2027,solar_Nottingham,external,42.91561938958707,28281393.17773788,Location-based,"N/A, N/A"
2027,solar_Portsmouth,external,2.171974522292994,1431331.210191083,Location-based,"N/A, N/A"
2027,solar_Birmingham,external,22.747344110854502,14990499.769053116,Location-based,"N/A, N/A"
2027,solar_Ipswich,external,21.54340836012862,14197106.10932476,Location-based,"N/A, N/A"
2027,solar_Ipswich,external,43.00064308681672,28337423.794212222,Location-based,"N/A, N/A"
2027,solar_Nottingham,external,10.341113105924595,6814793.536804308,Location-based,"N/A, N/A"
2027,solar_Portsmouth,external,17.37579617834395,11450649.681528663,Location-based,"N/A, N/A"
2027,solar_Cardiff,external,1.6853932584269662,1110674.1573033708,Location-based,"N/A, N/A"
2027,solar_Manchester,external,17.210401891252957,11341654.846335698,Location-based,"N/A, N/A"
2027,solar_Edinburgh,external,2.862765957446809,1886562.765957447,Location-based,"N/A, N/A"
2027,solar_Bournemouth,external,13.747476828012356,9059587.229660142,Location-based,"N/A, N/A"
2027,solar_Sheffield,external,46.3180693069307,30523607.673267335,Location-based,"N/A, N/A"
2027,solar_Portsmouth,external,4.343949044585988,2862662.420382166,Location-based,"N/A, N/A"
2027,solar_Nottingham,external,13.908797127468581,9165897.307001796,Location-based,"N/A, N/A"
2027,solar_Sheffield,external,1.3923267326732676,917543.3168316833,Location-based,"N/A, N/A"
2027,solar_Newcastle,external,0.9471153846153846,624149.0384615384,Location-based,"N/A, N/A"
2027,solar_Portsmouth,external,19.113375796178346,12595714.64968153,Location-based,"N/A, N/A"
2027,solar_Portsmouth,external,2.3457324840764335,1545837.7070063697,Location-based,"N/A, N/A"
2027,solar_Portsmouth,external,13.90063694267516,9160519.74522293,Location-based,"N/A, N/A"
2027,solar_Birmingham,external,7.804157043879909,5142939.4919168595,Location-based,"N/A, N/A"
2027,solar_Manchester,external,5.851536643026004,3856162.647754137,Location-based,"N/A, N/A"
2027,solar_Bournemouth,external,42.34562306900103,27905765.60247168,Location-based,"N/A, N/A"
2027,solar_Birmingham,external,1.1351501154734411,748063.9260969977,Location-based,"N/A, N/A"
2027,solar_Ipswich,external,43.00064308681672,28337423.794212222,Location-based,"N/A, N/A"
2027,solar_Bournemouth,external,33.944387229660144,22369351.184346035,Location-based,"N/A, N/A"
2027,solar_Nottingham,external,17.40754039497307,11471569.120287253,Location-based,"N/A, N/A"
2027,solar_Edinburgh,external,45.34984802431612,29885549.84802432,Location-based,"N/A, N/A"
2027,solar_Ipswich,external,43.00064308681672,28337423.794212222,Location-based,"N/A, N/A"
2027,solar_Sheffield,external,46.3180693069307,30523607.673267335,Location-based,"N/A, N/A"
2027,solar_Manchester,external,11.18676122931442,7372075.650118203,Location-based,"N/A, N/A"
2027,solar_Newcastle,external,30.307692307692307,19972769.23076923,Location-based,"N/A, N/A"
2027,solar_Bournemouth,external,25.458290422245106,16777013.388259524,Location-based,"N/A, N/A"
2027,solar_Edinburgh,external,45.34984802431612,29885549.84802432,Location-based,"N/A, N/A"
2027,solar_Sheffield,external,1.4851485148514856,978712.871287129,Location-based,"N/A, N/A"
2027,solar_Bournemouth,external,2.0366632337796085,1342161.071060762,Location-based,"N/A, N/A"
2027,solar_Newcastle,external,0.9471153846153846,624149.0384615384,Location-based,"N/A, N/A"
2027,solar_Ipswich,external,10.340836012861736,6814610.932475884,Location-based,"N/A, N/A"
2027,solar_London,external,42.57068062827225,28054078.534031413,Location-based,"N/A, N/A"
2027,solar_Manchester,external,25.81560283687943,17012482.269503545,Location-based,"N/A, N/A"
2027,solar_Sheffield,external,18.564356435643568,12233910.891089112,Location-based,"N/A, N/A"
2027,solar_Bournemouth,model,285.3265259249055,188030180.58451274,Location-based,"N/A, N/A"
2027,solar_Cardiff,model,88.99276941654475,58646235.04550299,Location-based,"N/A, N/A"
2027,solar_Edinburgh,model,28.467740529549094,18760241.008972853,Location-based,"N/A, N/A"
2027,solar_Ipswich,model,188.4297236852947,124175187.90860921,Location-based,"N/A, N/A"
2027,solar_London,model,0.7579745406903607,499505.22231494775,Location-based,"N/A, N/A"
2027,solar_Manchester,model,21.095870207766346,13902178.466918021,Location-based,"N/A, N/A"
2027,solar_Newcastle,model,6.279393024748996,4138120.0033095884,Location-based,"N/A, N/A"
2027,solar_Nottingham,model,113.11712487962464,74544185.29567264,Location-based,"N/A, N/A"
2027,solar_Portsmouth,model,214.54627660307102,141385996.2814238,Location-based,"N/A, N/A"
2027,solar_Sheffield,model,31.660734915177564,20864424.309102014,Location-based,"N/A, N/A"
2027,solar_Birmingham,model,96.00410194559855,63266703.18214945,Location-based,"N/A, N/A"
2027,solar_Birmingham,external,0.05428841782599529,35776.0673473309,Proportional,
2027,solar_Bournemouth,external,0.12203980903818665,80424.234156165,Proportional,
2027,solar_Cardiff,external,0.052789248316485966,34788.11464056425,Proportional,
2027,solar_Edinburgh,external,0.04801037090193837,31638.834424377383,Proportional,
2027,solar_Ipswich,external,0.10324212359060293,68036.55944620733,Proportional,
2027,solar_London,external,0.002133285735228707,1405.835299515718,Proportional,
2027,solar_Manchester,external,0.020724378243338448,13657.365262360037,Proportional,
2027,solar_Newcastle,external,0.02372046736870815,15631.78799597867,Proportional,
2027,solar_Nottingham,external,0.16365544972576682,107848.94136928034,Proportional,
2027,solar_Portsmouth,external,0.14089663880651074,92850.88497349058,Proportional,
2027,solar_Sheffield,external,0.07337785922772579,48356.00923107129,Proportional,
2027,solar_Birmingham,external,0.10857683565199058,71552.1346946618,Proportional,
2027,solar_Bournemouth,external,0.2440796180763733,160848.46831233,Proportional,
2027,solar_Cardiff,external,0.10557849663297193,69576.2292811285,Proportional,
2027,solar_Edinburgh,external,0.09602074180387674,63277.668848754765,Proportional,
2027,solar_Ipswich,external,0.20648424718120587,136073.11889241467,Proportional,
2027,solar_London,external,0.004266571470457414,2811.670599031436,Proportional,
2027,solar_Manchester,external,0.041448756486676896,27314.730524720075,Proportional,
2027,solar_Newcastle,external,0.0474409347374163,31263.57599195734,Proportional,
2027,solar_Nottingham,external,0.32731089945153363,215697.88273856067,Proportional,
2027,solar_Portsmouth,external,0.2817932776130215,185701.76994698116,Proportional,
2027,solar_Sheffield,external,0.14675571845545157,96712.01846214259,Proportional,
2027,solar_Birmingham,external,0.10857683565199058,71552.1346946618,Proportional,
2027,solar_Bournemouth,external,0.2440796180763733,160848.46831233,Proportional,
2027,solar_Cardiff,external,0.10557849663297193,69576.2292811285,Proportional,
2027,solar_Edinburgh,external,0.09602074180387674,63277.668848754765,Proportional,
2027,solar_Ipswich,external,0.20648424718120587,136073.11889241467,Proportional,
2027,solar_London,external,0.004266571470457414,2811.670599031436,Proportional,
2027,solar_Manchester,external,0.041448756486676896,27314.730524720075,Proportional,
2027,solar_Newcastle,external,0.0474409347374163,31263.57599195734,Proportional,
2027,solar_Nottingham,external,0.32731089945153363,215697.88273856067,Proportional,
2027,solar_Portsmouth,external,0.2817932776130215,185701.76994698116,Proportional,
2027,solar_Sheffield,external,0.14675571845545157,96712.01846214259,Proportional,
2027,solar_Birmingham,external,1.0857683565199057,715521.3469466178,Proportional,
2027,solar_Bournemouth,external,2.4407961807637326,1608484.6831232999,Proportional,
2027,solar_Cardiff,external,1.0557849663297192,695762.2928112849,Proportional,
2027,solar_Edinburgh,external,0.9602074180387674,632776.6884875477,Proportional,
2027,solar_Ipswich,external,2.064842471812059,1360731.1889241468,Proportional,
2027,solar_London,external,0.042665714704574136,28116.705990314356,Proportional,
2027,solar_Manchester,external,0.4144875648667689,273147.3052472007,Proportional,
2027,solar_Newcastle,external,0.47440934737416296,312635.7599195734,Proportional,
2027,solar_Nottingham,external,3.273108994515336,2156978.8273856062,Proportional,
2027,solar_Portsmouth,external,2.8179327761302146,1857017.6994698115,Proportional,
2027,solar_Sheffield,external,1.4675571845545157,967120.1846214258,Proportional,
2027,0.5c_battery,external,43.38875692794933,15186064.924782265,REPD/model battery → 1C/0.5C/0.25C proportional,
2027,1c_battery,external,1.319609395618898,435471.1005542363,REPD/model battery → 1C/0.5C/0.25C proportional,
2027,0.25c_battery,external,5.278437582475592,2190551.5967273703,REPD/model battery → 1C/0.5C/0.25C proportional,
2027,hydrogen_battery,external,0.013196093956188976,7917.656373713386,REPD/model battery → 1C/0.5C/0.25C proportional,
2027,0.5c_battery,external,10.959999999999999,3835999.9999999995,REPD/model battery → 1C/0.5C/0.25C proportional,
2027,1c_battery,external,0.33333333333333354,110000.00000000007,REPD/model battery → 1C/0.5C/0.25C proportional,
2027,0.25c_battery,external,1.3333333333333341,553333.3333333337,REPD/model battery → 1C/0.5C/0.25C proportional,
2027,hydrogen_battery,external,0.003333333333333335,2000.000000000001,REPD/model battery → 1C/0.5C/0.25C proportional,
2027,0.5c_battery,external,32.541567695961994,11389548.693586698,REPD/model battery → 1C/0.5C/0.25C proportional,
2027,1c_battery,external,0.9897070467141733,326603.3254156772,REPD/model battery → 1C/0.5C/0.25C proportional,
2027,0.25c_battery,external,3.9588281868566932,1642913.6975455277,REPD/model battery → 1C/0.5C/0.25C proportional,
2027,hydrogen_battery,external,0.00989707046714173,5938.242280285039,REPD/model battery → 1C/0.5C/0.25C proportional,
2027,0.5c_battery,external,59.876484560570056,20956769.59619952,REPD/model battery → 1C/0.5C/0.25C proportional,
2027,1c_battery,external,1.8210609659540786,600950.118764846,REPD/model battery → 1C/0.5C/0.25C proportional,
2027,0.25c_battery,external,7.2842438638163145,3022961.2034837706,REPD/model battery → 1C/0.5C/0.25C proportional,
2027,hydrogen_battery,external,0.01821060965954078,10926.365795724467,REPD/model battery → 1C/0.5C/0.25C proportional,
2027,0.5c_battery,external,173.5550277117973,60744259.69912905,REPD/model battery → 1C/0.5C/0.25C proportional,
2027,1c_battery,external,5.278437582475591,1741884.4022169448,REPD/model battery → 1C/0.5C/0.25C proportional,
2027,0.25c_battery,external,21.113750329902363,8762206.386909481,REPD/model battery → 1C/0.5C/0.25C proportional,
2027,hydrogen_battery,external,0.05278437582475588,31670.62549485353,REPD/model battery → 1C/0.5C/0.25C proportional,
2027,0.5c_battery,external,260.3325415676959,91116389.54869357,REPD/model battery → 1C/0.5C/0.25C proportional,
2027,1c_battery,external,7.917656373713386,2612826.6033254173,REPD/model battery → 1C/0.5C/0.25C proportional,
2027,0.25c_battery,external,31.670625494853542,13143309.58036422,REPD/model battery → 1C/0.5C/0.25C proportional,
2027,hydrogen_battery,external,0.07917656373713383,47505.938242280296,REPD/model battery → 1C/0.5C/0.25C proportional,
2027,0.5c_battery,external,7.361991247702593,2576696.9366959077,REPD/model battery → 1C/0.5C/0.25C proportional,
2027,1c_battery,external,0.22390484329995738,73888.59828898593,REPD/model battery → 1C/0.5C/0.25C proportional,
2027,0.25c_battery,external,0.8956193731998295,371682.03987792926,REPD/model battery → 1C/0.5C/0.25C proportional,
2027,hydrogen_battery,external,0.002239048432999573,1343.4290597997438,REPD/model battery → 1C/0.5C/0.25C proportional,
2027,0.5c_battery,external,36.73633632603594,12857717.714112578,REPD/model battery → 1C/0.5C/0.25C proportional,
2027,1c_battery,external,1.117285168066787,368704.1054620397,REPD/model battery → 1C/0.5C/0.25C proportional,
2027,0.25c_battery,external,4.469140672267148,1854693.3789908665,REPD/model battery → 1C/0.5C/0.25C proportional,
2027,hydrogen_battery,external,0.011172851680667867,6703.71100840072,REPD/model battery → 1C/0.5C/0.25C proportional,
2027,0.5c_battery,external,36.29761727018598,12704166.044565093,REPD/model battery → 1C/0.5C/0.25C proportional,
2027,1c_battery,external,1.103942131088382,364300.90325916605,REPD/model battery → 1C/0.5C/0.25C proportional,
2027,0.25c_battery,external,4.415768524353528,1832543.937606714,REPD/model battery → 1C/0.5C/0.25C proportional,
2027,hydrogen_battery,external,0.011039421310883816,6623.65278653029,REPD/model battery → 1C/0.5C/0.25C proportional,
2027,0.5c_battery,external,72.6097564916703,25413414.772084605,REPD/model battery → 1C/0.5C/0.25C proportional,
2027,1c_battery,external,2.2083259273622367,728747.556029538,REPD/model battery → 1C/0.5C/0.25C proportional,
2027,0.25c_battery,external,8.833303709448947,3665821.039421313,REPD/model battery → 1C/0.5C/0.25C proportional,
2027,hydrogen_battery,external,0.022083259273622355,13249.955564173413,REPD/model battery → 1C/0.5C/0.25C proportional,
2027,0.5c_battery,external,36.15729743995777,12655054.10398522,REPD/model battery → 1C/0.5C/0.25C proportional,
2027,1c_battery,external,1.0996744963490812,362892.5837951968,REPD/model battery → 1C/0.5C/0.25C proportional,
2027,0.25c_battery,external,4.398697985396325,1825459.6639394748,REPD/model battery → 1C/0.5C/0.25C proportional,
2027,hydrogen_battery,external,0.010996744963490807,6598.046978094484,REPD/model battery → 1C/0.5C/0.25C proportional,
2027,0.5c_battery,external,14.723982495405187,5153393.873391815,REPD/model battery → 1C/0.5C/0.25C proportional,
2027,1c_battery,external,0.44780968659991466,147777.19657797183,REPD/model battery → 1C/0.5C/0.25C proportional,
2027,0.25c_battery,external,1.7912387463996586,743364.0797558583,REPD/model battery → 1C/0.5C/0.25C proportional,
2027,hydrogen_battery,external,0.004478096865999145,2686.858119599487,REPD/model battery → 1C/0.5C/0.25C proportional,
2027,0.5c_battery,external,24.353689372461876,8523791.280361656,REPD/model battery → 1C/0.5C/0.25C proportional,
2027,1c_battery,external,0.7406839833473811,244425.71450463575,REPD/model battery → 1C/0.5C/0.25C proportional,
2027,0.25c_battery,external,2.9627359333895242,1229535.4123566526,REPD/model battery → 1C/0.5C/0.25C proportional,
2027,hydrogen_battery,external,0.007406839833473808,4444.103900084285,REPD/model battery → 1C/0.5C/0.25C proportional,
2027,0.5c_battery,external,3.573191747007591,1250617.1114526568,REPD/model battery → 1C/0.5C/0.25C proportional,
2027,1c_battery,external,0.10867371493332095,35862.32592799592,REPD/model battery → 1C/0.5C/0.25C proportional,
2027,0.25c_battery,external,0.4346948597332838,180398.36678931277,REPD/model battery → 1C/0.5C/0.25C proportional,
2027,hydrogen_battery,external,0.0010867371493332092,652.0422895999255,REPD/model battery → 1C/0.5C/0.25C proportional,
2027,0.5c_battery,external,36.73633632603594,12857717.714112578,REPD/model battery → 1C/0.5C/0.25C proportional,
2027,1c_battery,external,1.117285168066787,368704.1054620397,REPD/model battery → 1C/0.5C/0.25C proportional,
2027,0.25c_battery,external,4.469140672267148,1854693.3789908665,REPD/model battery → 1C/0.5C/0.25C proportional,
2027,hydrogen_battery,external,0.011172851680667865,6703.711008400719,REPD/model battery → 1C/0.5C/0.25C proportional,
2027,0.5c_battery,external,19.048722553733846,6667052.893806846,REPD/model battery → 1C/0.5C/0.25C proportional,
2027,1c_battery,external,0.579340710271711,191182.43438966462,REPD/model battery → 1C/0.5C/0.25C proportional,
2027,0.25c_battery,external,2.317362841086844,961705.5790510402,REPD/model battery → 1C/0.5C/0.25C proportional,
2027,hydrogen_battery,external,0.005793407102717107,3476.0442616302644,REPD/model battery → 1C/0.5C/0.25C proportional,
2027,0.5c_battery,external,73.61991247702592,25766969.366959073,REPD/model battery → 1C/0.5C/0.25C proportional,
2027,1c_battery,external,2.239048432999573,738885.9828898591,REPD/model battery → 1C/0.5C/0.25C proportional,
2027,0.25c_battery,external,8.956193731998292,3716820.398779291,REPD/model battery → 1C/0.5C/0.25C proportional,
2027,hydrogen_battery,external,0.02239048432999572,13434.290597997433,REPD/model battery → 1C/0.5C/0.25C proportional,
2027,0.5c_battery,external,44.17194748621555,15460181.620175444,REPD/model battery → 1C/0.5C/0.25C proportional,
2027,1c_battery,external,1.3434290597997438,443331.58973391546,REPD/model battery → 1C/0.5C/0.25C proportional,
2027,0.25c_battery,external,5.373716239198975,2230092.2392675746,REPD/model battery → 1C/0.5C/0.25C proportional,
2027,hydrogen_battery,external,0.013434290597997434,8060.574358798461,REPD/model battery → 1C/0.5C/0.25C proportional,
2027,0.5c_battery,external,14.723982495405183,5153393.873391814,REPD/model battery → 1C/0.5C/0.25C proportional,
2027,1c_battery,external,0.4478096865999146,147777.19657797183,REPD/model battery → 1C/0.5C/0.25C proportional,
2027,0.25c_battery,external,1.7912387463996584,743364.0797558583,REPD/model battery → 1C/0.5C/0.25C proportional,
2027,hydrogen_battery,external,0.004478096865999144,2686.858119599486,REPD/model battery → 1C/0.5C/0.25C proportional,
2027,0.5c_battery,external,3.680995623851296,1288348.4683479536,REPD/model battery → 1C/0.5C/0.25C proportional,
2027,1c_battery,external,0.11195242164997866,36944.29914449296,REPD/model battery → 1C/0.5C/0.25C proportional,
2027,0.25c_battery,external,0.44780968659991466,185841.01993896457,REPD/model battery → 1C/0.5C/0.25C proportional,
2027,hydrogen_battery,external,0.0011195242164997862,671.7145298998718,REPD/model battery → 1C/0.5C/0.25C proportional,
2027,0.5c_battery,external,73.61991247702592,25766969.366959073,REPD/model battery → 1C/0.5C/0.25C proportional,
2027,1c_battery,external,2.2390484329995735,738885.9828898592,REPD/model battery → 1C/0.5C/0.25C proportional,
2027,0.25c_battery,external,8.956193731998294,3716820.398779292,REPD/model battery → 1C/0.5C/0.25C proportional,
2027,hydrogen_battery,external,0.022390484329995724,13434.290597997435,REPD/model battery → 1C/0.5C/0.25C proportional,
2027,0.5c_battery,external,165.6448030733083,57975681.07565791,REPD/model battery → 1C/0.5C/0.25C proportional,
2027,1c_battery,external,5.0378589742490405,1662493.4615021835,REPD/model battery → 1C/0.5C/0.25C proportional,
2027,0.25c_battery,external,20.151435896996162,8362845.897253407,REPD/model battery → 1C/0.5C/0.25C proportional,
2027,hydrogen_battery,external,0.050378589742490376,30227.153845494227,REPD/model battery → 1C/0.5C/0.25C proportional,
2027,0.5c_battery,external,9.209877649800562,3223457.1774301967,REPD/model battery → 1C/0.5C/0.25C proportional,
2027,1c_battery,external,0.2801057679379736,92434.90341953129,REPD/model battery → 1C/0.5C/0.25C proportional,
2027,0.25c_battery,external,1.1204230717518944,464975.57477703615,REPD/model battery → 1C/0.5C/0.25C proportional,
2027,hydrogen_battery,external,0.0028010576793797344,1680.6346076278405,REPD/model battery → 1C/0.5C/0.25C proportional,
2027,0.5c_battery,external,1032.4299084394095,361350467.9537933,REPD/model battery → 1C/0.5C/0.25C proportional,
2027,1c_battery,external,31.39993638805992,10361979.008059774,REPD/model battery → 1C/0.5C/0.25C proportional,
2027,0.25c_battery,external,125.59974555223968,52123894.40417947,REPD/model battery → 1C/0.5C/0.25C proportional,
2027,hydrogen_battery,external,0.313999363880599,188399.61832835941,REPD/model battery → 1C/0.5C/0.25C proportional,
2027,0.5c_battery,external,262.9869125797587,92045419.40291555,REPD/model battery → 1C/0.5C/0.25C proportional,
2027,1c_battery,external,7.998385419092425,2639467.1883005,REPD/model battery → 1C/0.5C/0.25C proportional,
2027,0.25c_battery,external,31.9935416763697,13277319.795693425,REPD/model battery → 1C/0.5C/0.25C proportional,
2027,hydrogen_battery,external,0.0799838541909242,47990.31251455452,REPD/model battery → 1C/0.5C/0.25C proportional,
2027,0.5c_battery,external,31.656562365121143,11079796.8277924,REPD/model battery → 1C/0.5C/0.25C proportional,
2027,1c_battery,external,0.9627908261898165,317720.9726426394,REPD/model battery → 1C/0.5C/0.25C proportional,
2027,0.25c_battery,external,3.851163304759266,1598232.7714750953,REPD/model battery → 1C/0.5C/0.25C proportional,
2027,hydrogen_battery,external,0.00962790826189816,5776.744957138896,REPD/model battery → 1C/0.5C/0.25C proportional,
2027,0.5c_battery,external,38.483170940585254,13469109.829204839,REPD/model battery → 1C/0.5C/0.25C proportional,
2027,1c_battery,external,1.1704127415019854,386236.20469565515,REPD/model battery → 1C/0.5C/0.25C proportional,
2027,0.25c_battery,external,4.6816509660079415,1942885.1508932956,REPD/model battery → 1C/0.5C/0.25C proportional,
2027,hydrogen_battery,external,0.011704127415019848,7022.476449011909,REPD/model battery → 1C/0.5C/0.25C proportional,
2027,0.5c_battery,external,21.360618795298127,7476216.578354345,REPD/model battery → 1C/0.5C/0.25C proportional,
2027,1c_battery,external,0.649653856304688,214385.77258054703,REPD/model battery → 1C/0.5C/0.25C proportional,
2027,0.25c_battery,external,2.598615425218752,1078425.401465782,REPD/model battery → 1C/0.5C/0.25C proportional,
2027,hydrogen_battery,external,0.006496538563046877,3897.923137828126,REPD/model battery → 1C/0.5C/0.25C proportional,
2027,0.5c_battery,external,31.747870922889753,11111754.823011413,REPD/model battery → 1C/0.5C/0.25C proportional,
2027,1c_battery,external,0.965567850452852,318637.39064944116,REPD/model battery → 1C/0.5C/0.25C proportional,
2027,0.25c_battery,external,3.862271401811408,1602842.6317517343,REPD/model battery → 1C/0.5C/0.25C proportional,
2027,hydrogen_battery,external,0.009655678504528517,5793.40710271711,REPD/model battery → 1C/0.5C/0.25C proportional,
2027,0.5c_battery,external,253.59114786102927,88756901.75136024,REPD/model battery → 1C/0.5C/0.25C proportional,
2027,1c_battery,external,7.712626151491164,2545166.629992084,REPD/model battery → 1C/0.5C/0.25C proportional,
2027,0.25c_battery,external,30.850504605964655,12802959.411475332,REPD/model battery → 1C/0.5C/0.25C proportional,
2027,hydrogen_battery,external,0.0771262615149116,46275.75690894696,REPD/model battery → 1C/0.5C/0.25C proportional,
2027,0.5c_battery,external,56.96165012079501,19936577.542278253,REPD/model battery → 1C/0.5C/0.25C proportional,
2027,1c_battery,external,1.7324102834791681,571695.3935481255,REPD/model battery → 1C/0.5C/0.25C proportional,
2027,0.25c_battery,external,6.929641133916673,2875801.0705754193,REPD/model battery → 1C/0.5C/0.25C proportional,
2027,hydrogen_battery,external,0.017324102834791674,10394.461700875005,REPD/model battery → 1C/0.5C/0.25C proportional,
2027,0.5c_battery,external,5.062021641594089,1771707.574557931,REPD/model battery → 1C/0.5C/0.25C proportional,
2027,1c_battery,external,0.15395442948887136,50804.96173132755,REPD/model battery → 1C/0.5C/0.25C proportional,
2027,0.25c_battery,external,0.6158177179554855,255564.35295152647,REPD/model battery → 1C/0.5C/0.25C proportional,
2027,hydrogen_battery,external,0.0015395442948887134,923.726576933228,REPD/model battery → 1C/0.5C/0.25C proportional,
2027,0.5c_battery,external,36.80995623851297,12883484.683479538,REPD/model battery → 1C/0.5C/0.25C proportional,
2027,1c_battery,external,1.1195242164997865,369442.99144492956,REPD/model battery → 1C/0.5C/0.25C proportional,
2027,0.25c_battery,external,4.478096865999146,1858410.1993896456,REPD/model battery → 1C/0.5C/0.25C proportional,
2027,hydrogen_battery,external,0.011195242164997864,6717.145298998718,REPD/model battery → 1C/0.5C/0.25C proportional,
2027,0.5c_battery,external,14.723982495405185,5153393.8733918145,REPD/model battery → 1C/0.5C/0.25C proportional,
2027,1c_battery,external,0.4478096865999146,147777.19657797183,REPD/model battery → 1C/0.5C/0.25C proportional,
2027,0.25c_battery,external,1.7912387463996584,743364.0797558583,REPD/model battery → 1C/0.5C/0.25C proportional,
2027,hydrogen_battery,external,0.004478096865999145,2686.858119599487,REPD/model battery → 1C/0.5C/0.25C proportional,
2027,0.5c_battery,external,217.82926947501093,76240244.31625383,REPD/model battery → 1C/0.5C/0.25C proportional,
2027,1c_battery,external,6.624977782086711,2186242.668088615,REPD/model battery → 1C/0.5C/0.25C proportional,
2027,0.25c_battery,external,26.499911128346845,10997463.118263941,REPD/model battery → 1C/0.5C/0.25C proportional,
2027,hydrogen_battery,external,0.06624977782086708,39749.86669252025,REPD/model battery → 1C/0.5C/0.25C proportional,
2027,0.5c_battery,external,62.22582700886392,21779039.453102373,REPD/model battery → 1C/0.5C/0.25C proportional,
2027,1c_battery,external,1.8925129868875896,624529.2856729046,REPD/model battery → 1C/0.5C/0.25C proportional,
2027,0.25c_battery,external,7.5700519475503585,3141571.558233399,REPD/model battery → 1C/0.5C/0.25C proportional,
2027,hydrogen_battery,external,0.018925129868875887,11355.077921325532,REPD/model battery → 1C/0.5C/0.25C proportional,
2027,0.5c_battery,external,36.08498284507786,12629743.995777251,REPD/model battery → 1C/0.5C/0.25C proportional,
2027,1c_battery,external,1.0974751473563833,362166.7986276065,REPD/model battery → 1C/0.5C/0.25C proportional,
2027,0.25c_battery,external,4.389900589425533,1821808.7446115962,REPD/model battery → 1C/0.5C/0.25C proportional,
2027,hydrogen_battery,external,0.010974751473563828,6584.850884138297,REPD/model battery → 1C/0.5C/0.25C proportional,
2027,0.5c_battery,external,3.2158725723068318,1125555.400307391,REPD/model battery → 1C/0.5C/0.25C proportional,
2027,1c_battery,external,0.09780634343998884,32276.093335196318,REPD/model battery → 1C/0.5C/0.25C proportional,
2027,0.25c_battery,external,0.39122537375995536,162358.53011038149,REPD/model battery → 1C/0.5C/0.25C proportional,
2027,hydrogen_battery,external,0.0009780634343998882,586.8380606399329,REPD/model battery → 1C/0.5C/0.25C proportional,
2027,0.5c_battery,external,36.73633632603594,12857717.714112578,REPD/model battery → 1C/0.5C/0.25C proportional,
2027,1c_battery,external,1.117285168066787,368704.1054620397,REPD/model battery → 1C/0.5C/0.25C proportional,
2027,0.25c_battery,external,4.469140672267148,1854693.3789908665,REPD/model battery → 1C/0.5C/0.25C proportional,
2027,hydrogen_battery,external,0.011172851680667867,6703.71100840072,REPD/model battery → 1C/0.5C/0.25C proportional,
2027,0.5c_battery,external,36.80995623851297,12883484.683479538,REPD/model battery → 1C/0.5C/0.25C proportional,
2027,1c_battery,external,1.1195242164997865,369442.99144492956,REPD/model battery → 1C/0.5C/0.25C proportional,
2027,0.25c_battery,external,4.478096865999146,1858410.1993896456,REPD/model battery → 1C/0.5C/0.25C proportional,
2027,hydrogen_battery,external,0.011195242164997862,6717.145298998717,REPD/model battery → 1C/0.5C/0.25C proportional,
2027,0.5c_battery,external,36.80995623851296,12883484.683479536,REPD/model battery → 1C/0.5C/0.25C proportional,
2027,1c_battery,external,1.1195242164997865,369442.99144492956,REPD/model battery → 1C/0.5C/0.25C proportional,
2027,0.25c_battery,external,4.478096865999146,1858410.1993896456,REPD/model battery → 1C/0.5C/0.25C proportional,
2027,hydrogen_battery,external,0.01119524216499786,6717.1452989987165,REPD/model battery → 1C/0.5C/0.25C proportional,
2027,0.5c_battery,external,36.80995623851297,12883484.683479538,REPD/model battery → 1C/0.5C/0.25C proportional,
2027,1c_battery,external,1.1195242164997865,369442.99144492956,REPD/model battery → 1C/0.5C/0.25C proportional,
2027,0.25c_battery,external,4.478096865999146,1858410.1993896456,REPD/model battery → 1C/0.5C/0.25C proportional,
2027,hydrogen_battery,external,0.01119524216499786,6717.1452989987165,REPD/model battery → 1C/0.5C/0.25C proportional,
2027,0.5c_battery,external,7.288371335225568,2550929.967328949,REPD/model battery → 1C/0.5C/0.25C proportional,
2027,1c_battery,external,0.22166579486695775,73149.71230609606,REPD/model battery → 1C/0.5C/0.25C proportional,
2027,0.25c_battery,external,0.886663179467831,367965.21947914985,REPD/model battery → 1C/0.5C/0.25C proportional,
2027,hydrogen_battery,external,0.002216657948669577,1329.994769201746,REPD/model battery → 1C/0.5C/0.25C proportional,
2027,0.5c_battery,external,76.19489021493538,26668211.575227384,REPD/model battery → 1C/0.5C/0.25C proportional,
2027,1c_battery,external,2.3173628410868443,764729.7375586586,REPD/model battery → 1C/0.5C/0.25C proportional,
2027,0.25c_battery,external,9.269451364347377,3846822.3162041614,REPD/model battery → 1C/0.5C/0.25C proportional,
2027,hydrogen_battery,external,0.02317362841086843,13904.17704652106,REPD/model battery → 1C/0.5C/0.25C proportional,
2027,0.5c_battery,external,0.9524361276866926,333352.6446903424,REPD/model battery → 1C/0.5C/0.25C proportional,
2027,1c_battery,external,0.028967035513585555,9559.121719483233,REPD/model battery → 1C/0.5C/0.25C proportional,
2027,0.25c_battery,external,0.11586814205434222,48085.27895255202,REPD/model battery → 1C/0.5C/0.25C proportional,
2027,hydrogen_battery,external,0.00028967035513585547,173.8022130815133,REPD/model battery → 1C/0.5C/0.25C proportional,
2027,0.5c_battery,external,36.80995623851297,12883484.683479538,REPD/model battery → 1C/0.5C/0.25C proportional,
2027,1c_battery,external,1.1195242164997867,369442.9914449296,REPD/model battery → 1C/0.5C/0.25C proportional,
2027,0.25c_battery,external,4.478096865999147,1858410.199389646,REPD/model battery → 1C/0.5C/0.25C proportional,
2027,hydrogen_battery,external,0.011195242164997862,6717.145298998717,REPD/model battery → 1C/0.5C/0.25C proportional,
2027,0.5c_battery,external,147.358042396809,51575314.83888315,REPD/model battery → 1C/0.5C/0.25C proportional,
2027,1c_battery,external,4.481692287007576,1478958.4547125,REPD/model battery → 1C/0.5C/0.25C proportional,
2027,0.25c_battery,external,17.926769148030303,7439609.196432576,REPD/model battery → 1C/0.5C/0.25C proportional,
2027,hydrogen_battery,external,0.04481692287007574,26890.153722045445,REPD/model battery → 1C/0.5C/0.25C proportional,
2027,0.5c_battery,external,46.380544860526335,16233190.701184217,REPD/model battery → 1C/0.5C/0.25C proportional,
2027,1c_battery,external,1.4106005127897312,465498.1692206113,REPD/model battery → 1C/0.5C/0.25C proportional,
2027,0.25c_battery,external,5.642402051158925,2341596.851230954,REPD/model battery → 1C/0.5C/0.25C proportional,
2027,hydrogen_battery,external,0.014106005127897305,8463.603076738384,REPD/model battery → 1C/0.5C/0.25C proportional,
2027,0.5c_battery,external,54.119309716581945,18941758.40080368,REPD/model battery → 1C/0.5C/0.25C proportional,
2027,1c_battery,external,1.6459644074386248,543168.2544547461,REPD/model battery → 1C/0.5C/0.25C proportional,
2027,0.25c_battery,external,6.583857629754499,2732300.9163481174,REPD/model battery → 1C/0.5C/0.25C proportional,
2027,hydrogen_battery,external,0.01645964407438624,9875.786444631744,REPD/model battery → 1C/0.5C/0.25C proportional,
2027,0.5c_battery,external,144.6291897598311,50620216.41594088,REPD/model battery → 1C/0.5C/0.25C proportional,
2027,1c_battery,external,4.398697985396326,1451570.3351807876,REPD/model battery → 1C/0.5C/0.25C proportional,
2027,0.25c_battery,external,17.594791941585303,7301838.6557579,REPD/model battery → 1C/0.5C/0.25C proportional,
2027,hydrogen_battery,external,0.043986979853963236,26392.18791237794,REPD/model battery → 1C/0.5C/0.25C proportional,
2027,0.5c_battery,external,30.920363240350884,10822127.13412281,REPD/model battery → 1C/0.5C/0.25C proportional,
2027,1c_battery,external,0.9404003418598207,310332.11281374085,REPD/model battery → 1C/0.5C/0.25C proportional,
2027,0.25c_battery,external,3.7616013674392828,1561064.5674873022,REPD/model battery → 1C/0.5C/0.25C proportional,
2027,hydrogen_battery,external,0.0094040034185982,5642.402051158921,REPD/model battery → 1C/0.5C/0.25C proportional,
2027,0.5c_battery,external,3.6157297439957774,1265505.4103985222,REPD/model battery → 1C/0.5C/0.25C proportional,
2027,1c_battery,external,0.10996744963490815,36289.25837951969,REPD/model battery → 1C/0.5C/0.25C proportional,
2027,0.25c_battery,external,0.4398697985396326,182545.9663939475,REPD/model battery → 1C/0.5C/0.25C proportional,
2027,hydrogen_battery,external,0.001099674496349081,659.8046978094485,REPD/model battery → 1C/0.5C/0.25C proportional,
2027,0.5c_battery,external,36.08498284507786,12629743.995777251,REPD/model battery → 1C/0.5C/0.25C proportional,
2027,1c_battery,external,1.0974751473563833,362166.7986276065,REPD/model battery → 1C/0.5C/0.25C proportional,
2027,0.25c_battery,external,4.389900589425533,1821808.7446115962,REPD/model battery → 1C/0.5C/0.25C proportional,
2027,hydrogen_battery,external,0.010974751473563825,6584.8508841382945,REPD/model battery → 1C/0.5C/0.25C proportional,
2027,0.5c_battery,external,290.4390259666812,101653659.08833842,REPD/model battery → 1C/0.5C/0.25C proportional,
2027,1c_battery,external,8.833303709448947,2914990.224118152,REPD/model battery → 1C/0.5C/0.25C proportional,
2027,0.25c_battery,external,35.333214837795786,14663284.157685252,REPD/model battery → 1C/0.5C/0.25C proportional,
2027,hydrogen_battery,external,0.08833303709448942,52999.82225669365,REPD/model battery → 1C/0.5C/0.25C proportional,
2027,0.5c_battery,external,21.78292694750109,7624024.431625381,REPD/model battery → 1C/0.5C/0.25C proportional,
2027,1c_battery,external,0.6624977782086712,218624.2668088615,REPD/model battery → 1C/0.5C/0.25C proportional,
2027,0.25c_battery,external,2.6499911128346847,1099746.3118263942,REPD/model battery → 1C/0.5C/0.25C proportional,
2027,hydrogen_battery,external,0.006624977782086707,3974.986669252024,REPD/model battery → 1C/0.5C/0.25C proportional,
2027,0.5c_battery,external,31.68437518104396,11089531.313365387,REPD/model battery → 1C/0.5C/0.25C proportional,
2027,1c_battery,external,0.963636714751946,318000.11586814217,REPD/model battery → 1C/0.5C/0.25C proportional,
2027,0.25c_battery,external,3.854546859007784,1599636.9464882305,REPD/model battery → 1C/0.5C/0.25C proportional,
2027,hydrogen_battery,external,0.009636367147519455,5781.8202885116725,REPD/model battery → 1C/0.5C/0.25C proportional,
2027,0.5c_battery,external,744.2500040396206,260487501.41386724,REPD/model battery → 1C/0.5C/0.25C proportional,
2027,1c_battery,external,22.635340755462934,7469662.449302768,REPD/model battery → 1C/0.5C/0.25C proportional,
2027,0.25c_battery,external,90.54136302185174,37574665.65406847,REPD/model battery → 1C/0.5C/0.25C proportional,
2027,hydrogen_battery,external,0.22635340755462915,135812.04453277748,REPD/model battery → 1C/0.5C/0.25C proportional,
2027,0.5c_battery,external,101.47370571859116,35515797.00150691,REPD/model battery → 1C/0.5C/0.25C proportional,
2027,1c_battery,external,3.0861832639474223,1018440.4771026494,REPD/model battery → 1C/0.5C/0.25C proportional,
2027,0.25c_battery,external,12.344733055789689,5123064.218152721,REPD/model battery → 1C/0.5C/0.25C proportional,
2027,hydrogen_battery,external,0.030861832639474198,18517.099583684518,REPD/model battery → 1C/0.5C/0.25C proportional,
2027,0.5c_battery,external,28.925837951966216,10124043.283188175,REPD/model battery → 1C/0.5C/0.25C proportional,
2027,1c_battery,external,0.8797395970792652,290314.06703615753,REPD/model battery → 1C/0.5C/0.25C proportional,
2027,0.25c_battery,external,3.5189583883170608,1460367.73115158,REPD/model battery → 1C/0.5C/0.25C proportional,
2027,hydrogen_battery,external,0.008797395970792645,5278.437582475587,REPD/model battery → 1C/0.5C/0.25C proportional,
2027,0.5c_battery,external,8.098190372472851,2834366.630365498,REPD/model battery → 1C/0.5C/0.25C proportional,
2027,1c_battery,external,0.24629532762995313,81277.45811788453,REPD/model battery → 1C/0.5C/0.25C proportional,
2027,0.25c_battery,external,0.9851813105198125,408850.2438657222,REPD/model battery → 1C/0.5C/0.25C proportional,
2027,hydrogen_battery,external,0.002462953276299529,1477.7719657797174,REPD/model battery → 1C/0.5C/0.25C proportional,
2027,0.5c_battery,external,13.529827429145488,4735439.60020092,REPD/model battery → 1C/0.5C/0.25C proportional,
2027,1c_battery,external,0.4114911018596563,135792.0636136866,REPD/model battery → 1C/0.5C/0.25C proportional,
2027,0.25c_battery,external,1.6459644074386253,683075.2290870295,REPD/model battery → 1C/0.5C/0.25C proportional,
2027,hydrogen_battery,external,0.00411491101859656,2468.946611157936,REPD/model battery → 1C/0.5C/0.25C proportional,
2027,0.5c_battery,external,73.61991247702592,25766969.366959073,REPD/model battery → 1C/0.5C/0.25C proportional,
2027,1c_battery,external,2.2390484329995735,738885.9828898592,REPD/model battery → 1C/0.5C/0.25C proportional,
2027,0.25c_battery,external,8.956193731998294,3716820.398779292,REPD/model battery → 1C/0.5C/0.25C proportional,
2027,hydrogen_battery,external,0.02239048432999572,13434.290597997433,REPD/model battery → 1C/0.5C/0.25C proportional,
2027,0.5c_battery,external,25.165479018210604,8807917.656373711,REPD/model battery → 1C/0.5C/0.25C proportional,
2027,1c_battery,external,0.7653734494589607,252573.23832145703,REPD/model battery → 1C/0.5C/0.25C proportional,
2027,0.25c_battery,external,3.0614937978358427,1270519.9261018748,REPD/model battery → 1C/0.5C/0.25C proportional,
2027,hydrogen_battery,external,0.007653734494589602,4592.240696753761,REPD/model battery → 1C/0.5C/0.25C proportional,
2027,0.5c_battery,external,18.404978119256484,6441742.341739769,REPD/model battery → 1C/0.5C/0.25C proportional,
2027,1c_battery,external,0.5597621082498934,184721.4957224648,REPD/model battery → 1C/0.5C/0.25C proportional,
2027,0.25c_battery,external,2.2390484329995735,929205.099694823,REPD/model battery → 1C/0.5C/0.25C proportional,
2027,hydrogen_battery,external,0.005597621082498931,3358.5726494993587,REPD/model battery → 1C/0.5C/0.25C proportional,
2027,0.5c_battery,external,14.723982495405183,5153393.873391814,REPD/model battery → 1C/0.5C/0.25C proportional,
2027,1c_battery,external,0.4478096865999147,147777.19657797186,REPD/model battery → 1C/0.5C/0.25C proportional,
2027,0.25c_battery,external,1.7912387463996589,743364.0797558584,REPD/model battery → 1C/0.5C/0.25C proportional,
2027,hydrogen_battery,external,0.004478096865999144,2686.858119599486,REPD/model battery → 1C/0.5C/0.25C proportional,
2027,0.5c_battery,external,18.40497811925648,6441742.341739768,REPD/model battery → 1C/0.5C/0.25C proportional,
2027,1c_battery,external,0.5597621082498934,184721.4957224648,REPD/model battery → 1C/0.5C/0.25C proportional,
2027,0.25c_battery,external,2.2390484329995735,929205.099694823,REPD/model battery → 1C/0.5C/0.25C proportional,
2027,hydrogen_battery,external,0.005597621082498931,3358.5726494993587,REPD/model battery → 1C/0.5C/0.25C proportional,
2027,0.5c_battery,external,36.29761727018598,12704166.044565093,REPD/model battery → 1C/0.5C/0.25C proportional,
2027,1c_battery,external,1.1039421310883824,364300.90325916617,REPD/model battery → 1C/0.5C/0.25C proportional,
2027,0.25c_battery,external,4.415768524353529,1832543.9376067147,REPD/model battery → 1C/0.5C/0.25C proportional,
2027,hydrogen_battery,external,0.011039421310883818,6623.6527865302905,REPD/model battery → 1C/0.5C/0.25C proportional,
2027,0.5c_battery,external,72.24228028503563,25284798.099762473,REPD/model battery → 1C/0.5C/0.25C proportional,
2027,1c_battery,external,2.197149643705465,725059.3824228034,REPD/model battery → 1C/0.5C/0.25C proportional,
2027,0.25c_battery,external,8.78859857482186,3647268.408551072,REPD/model battery → 1C/0.5C/0.25C proportional,
2027,hydrogen_battery,external,0.02197149643705464,13182.897862232783,REPD/model battery → 1C/0.5C/0.25C proportional,
2027,0.5c_battery,external,36.73633632603594,12857717.714112578,REPD/model battery → 1C/0.5C/0.25C proportional,
2027,1c_battery,external,1.1172851680667872,368704.10546203976,REPD/model battery → 1C/0.5C/0.25C proportional,
2027,0.25c_battery,external,4.469140672267149,1854693.3789908667,REPD/model battery → 1C/0.5C/0.25C proportional,
2027,hydrogen_battery,external,0.011172851680667867,6703.71100840072,REPD/model battery → 1C/0.5C/0.25C proportional,
2027,0.5c_battery,external,3.680995623851296,1288348.4683479536,REPD/model battery → 1C/0.5C/0.25C proportional,
2027,1c_battery,external,0.11195242164997868,36944.299144492965,REPD/model battery → 1C/0.5C/0.25C proportional,
2027,0.25c_battery,external,0.4478096865999147,185841.0199389646,REPD/model battery → 1C/0.5C/0.25C proportional,
2027,hydrogen_battery,external,0.001119524216499786,671.7145298998715,REPD/model battery → 1C/0.5C/0.25C proportional,
2027,0.5c_battery,external,0.7458563172383212,261049.71103341243,REPD/model battery → 1C/0.5C/0.25C proportional,
2027,1c_battery,external,0.022684194563209307,7485.784205859071,REPD/model battery → 1C/0.5C/0.25C proportional,
2027,0.25c_battery,external,0.09073677825283723,37655.76297492745,REPD/model battery → 1C/0.5C/0.25C proportional,
2027,hydrogen_battery,external,0.00022684194563209293,136.10516737925576,REPD/model battery → 1C/0.5C/0.25C proportional,
2027,0.5c_battery,external,72.31459487991555,25310108.20797044,REPD/model battery → 1C/0.5C/0.25C proportional,
2027,1c_battery,external,2.1993489926981633,725785.1675903939,REPD/model battery → 1C/0.5C/0.25C proportional,
2027,0.25c_battery,external,8.797395970792653,3650919.327878951,REPD/model battery → 1C/0.5C/0.25C proportional,
2027,hydrogen_battery,external,0.021993489926981625,13196.093956188975,REPD/model battery → 1C/0.5C/0.25C proportional,
2027,0.5c_battery,external,29.44796499081037,10306787.746783629,REPD/model battery → 1C/0.5C/0.25C proportional,
2027,1c_battery,external,0.8956193731998298,295554.39315594384,REPD/model battery → 1C/0.5C/0.25C proportional,
2027,0.25c_battery,external,3.582477492799319,1486728.1595117175,REPD/model battery → 1C/0.5C/0.25C proportional,
2027,hydrogen_battery,external,0.00895619373199829,5373.716239198974,REPD/model battery → 1C/0.5C/0.25C proportional,
2027,0.5c_battery,external,36.084982845077846,12629743.995777246,REPD/model battery → 1C/0.5C/0.25C proportional,
2027,1c_battery,external,1.0974751473563835,362166.79862760653,REPD/model battery → 1C/0.5C/0.25C proportional,
2027,0.25c_battery,external,4.389900589425534,1821808.7446115967,REPD/model battery → 1C/0.5C/0.25C proportional,
2027,hydrogen_battery,external,0.01097475147356383,6584.850884138298,REPD/model battery → 1C/0.5C/0.25C proportional,
2027,0.5c_battery,external,14.723982495405187,5153393.873391815,REPD/model battery → 1C/0.5C/0.25C proportional,
2027,1c_battery,external,0.4478096865999148,147777.1965779719,REPD/model battery → 1C/0.5C/0.25C proportional,
2027,0.25c_battery,external,1.7912387463996593,743364.0797558586,REPD/model battery → 1C/0.5C/0.25C proportional,
2027,hydrogen_battery,external,0.004478096865999146,2686.8581195994875,REPD/model battery → 1C/0.5C/0.25C proportional,
2027,0.5c_battery,external,66.25792122932332,23190272.43026316,REPD/model battery → 1C/0.5C/0.25C proportional,
2027,1c_battery,external,2.0151435896996164,664997.3846008735,REPD/model battery → 1C/0.5C/0.25C proportional,
2027,0.25c_battery,external,8.060574358798466,3345138.3589013633,REPD/model battery → 1C/0.5C/0.25C proportional,
2027,hydrogen_battery,external,0.020151435896996153,12090.861538197692,REPD/model battery → 1C/0.5C/0.25C proportional,
2027,0.5c_battery,external,88.34389497243112,30920363.24035089,REPD/model battery → 1C/0.5C/0.25C proportional,
2027,1c_battery,external,2.686858119599489,886663.1794678314,REPD/model battery → 1C/0.5C/0.25C proportional,
2027,0.25c_battery,external,10.747432478397956,4460184.478535152,REPD/model battery → 1C/0.5C/0.25C proportional,
2027,hydrogen_battery,external,0.026868581195994872,16121.148717596923,REPD/model battery → 1C/0.5C/0.25C proportional,
2027,0.5c_battery,external,176.68778994486223,61840726.48070178,REPD/model battery → 1C/0.5C/0.25C proportional,
2027,1c_battery,external,5.373716239198978,1773326.3589356628,REPD/model battery → 1C/0.5C/0.25C proportional,
2027,0.25c_battery,external,21.49486495679591,8920368.957070304,REPD/model battery → 1C/0.5C/0.25C proportional,
2027,hydrogen_battery,external,0.053737162391989744,32242.297435193846,REPD/model battery → 1C/0.5C/0.25C proportional,
2027,0.5c_battery,external,18.40497811925648,6441742.341739768,REPD/model battery → 1C/0.5C/0.25C proportional,
2027,1c_battery,external,0.5597621082498936,184721.4957224649,REPD/model battery → 1C/0.5C/0.25C proportional,
2027,0.25c_battery,external,2.2390484329995743,929205.0996948234,REPD/model battery → 1C/0.5C/0.25C proportional,
2027,hydrogen_battery,external,0.005597621082498933,3358.5726494993596,REPD/model battery → 1C/0.5C/0.25C proportional,
2027,0.5c_battery,external,250.30770242188817,87607695.84766085,REPD/model battery → 1C/0.5C/0.25C proportional,
2027,1c_battery,external,7.612764672198554,2512212.341825523,REPD/model battery → 1C/0.5C/0.25C proportional,
2027,0.25c_battery,external,30.451058688794216,12637189.3558496,REPD/model battery → 1C/0.5C/0.25C proportional,
2027,hydrogen_battery,external,0.07612764672198549,45676.58803319129,REPD/model battery → 1C/0.5C/0.25C proportional,
2027,0.5c_battery,external,29.44796499081037,10306787.746783629,REPD/model battery → 1C/0.5C/0.25C proportional,
2027,1c_battery,external,0.8956193731998298,295554.39315594384,REPD/model battery → 1C/0.5C/0.25C proportional,
2027,0.25c_battery,external,3.582477492799319,1486728.1595117175,REPD/model battery → 1C/0.5C/0.25C proportional,
2027,hydrogen_battery,external,0.008956193731998291,5373.716239198975,REPD/model battery → 1C/0.5C/0.25C proportional,
2027,0.5c_battery,external,14.723982495405185,5153393.8733918145,REPD/model battery → 1C/0.5C/0.25C proportional,
2027,1c_battery,external,0.4478096865999149,147777.19657797192,REPD/model battery → 1C/0.5C/0.25C proportional,
2027,0.25c_battery,external,1.7912387463996595,743364.0797558588,REPD/model battery → 1C/0.5C/0.25C proportional,
2027,hydrogen_battery,external,0.0044780968659991465,2686.858119599488,REPD/model battery → 1C/0.5C/0.25C proportional,
2027,0.5c_battery,external,36.73633632603593,12857717.714112576,REPD/model battery → 1C/0.5C/0.25C proportional,
2027,1c_battery,external,1.1172851680667875,368704.1054620399,REPD/model battery → 1C/0.5C/0.25C proportional,
2027,0.25c_battery,external,4.46914067226715,1854693.3789908672,REPD/model battery → 1C/0.5C/0.25C proportional,
2027,hydrogen_battery,external,0.01117285168066787,6703.711008400722,REPD/model battery → 1C/0.5C/0.25C proportional,
2027,0.5c_battery,external,238.67402151626283,83535907.530692,REPD/model battery → 1C/0.5C/0.25C proportional,
2027,1c_battery,external,7.25894226022698,2395450.9458749034,REPD/model battery → 1C/0.5C/0.25C proportional,
2027,0.25c_battery,external,29.03576904090792,12049844.151976787,REPD/model battery → 1C/0.5C/0.25C proportional,
2027,hydrogen_battery,external,0.07258942260226975,43553.65356136185,REPD/model battery → 1C/0.5C/0.25C proportional,
2027,0.5c_battery,external,147.23982495405184,51533938.733918145,REPD/model battery → 1C/0.5C/0.25C proportional,
2027,1c_battery,external,4.478096865999148,1477771.9657797187,REPD/model battery → 1C/0.5C/0.25C proportional,
2027,0.25c_battery,external,17.91238746399659,7433640.797558585,REPD/model battery → 1C/0.5C/0.25C proportional,
2027,hydrogen_battery,external,0.04478096865999146,26868.581195994877,REPD/model battery → 1C/0.5C/0.25C proportional,
2027,0.5c_battery,external,71.20206265099374,24920721.92784781,REPD/model battery → 1C/0.5C/0.25C proportional,
2027,1c_battery,external,2.1655128543489606,714619.241935157,REPD/model battery → 1C/0.5C/0.25C proportional,
2027,0.25c_battery,external,8.662051417395842,3594751.3382192748,REPD/model battery → 1C/0.5C/0.25C proportional,
2027,hydrogen_battery,external,0.021655128543489593,12993.077126093756,REPD/model battery → 1C/0.5C/0.25C proportional,
2027,0.5c_battery,external,14.723982495405185,5153393.8733918145,REPD/model battery → 1C/0.5C/0.25C proportional,
2027,1c_battery,external,0.4478096865999149,147777.19657797192,REPD/model battery → 1C/0.5C/0.25C proportional,
2027,0.25c_battery,external,1.7912387463996595,743364.0797558588,REPD/model battery → 1C/0.5C/0.25C proportional,
2027,hydrogen_battery,external,0.004478096865999146,2686.8581195994875,REPD/model battery → 1C/0.5C/0.25C proportional,
2027,0.5c_battery,external,37.29281586191606,13052485.551670622,REPD/model battery → 1C/0.5C/0.25C proportional,
2027,1c_battery,external,1.1342097281604655,374289.2102929536,REPD/model battery → 1C/0.5C/0.25C proportional,
2027,0.25c_battery,external,4.536838912641862,1882788.1487463727,REPD/model battery → 1C/0.5C/0.25C proportional,
2027,hydrogen_battery,external,0.011342097281604646,6805.258368962788,REPD/model battery → 1C/0.5C/0.25C proportional,
2027,0.5c_battery,external,220.85973743107775,77300908.10087721,REPD/model battery → 1C/0.5C/0.25C proportional,
2027,1c_battery,external,6.717145298998722,2216657.9486695784,REPD/model battery → 1C/0.5C/0.25C proportional,
2027,0.25c_battery,external,26.86858119599489,11150461.196337879,REPD/model battery → 1C/0.5C/0.25C proportional,
2027,hydrogen_battery,external,0.06717145298998717,40302.8717939923,REPD/model battery → 1C/0.5C/0.25C proportional,
2027,0.5c_battery,external,73.61991247702593,25766969.366959076,REPD/model battery → 1C/0.5C/0.25C proportional,
2027,1c_battery,external,2.2390484329995743,738885.9828898596,REPD/model battery → 1C/0.5C/0.25C proportional,
2027,0.25c_battery,external,8.956193731998297,3716820.3987792935,REPD/model battery → 1C/0.5C/0.25C proportional,
2027,hydrogen_battery,external,0.022390484329995724,13434.290597997435,REPD/model battery → 1C/0.5C/0.25C proportional,
2027,0.5c_battery,external,36.80995623851296,12883484.683479536,REPD/model battery → 1C/0.5C/0.25C proportional,
2027,1c_battery,external,1.1195242164997872,369442.9914449298,REPD/model battery → 1C/0.5C/0.25C proportional,
2027,0.25c_battery,external,4.478096865999149,1858410.1993896468,REPD/model battery → 1C/0.5C/0.25C proportional,
2027,hydrogen_battery,external,0.011195242164997862,6717.145298998717,REPD/model battery → 1C/0.5C/0.25C proportional,
2027,0.5c_battery,external,22.085973743107772,7730090.81008772,REPD/model battery → 1C/0.5C/0.25C proportional,
2027,1c_battery,external,0.6717145298998722,221665.79486695785,REPD/model battery → 1C/0.5C/0.25C proportional,
2027,0.25c_battery,external,2.686858119599489,1115046.119633788,REPD/model battery → 1C/0.5C/0.25C proportional,
2027,hydrogen_battery,external,0.006717145298998717,4030.2871793992304,REPD/model battery → 1C/0.5C/0.25C proportional,
2027,0.5c_battery,external,7.3619912477025915,2576696.936695907,REPD/model battery → 1C/0.5C/0.25C proportional,
2027,1c_battery,external,0.2239048432999574,73888.59828898594,REPD/model battery → 1C/0.5C/0.25C proportional,
2027,0.25c_battery,external,0.8956193731998296,371682.0398779293,REPD/model battery → 1C/0.5C/0.25C proportional,
2027,hydrogen_battery,external,0.0022390484329995724,1343.4290597997435,REPD/model battery → 1C/0.5C/0.25C proportional,
2027,0.5c_battery,external,142.4041253019875,49841443.85569563,REPD/model battery → 1C/0.5C/0.25C proportional,
2027,1c_battery,external,4.331025708697921,1429238.483870314,REPD/model battery → 1C/0.5C/0.25C proportional,
2027,0.25c_battery,external,17.324102834791685,7189502.6764385495,REPD/model battery → 1C/0.5C/0.25C proportional,
2027,hydrogen_battery,external,0.04331025708697918,25986.15425218751,REPD/model battery → 1C/0.5C/0.25C proportional,
2027,0.5c_battery,external,33.82456857286372,11838599.000502301,REPD/model battery → 1C/0.5C/0.25C proportional,
2027,1c_battery,external,1.028727754649141,339480.1590342165,REPD/model battery → 1C/0.5C/0.25C proportional,
2027,0.25c_battery,external,4.114911018596564,1707688.072717574,REPD/model battery → 1C/0.5C/0.25C proportional,
2027,hydrogen_battery,external,0.010287277546491402,6172.366527894841,REPD/model battery → 1C/0.5C/0.25C proportional,
2027,0.5c_battery,external,478.52943110066855,167485300.885234,REPD/model battery → 1C/0.5C/0.25C proportional,
2027,1c_battery,external,14.553814814497233,4802758.888784087,REPD/model battery → 1C/0.5C/0.25C proportional,
2027,0.25c_battery,external,58.21525925798893,24159332.59206541,REPD/model battery → 1C/0.5C/0.25C proportional,
2027,hydrogen_battery,external,0.1455381481449722,87322.88888698332,REPD/model battery → 1C/0.5C/0.25C proportional,
2027,0.5c_battery,external,25.03077024218881,8760769.584766084,REPD/model battery → 1C/0.5C/0.25C proportional,
2027,1c_battery,external,0.7612764672198552,251221.23418255223,REPD/model battery → 1C/0.5C/0.25C proportional,
2027,0.25c_battery,external,3.045105868879421,1263718.9355849596,REPD/model battery → 1C/0.5C/0.25C proportional,
2027,hydrogen_battery,external,0.007612764672198545,4567.658803319127,REPD/model battery → 1C/0.5C/0.25C proportional,
2027,0.5c_battery,external,14.723982495405185,5153393.8733918145,REPD/model battery → 1C/0.5C/0.25C proportional,
2027,1c_battery,external,0.4478096865999149,147777.19657797192,REPD/model battery → 1C/0.5C/0.25C proportional,
2027,0.25c_battery,external,1.7912387463996595,743364.0797558588,REPD/model battery → 1C/0.5C/0.25C proportional,
2027,hydrogen_battery,external,0.004478096865999145,2686.858119599487,REPD/model battery → 1C/0.5C/0.25C proportional,
2027,0.5c_battery,external,5.153393873391814,1803687.855687135,REPD/model battery → 1C/0.5C/0.25C proportional,
2027,1c_battery,external,0.1567333903099702,51722.018802290164,REPD/model battery → 1C/0.5C/0.25C proportional,
2027,0.25c_battery,external,0.6269335612398808,260177.4279145505,REPD/model battery → 1C/0.5C/0.25C proportional,
2027,hydrogen_battery,external,0.0015673339030997007,940.4003418598204,REPD/model battery → 1C/0.5C/0.25C proportional,
2027,0.5c_battery,external,35.60103132549687,12460360.963923905,REPD/model battery → 1C/0.5C/0.25C proportional,
2027,1c_battery,external,1.0827564271744805,357309.62096757855,REPD/model battery → 1C/0.5C/0.25C proportional,
2027,0.25c_battery,external,4.331025708697922,1797375.6691096376,REPD/model battery → 1C/0.5C/0.25C proportional,
2027,hydrogen_battery,external,0.010827564271744795,6496.538563046877,REPD/model battery → 1C/0.5C/0.25C proportional,
2027,0.5c_battery,external,36.73633632603594,12857717.714112578,REPD/model battery → 1C/0.5C/0.25C proportional,
2027,1c_battery,external,1.117285168066788,368704.10546204,REPD/model battery → 1C/0.5C/0.25C proportional,
2027,0.25c_battery,external,4.469140672267152,1854693.3789908679,REPD/model battery → 1C/0.5C/0.25C proportional,
2027,hydrogen_battery,external,0.011172851680667867,6703.71100840072,REPD/model battery → 1C/0.5C/0.25C proportional,
2027,0.5c_battery,external,7.260975649167029,2541341.47720846,REPD/model battery → 1C/0.5C/0.25C proportional,
2027,1c_battery,external,0.22083259273622377,72874.75560295384,REPD/model battery → 1C/0.5C/0.25C proportional,
2027,0.25c_battery,external,0.8833303709448951,366582.10394213145,REPD/model battery → 1C/0.5C/0.25C proportional,
2027,hydrogen_battery,external,0.0022083259273622353,1324.9955564173413,REPD/model battery → 1C/0.5C/0.25C proportional,
2027,0.5c_battery,external,21.439150482045545,7503702.668715941,REPD/model battery → 1C/0.5C/0.25C proportional,
2027,1c_battery,external,0.652042289599926,215173.9555679756,REPD/model battery → 1C/0.5C/0.25C proportional,
2027,0.25c_battery,external,2.608169158399704,1082390.2007358773,REPD/model battery → 1C/0.5C/0.25C proportional,
2027,hydrogen_battery,external,0.006520422895999255,3912.253737599553,REPD/model battery → 1C/0.5C/0.25C proportional,
2027,0.5c_battery,external,29.04390259666812,10165365.90883384,REPD/model battery → 1C/0.5C/0.25C proportional,
2027,1c_battery,external,0.8833303709448951,291499.02241181536,REPD/model battery → 1C/0.5C/0.25C proportional,
2027,0.25c_battery,external,3.5333214837795803,1466328.4157685258,REPD/model battery → 1C/0.5C/0.25C proportional,
2027,hydrogen_battery,external,0.008833303709448943,5299.982225669366,REPD/model battery → 1C/0.5C/0.25C proportional,
2027,0.5c_battery,external,29.447964990810366,10306787.746783627,REPD/model battery → 1C/0.5C/0.25C proportional,
2027,1c_battery,external,0.8956193731998296,295554.3931559438,REPD/model battery → 1C/0.5C/0.25C proportional,
2027,0.25c_battery,external,3.5824774927993186,1486728.1595117173,REPD/model battery → 1C/0.5C/0.25C proportional,
2027,hydrogen_battery,external,0.00895619373199829,5373.716239198974,REPD/model battery → 1C/0.5C/0.25C proportional,
2027,0.5c_battery,external,72.31459487991555,25310108.20797044,REPD/model battery → 1C/0.5C/0.25C proportional,
2027,1c_battery,external,2.1993489926981638,725785.167590394,REPD/model battery → 1C/0.5C/0.25C proportional,
2027,0.25c_battery,external,8.797395970792655,3650919.327878952,REPD/model battery → 1C/0.5C/0.25C proportional,
2027,hydrogen_battery,external,0.021993489926981625,13196.093956188975,REPD/model battery → 1C/0.5C/0.25C proportional,
2027,0.5c_battery,external,142.40412530198748,49841443.85569562,REPD/model battery → 1C/0.5C/0.25C proportional,
2027,1c_battery,external,4.331025708697921,1429238.483870314,REPD/model battery → 1C/0.5C/0.25C proportional,
2027,0.25c_battery,external,17.324102834791685,7189502.6764385495,REPD/model battery → 1C/0.5C/0.25C proportional,
2027,hydrogen_battery,external,0.043310257086979186,25986.154252187513,REPD/model battery → 1C/0.5C/0.25C proportional,
2027,0.5c_battery,external,100.12308096875525,35043078.33906434,REPD/model battery → 1C/0.5C/0.25C proportional,
2027,1c_battery,external,3.045105868879421,1004884.9367302089,REPD/model battery → 1C/0.5C/0.25C proportional,
2027,0.25c_battery,external,12.180423475517683,5054875.742339838,REPD/model battery → 1C/0.5C/0.25C proportional,
2027,hydrogen_battery,external,0.030451058688794188,18270.635213276513,REPD/model battery → 1C/0.5C/0.25C proportional,
2027,0.5c_battery,external,36.73633632603593,12857717.714112576,REPD/model battery → 1C/0.5C/0.25C proportional,
2027,1c_battery,external,1.1172851680667877,368704.10546203994,REPD/model battery → 1C/0.5C/0.25C proportional,
2027,0.25c_battery,external,4.469140672267151,1854693.3789908676,REPD/model battery → 1C/0.5C/0.25C proportional,
2027,hydrogen_battery,external,0.011172851680667869,6703.711008400721,REPD/model battery → 1C/0.5C/0.25C proportional,
2027,0.5c_battery,external,15.722043686833398,5502715.290391689,REPD/model battery → 1C/0.5C/0.25C proportional,
2027,1c_battery,external,0.47816434570661254,157794.23408318215,REPD/model battery → 1C/0.5C/0.25C proportional,
2027,0.25c_battery,external,1.9126573828264501,793752.8138729768,REPD/model battery → 1C/0.5C/0.25C proportional,
2027,hydrogen_battery,external,0.004781643457066121,2868.9860742396727,REPD/model battery → 1C/0.5C/0.25C proportional,
2027,0.5c_battery,external,251.7801006714286,88123035.23500001,REPD/model battery → 1C/0.5C/0.25C proportional,
2027,1c_battery,external,7.657545640858545,2526990.06148332,REPD/model battery → 1C/0.5C/0.25C proportional,
2027,0.25c_battery,external,30.63018256343418,12711525.763825184,REPD/model battery → 1C/0.5C/0.25C proportional,
2027,hydrogen_battery,external,0.07657545640858537,45945.27384515123,REPD/model battery → 1C/0.5C/0.25C proportional,
2027,0.5c_battery,external,8.834389497243109,3092036.324035088,REPD/model battery → 1C/0.5C/0.25C proportional,
2027,1c_battery,external,0.26868581195994895,88666.31794678315,REPD/model battery → 1C/0.5C/0.25C proportional,
2027,0.25c_battery,external,1.0747432478397958,446018.4478535153,REPD/model battery → 1C/0.5C/0.25C proportional,
2027,hydrogen_battery,external,0.0026868581195994873,1612.1148717596923,REPD/model battery → 1C/0.5C/0.25C proportional,
2027,0.5c_battery,external,80.00463472568215,28001622.153988753,REPD/model battery → 1C/0.5C/0.25C proportional,
2027,1c_battery,external,2.433230983141188,802966.2244365921,REPD/model battery → 1C/0.5C/0.25C proportional,
2027,0.25c_battery,external,9.732923932564752,4039163.432014372,REPD/model battery → 1C/0.5C/0.25C proportional,
2027,hydrogen_battery,external,0.024332309831411856,14599.385898847113,REPD/model battery → 1C/0.5C/0.25C proportional,
2027,0.5c_battery,external,178.65958735037955,62530855.57263284,REPD/model battery → 1C/0.5C/0.25C proportional,
2027,1c_battery,external,5.433685746666052,1793116.2963997973,REPD/model battery → 1C/0.5C/0.25C proportional,
2027,0.25c_battery,external,21.73474298666421,9019918.339465646,REPD/model battery → 1C/0.5C/0.25C proportional,
2027,hydrogen_battery,external,0.05433685746666046,32602.11447999628,REPD/model battery → 1C/0.5C/0.25C proportional,
2027,0.5c_battery,external,142.92766988030363,50024684.45810627,REPD/model battery → 1C/0.5C/0.25C proportional,
2027,1c_battery,external,4.346948597332842,1434493.037119838,REPD/model battery → 1C/0.5C/0.25C proportional,
2027,0.25c_battery,external,17.38779438933137,7215934.671572518,REPD/model battery → 1C/0.5C/0.25C proportional,
2027,hydrogen_battery,external,0.04346948597332837,26081.691583997024,REPD/model battery → 1C/0.5C/0.25C proportional,
2027,0.5c_battery,external,36.73633632603593,12857717.714112576,REPD/model battery → 1C/0.5C/0.25C proportional,
2027,1c_battery,external,1.1172851680667877,368704.10546203994,REPD/model battery → 1C/0.5C/0.25C proportional,
2027,0.25c_battery,external,4.469140672267151,1854693.3789908676,REPD/model battery → 1C/0.5C/0.25C proportional,
2027,hydrogen_battery,external,0.011172851680667867,6703.71100840072,REPD/model battery → 1C/0.5C/0.25C proportional,
2027,0.5c_battery,external,13.251584245864665,4638054.486052632,REPD/model battery → 1C/0.5C/0.25C proportional,
2027,1c_battery,external,0.4030287179399234,132999.47692017473,REPD/model battery → 1C/0.5C/0.25C proportional,
2027,0.25c_battery,external,1.6121148717596936,669027.6717802729,REPD/model battery → 1C/0.5C/0.25C proportional,
2027,hydrogen_battery,external,0.00403028717939923,2418.1723076395383,REPD/model battery → 1C/0.5C/0.25C proportional,
2027,0.5c_battery,external,363.04878245835147,127067073.86042301,REPD/model battery → 1C/0.5C/0.25C proportional,
2027,1c_battery,external,11.04162963681119,3643737.780147693,REPD/model battery → 1C/0.5C/0.25C proportional,
2027,0.25c_battery,external,44.16651854724476,18329105.197106577,REPD/model battery → 1C/0.5C/0.25C proportional,
2027,hydrogen_battery,external,0.11041629636811179,66249.77782086708,REPD/model battery → 1C/0.5C/0.25C proportional,
2027,0.5c_battery,external,36.80995623851296,12883484.683479536,REPD/model battery → 1C/0.5C/0.25C proportional,
2027,1c_battery,external,1.1195242164997872,369442.9914449298,REPD/model battery → 1C/0.5C/0.25C proportional,
2027,0.25c_battery,external,4.478096865999149,1858410.1993896468,REPD/model battery → 1C/0.5C/0.25C proportional,
2027,hydrogen_battery,external,0.011195242164997862,6717.145298998717,REPD/model battery → 1C/0.5C/0.25C proportional,
2027,0.5c_battery,external,412.27150987134513,144295028.4549708,REPD/model battery → 1C/0.5C/0.25C proportional,
2027,1c_battery,external,12.538671224797618,4137761.5041832137,REPD/model battery → 1C/0.5C/0.25C proportional,
2027,0.25c_battery,external,50.15468489919047,20814194.233164046,REPD/model battery → 1C/0.5C/0.25C proportional,
2027,hydrogen_battery,external,0.12538671224797604,75232.02734878562,REPD/model battery → 1C/0.5C/0.25C proportional,
2027,0.5c_battery,external,33.82456857286372,11838599.000502301,REPD/model battery → 1C/0.5C/0.25C proportional,
2027,1c_battery,external,1.0287277546491411,339480.15903421654,REPD/model battery → 1C/0.5C/0.25C proportional,
2027,0.25c_battery,external,4.1149110185965645,1707688.0727175742,REPD/model battery → 1C/0.5C/0.25C proportional,
2027,hydrogen_battery,external,0.0102872775464914,6172.36652789484,REPD/model battery → 1C/0.5C/0.25C proportional,
2027,0.5c_battery,external,73.6199124770259,25766969.36695907,REPD/model battery → 1C/0.5C/0.25C proportional,
2027,1c_battery,external,2.2390484329995743,738885.9828898596,REPD/model battery → 1C/0.5C/0.25C proportional,
2027,0.25c_battery,external,8.956193731998297,3716820.3987792935,REPD/model battery → 1C/0.5C/0.25C proportional,
2027,hydrogen_battery,external,0.02239048432999572,13434.290597997433,REPD/model battery → 1C/0.5C/0.25C proportional,
2027,0.5c_battery,external,251.78010067142864,88123035.23500003,REPD/model battery → 1C/0.5C/0.25C proportional,
2027,1c_battery,external,7.657545640858546,2526990.06148332,REPD/model battery → 1C/0.5C/0.25C proportional,
2027,0.25c_battery,external,30.630182563434182,12711525.763825186,REPD/model battery → 1C/0.5C/0.25C proportional,
2027,hydrogen_battery,external,0.07657545640858537,45945.27384515123,REPD/model battery → 1C/0.5C/0.25C proportional,
2027,0.5c_battery,external,36.80995623851296,12883484.683479536,REPD/model battery → 1C/0.5C/0.25C proportional,
2027,1c_battery,external,1.1195242164997874,369442.99144492985,REPD/model battery → 1C/0.5C/0.25C proportional,
2027,0.25c_battery,external,4.47809686599915,1858410.199389647,REPD/model battery → 1C/0.5C/0.25C proportional,
2027,hydrogen_battery,external,0.011195242164997862,6717.145298998717,REPD/model battery → 1C/0.5C/0.25C proportional,
2027,0.5c_battery,external,2.5398296738311794,888940.3858409128,REPD/model battery → 1C/0.5C/0.25C proportional,
2027,1c_battery,external,0.07724542803622819,25490.991251955304,REPD/model battery → 1C/0.5C/0.25C proportional,
2027,0.25c_battery,external,0.30898171214491277,128227.4105401388,REPD/model battery → 1C/0.5C/0.25C proportional,
2027,hydrogen_battery,external,0.0007724542803622811,463.4725682173687,REPD/model battery → 1C/0.5C/0.25C proportional,
2027,0.5c_battery,external,61.71829301791974,21601402.55627191,REPD/model battery → 1C/0.5C/0.25C proportional,
2027,1c_battery,external,1.8770770382579023,619435.4226251078,REPD/model battery → 1C/0.5C/0.25C proportional,
2027,0.25c_battery,external,7.508308153031609,3115947.883508118,REPD/model battery → 1C/0.5C/0.25C proportional,
2027,hydrogen_battery,external,0.018770770382579006,11262.462229547404,REPD/model battery → 1C/0.5C/0.25C proportional,
2027,0.5c_battery,external,36.80995623851297,12883484.683479538,REPD/model battery → 1C/0.5C/0.25C proportional,
2027,1c_battery,external,1.1195242164997876,369442.9914449299,REPD/model battery → 1C/0.5C/0.25C proportional,
2027,0.25c_battery,external,4.4780968659991505,1858410.1993896475,REPD/model battery → 1C/0.5C/0.25C proportional,
2027,hydrogen_battery,external,0.011195242164997864,6717.145298998718,REPD/model battery → 1C/0.5C/0.25C proportional,
2027,0.5c_battery,external,2.705965485829097,947087.9200401839,REPD/model battery → 1C/0.5C/0.25C proportional,
2027,1c_battery,external,0.0822982203719313,27158.41272273733,REPD/model battery → 1C/0.5C/0.25C proportional,
2027,0.25c_battery,external,0.3291928814877252,136615.04581740595,REPD/model battery → 1C/0.5C/0.25C proportional,
2027,hydrogen_battery,external,0.000822982203719312,493.7893222315872,REPD/model battery → 1C/0.5C/0.25C proportional,
2027,0.5c_battery,external,71.20206265099374,24920721.92784781,REPD/model battery → 1C/0.5C/0.25C proportional,
2027,1c_battery,external,2.165512854348961,714619.2419351571,REPD/model battery → 1C/0.5C/0.25C proportional,
2027,0.25c_battery,external,8.662051417395844,3594751.338219275,REPD/model battery → 1C/0.5C/0.25C proportional,
2027,hydrogen_battery,external,0.02165512854348959,12993.077126093754,REPD/model battery → 1C/0.5C/0.25C proportional,
2027,0.5c_battery,external,10.84718923198733,3796516.231195566,REPD/model battery → 1C/0.5C/0.25C proportional,
2027,1c_battery,external,0.32990234890472464,108867.77513855913,REPD/model battery → 1C/0.5C/0.25C proportional,
2027,0.25c_battery,external,1.3196093956188986,547637.8991818429,REPD/model battery → 1C/0.5C/0.25C proportional,
2027,hydrogen_battery,external,0.0032990234890472423,1979.4140934283453,REPD/model battery → 1C/0.5C/0.25C proportional,
2027,0.5c_battery,external,232.35122077334495,81322927.27067073,REPD/model battery → 1C/0.5C/0.25C proportional,
2027,1c_battery,external,7.066642967559163,2331992.179294524,REPD/model battery → 1C/0.5C/0.25C proportional,
2027,0.25c_battery,external,28.266571870236653,11730627.326148212,REPD/model battery → 1C/0.5C/0.25C proportional,
2027,hydrogen_battery,external,0.07066642967559156,42399.857805354935,REPD/model battery → 1C/0.5C/0.25C proportional,
2027,0.5c_battery,external,17.66877899448622,6184072.648070177,REPD/model battery → 1C/0.5C/0.25C proportional,
2027,1c_battery,external,0.537371623919898,177332.63589356633,REPD/model battery → 1C/0.5C/0.25C proportional,
2027,0.25c_battery,external,2.149486495679592,892036.8957070307,REPD/model battery → 1C/0.5C/0.25C proportional,
2027,hydrogen_battery,external,0.005373716239198975,3224.2297435193846,REPD/model battery → 1C/0.5C/0.25C proportional,
2027,0.5c_battery,external,289.2583795196621,101240432.83188175,REPD/model battery → 1C/0.5C/0.25C proportional,
2027,1c_battery,external,8.797395970792659,2903140.6703615775,REPD/model battery → 1C/0.5C/0.25C proportional,
2027,0.25c_battery,external,35.189583883170634,14603677.311515814,REPD/model battery → 1C/0.5C/0.25C proportional,
2027,hydrogen_battery,external,0.08797395970792647,52784.37582475588,REPD/model battery → 1C/0.5C/0.25C proportional,
2027,0.5c_battery,external,42.51381008258431,14879833.528904507,REPD/model battery → 1C/0.5C/0.25C proportional,
2027,1c_battery,external,1.292999090102931,426689.6997339672,REPD/model battery → 1C/0.5C/0.25C proportional,
2027,0.25c_battery,external,5.171996360411724,2146378.4895708654,REPD/model battery → 1C/0.5C/0.25C proportional,
2027,hydrogen_battery,external,0.012929990901029297,7757.994540617578,REPD/model battery → 1C/0.5C/0.25C proportional,
2027,0.5c_battery,external,22.085973743107772,7730090.81008772,REPD/model battery → 1C/0.5C/0.25C proportional,
2027,1c_battery,external,0.6717145298998726,221665.79486695793,REPD/model battery → 1C/0.5C/0.25C proportional,
2027,0.25c_battery,external,2.6868581195994903,1115046.1196337885,REPD/model battery → 1C/0.5C/0.25C proportional,
2027,hydrogen_battery,external,0.006717145298998717,4030.2871793992304,REPD/model battery → 1C/0.5C/0.25C proportional,
2027,0.5c_battery,external,22.085973743107775,7730090.810087722,REPD/model battery → 1C/0.5C/0.25C proportional,
2027,1c_battery,external,0.6717145298998726,221665.79486695793,REPD/model battery → 1C/0.5C/0.25C proportional,
2027,0.25c_battery,external,2.6868581195994903,1115046.1196337885,REPD/model battery → 1C/0.5C/0.25C proportional,
2027,hydrogen_battery,external,0.006717145298998718,4030.287179399231,REPD/model battery → 1C/0.5C/0.25C proportional,
2027,0.5c_battery,external,52.3121050508672,18309236.76780352,REPD/model battery → 1C/0.5C/0.25C proportional,
2027,1c_battery,external,1.591000761887691,525030.251422938,REPD/model battery → 1C/0.5C/0.25C proportional,
2027,0.25c_battery,external,6.364003047550764,2641061.264733567,REPD/model battery → 1C/0.5C/0.25C proportional,
2027,hydrogen_battery,external,0.015910007618876894,9546.004571326137,REPD/model battery → 1C/0.5C/0.25C proportional,
2027,0.5c_battery,external,36.073757113742694,12625814.989809943,REPD/model battery → 1C/0.5C/0.25C proportional,
2027,1c_battery,external,1.0971337321697916,362054.1316160312,REPD/model battery → 1C/0.5C/0.25C proportional,
2027,0.25c_battery,external,4.388534928679166,1821241.9954018542,REPD/model battery → 1C/0.5C/0.25C proportional,
2027,hydrogen_battery,external,0.010971337321697906,6582.802393018744,REPD/model battery → 1C/0.5C/0.25C proportional,
2027,0.5c_battery,external,253.98296738311797,88894038.58409129,REPD/model battery → 1C/0.5C/0.25C proportional,
2027,1c_battery,external,7.724542803622821,2549099.125195531,REPD/model battery → 1C/0.5C/0.25C proportional,
2027,0.25c_battery,external,30.898171214491285,12822741.054013884,REPD/model battery → 1C/0.5C/0.25C proportional,
2027,hydrogen_battery,external,0.07724542803622812,46347.256821736875,REPD/model battery → 1C/0.5C/0.25C proportional,
2027,0.5c_battery,external,19.048722553733846,6667052.893806846,REPD/model battery → 1C/0.5C/0.25C proportional,
2027,1c_battery,external,0.5793407102717115,191182.4343896648,REPD/model battery → 1C/0.5C/0.25C proportional,
2027,0.25c_battery,external,2.317362841086846,961705.5790510412,REPD/model battery → 1C/0.5C/0.25C proportional,
2027,hydrogen_battery,external,0.005793407102717108,3476.044261630265,REPD/model battery → 1C/0.5C/0.25C proportional,
2027,0.5c_battery,external,72.60975649167028,25413414.772084597,REPD/model battery → 1C/0.5C/0.25C proportional,
2027,1c_battery,external,2.208325927362238,728747.5560295385,REPD/model battery → 1C/0.5C/0.25C proportional,
2027,0.25c_battery,external,8.833303709448952,3665821.039421315,REPD/model battery → 1C/0.5C/0.25C proportional,
2027,hydrogen_battery,external,0.022083259273622355,13249.955564173413,REPD/model battery → 1C/0.5C/0.25C proportional,
2027,0.5c_battery,external,220.85973743107778,77300908.10087723,REPD/model battery → 1C/0.5C/0.25C proportional,
2027,1c_battery,external,6.717145298998725,2216657.9486695793,REPD/model battery → 1C/0.5C/0.25C proportional,
2027,0.25c_battery,external,26.8685811959949,11150461.196337882,REPD/model battery → 1C/0.5C/0.25C proportional,
2027,hydrogen_battery,external,0.06717145298998718,40302.87179399231,REPD/model battery → 1C/0.5C/0.25C proportional,
2027,0.5c_battery,external,35.731917470075906,12506171.114526568,REPD/model battery → 1C/0.5C/0.25C proportional,
2027,1c_battery,external,1.0867371493332105,358623.2592799595,REPD/model battery → 1C/0.5C/0.25C proportional,
2027,0.25c_battery,external,4.346948597332842,1803983.6678931294,REPD/model battery → 1C/0.5C/0.25C proportional,
2027,hydrogen_battery,external,0.010867371493332093,6520.422895999256,REPD/model battery → 1C/0.5C/0.25C proportional,
2027,0.5c_battery,external,36.80995623851295,12883484.683479534,REPD/model battery → 1C/0.5C/0.25C proportional,
2027,1c_battery,external,1.1195242164997874,369442.99144492985,REPD/model battery → 1C/0.5C/0.25C proportional,
2027,0.25c_battery,external,4.47809686599915,1858410.199389647,REPD/model battery → 1C/0.5C/0.25C proportional,
2027,hydrogen_battery,external,0.011195242164997858,6717.145298998715,REPD/model battery → 1C/0.5C/0.25C proportional,
2027,0.5c_battery,external,285.85533976060725,100049368.91621254,REPD/model battery → 1C/0.5C/0.25C proportional,
2027,1c_battery,external,8.693897194665684,2868986.074239676,REPD/model battery → 1C/0.5C/0.25C proportional,
2027,0.25c_battery,external,34.77558877866274,14431869.343145035,REPD/model battery → 1C/0.5C/0.25C proportional,
2027,hydrogen_battery,external,0.08693897194665672,52163.38316799403,REPD/model battery → 1C/0.5C/0.25C proportional,
2027,0.5c_battery,external,75.93032462391132,26575613.61836896,REPD/model battery → 1C/0.5C/0.25C proportional,
2027,1c_battery,external,2.3093164423330728,762074.4259699141,REPD/model battery → 1C/0.5C/0.25C proportional,
2027,0.25c_battery,external,9.237265769332291,3833465.2942729006,REPD/model battery → 1C/0.5C/0.25C proportional,
2027,hydrogen_battery,external,0.023093164423330693,13855.898653998416,REPD/model battery → 1C/0.5C/0.25C proportional,
2027,0.5c_battery,external,35.52982926284588,12435440.241996057,REPD/model battery → 1C/0.5C/0.25C proportional,
2027,1c_battery,external,1.0805909143201318,356595.00172564347,REPD/model battery → 1C/0.5C/0.25C proportional,
2027,0.25c_battery,external,4.322363657280527,1793780.9177714188,REPD/model battery → 1C/0.5C/0.25C proportional,
2027,hydrogen_battery,external,0.010805909143201302,6483.545485920781,REPD/model battery → 1C/0.5C/0.25C proportional,
2027,0.5c_battery,external,736.7902119840451,257876574.19441578,REPD/model battery → 1C/0.5C/0.25C proportional,
2027,1c_battery,external,22.408461435037903,7394792.273562508,REPD/model battery → 1C/0.5C/0.25C proportional,
2027,0.25c_battery,external,89.63384574015161,37198045.98216292,REPD/model battery → 1C/0.5C/0.25C proportional,
2027,hydrogen_battery,external,0.22408461435037869,134450.7686102272,REPD/model battery → 1C/0.5C/0.25C proportional,
2027,0.5c_battery,external,72.6097564916703,25413414.772084605,REPD/model battery → 1C/0.5C/0.25C proportional,
2027,1c_battery,external,2.2083259273622384,728747.5560295386,REPD/model battery → 1C/0.5C/0.25C proportional,
2027,0.25c_battery,external,8.833303709448954,3665821.039421316,REPD/model battery → 1C/0.5C/0.25C proportional,
2027,hydrogen_battery,external,0.022083259273622355,13249.955564173413,REPD/model battery → 1C/0.5C/0.25C proportional,
2027,0.5c_battery,external,63.43224610393371,22201286.1363768,REPD/model battery → 1C/0.5C/0.25C proportional,
2027,1c_battery,external,1.9292045652047995,636637.5065175839,REPD/model battery → 1C/0.5C/0.25C proportional,
2027,0.25c_battery,external,7.716818260819198,3202479.578239967,REPD/model battery → 1C/0.5C/0.25C proportional,
2027,hydrogen_battery,external,0.01929204565204796,11575.227391228776,REPD/model battery → 1C/0.5C/0.25C proportional,
2027,0.5c_battery,external,368.09956238512956,128834846.83479534,REPD/model battery → 1C/0.5C/0.25C proportional,
2027,1c_battery,external,11.195242164997875,3694429.9144492988,REPD/model battery → 1C/0.5C/0.25C proportional,
2027,0.25c_battery,external,44.7809686599915,18584101.993896473,REPD/model battery → 1C/0.5C/0.25C proportional,
2027,hydrogen_battery,external,0.11195242164997858,67171.45298998716,REPD/model battery → 1C/0.5C/0.25C proportional,
2027,0.5c_battery,external,7.3619912477025915,2576696.936695907,REPD/model battery → 1C/0.5C/0.25C proportional,
2027,1c_battery,external,0.22390484329995755,73888.59828898599,REPD/model battery → 1C/0.5C/0.25C proportional,
2027,0.25c_battery,external,0.8956193731998302,371682.03987792955,REPD/model battery → 1C/0.5C/0.25C proportional,
2027,hydrogen_battery,external,0.002239048432999572,1343.429059799743,REPD/model battery → 1C/0.5C/0.25C proportional,
2027,0.5c_battery,external,71.59144893111639,25057007.125890736,REPD/model battery → 1C/0.5C/0.25C proportional,
2027,1c_battery,external,2.1773555027711833,718527.3159144905,REPD/model battery → 1C/0.5C/0.25C proportional,
2027,0.25c_battery,external,8.709422011084733,3614410.1346001644,REPD/model battery → 1C/0.5C/0.25C proportional,
2027,hydrogen_battery,external,0.0217735550277118,13064.133016627082,REPD/model battery → 1C/0.5C/0.25C proportional,
2027,0.5c_battery,external,36.736336326035925,12857717.714112574,REPD/model battery → 1C/0.5C/0.25C proportional,
2027,1c_battery,external,1.117285168066788,368704.10546204,REPD/model battery → 1C/0.5C/0.25C proportional,
2027,0.25c_battery,external,4.469140672267152,1854693.3789908679,REPD/model battery → 1C/0.5C/0.25C proportional,
2027,hydrogen_battery,external,0.011172851680667862,6703.711008400717,REPD/model battery → 1C/0.5C/0.25C proportional,
2027,0.5c_battery,external,162.9375436635461,57028140.282241136,REPD/model battery → 1C/0.5C/0.25C proportional,
2027,1c_battery,external,4.95552140095944,1635322.0623166151,REPD/model battery → 1C/0.5C/0.25C proportional,
2027,0.25c_battery,external,19.82208560383776,8226165.52559267,REPD/model battery → 1C/0.5C/0.25C proportional,
2027,hydrogen_battery,external,0.049555214009594326,29733.128405756594,REPD/model battery → 1C/0.5C/0.25C proportional,
2027,0.5c_battery,external,35.601031325496876,12460360.963923907,REPD/model battery → 1C/0.5C/0.25C proportional,
2027,1c_battery,external,1.082756427174481,357309.6209675787,REPD/model battery → 1C/0.5C/0.25C proportional,
2027,0.25c_battery,external,4.331025708697924,1797375.6691096383,REPD/model battery → 1C/0.5C/0.25C proportional,
2027,hydrogen_battery,external,0.010827564271744791,6496.5385630468745,REPD/model battery → 1C/0.5C/0.25C proportional,
2027,0.5c_battery,external,67.12706855144891,23494473.99300712,REPD/model battery → 1C/0.5C/0.25C proportional,
2027,1c_battery,external,2.041577510688839,673720.5785273169,REPD/model battery → 1C/0.5C/0.25C proportional,
2027,0.25c_battery,external,8.166310042755356,3389018.667743473,REPD/model battery → 1C/0.5C/0.25C proportional,
2027,hydrogen_battery,external,0.020415775106888356,12249.465064133014,REPD/model battery → 1C/0.5C/0.25C proportional,
2027,0.5c_battery,external,43.38875692794931,15186064.924782258,REPD/model battery → 1C/0.5C/0.25C proportional,
2027,1c_battery,external,1.3196093956188986,435471.1005542365,REPD/model battery → 1C/0.5C/0.25C proportional,
2027,0.25c_battery,external,5.278437582475594,2190551.5967273717,REPD/model battery → 1C/0.5C/0.25C proportional,
2027,hydrogen_battery,external,0.013196093956188966,7917.656373713379,REPD/model battery → 1C/0.5C/0.25C proportional,
2027,0.5c_battery,external,66.31111907856405,23208891.677497417,REPD/model battery → 1C/0.5C/0.25C proportional,
2027,1c_battery,external,2.016761529153411,665531.3046206257,REPD/model battery → 1C/0.5C/0.25C proportional,
2027,0.25c_battery,external,8.067046116613644,3347824.1383946626,REPD/model battery → 1C/0.5C/0.25C proportional,
2027,hydrogen_battery,external,0.020167615291534085,12100.56917492045,REPD/model battery → 1C/0.5C/0.25C proportional,
2027,0.5c_battery,external,36.736336326035925,12857717.714112574,REPD/model battery → 1C/0.5C/0.25C proportional,
2027,1c_battery,external,1.117285168066788,368704.10546204,REPD/model battery → 1C/0.5C/0.25C proportional,
2027,0.25c_battery,external,4.469140672267152,1854693.3789908679,REPD/model battery → 1C/0.5C/0.25C proportional,
2027,hydrogen_battery,external,0.011172851680667862,6703.711008400717,REPD/model battery → 1C/0.5C/0.25C proportional,
2027,0.5c_battery,external,3.346496944596706,1171273.930608847,REPD/model battery → 1C/0.5C/0.25C proportional,
2027,1c_battery,external,0.1017791041544012,33587.104370952395,REPD/model battery → 1C/0.5C/0.25C proportional,
2027,0.25c_battery,external,0.4071164166176048,168953.312896306,REPD/model battery → 1C/0.5C/0.25C proportional,
2027,hydrogen_battery,external,0.0010177910415440105,610.6746249264063,REPD/model battery → 1C/0.5C/0.25C proportional,
2027,0.5c_battery,external,36.73633632603593,12857717.714112576,REPD/model battery → 1C/0.5C/0.25C proportional,
2027,1c_battery,external,1.1172851680667883,368704.10546204017,REPD/model battery → 1C/0.5C/0.25C proportional,
2027,0.25c_battery,external,4.469140672267153,1854693.3789908686,REPD/model battery → 1C/0.5C/0.25C proportional,
2027,hydrogen_battery,external,0.011172851680667865,6703.711008400719,REPD/model battery → 1C/0.5C/0.25C proportional,
2027,0.5c_battery,external,22.22350964602282,7778228.376107987,REPD/model battery → 1C/0.5C/0.25C proportional,
2027,1c_battery,external,0.6758974953169967,223046.1734546089,REPD/model battery → 1C/0.5C/0.25C proportional,
2027,0.25c_battery,external,2.703589981267987,1121989.8422262145,REPD/model battery → 1C/0.5C/0.25C proportional,
2027,hydrogen_battery,external,0.006758974953169957,4055.384971901974,REPD/model battery → 1C/0.5C/0.25C proportional,
2027,0.5c_battery,external,9.202489059628238,3220871.1708698836,REPD/model battery → 1C/0.5C/0.25C proportional,
2027,1c_battery,external,0.2798810541249469,92360.74786123248,REPD/model battery → 1C/0.5C/0.25C proportional,
2027,0.25c_battery,external,1.1195242164997876,464602.54984741186,REPD/model battery → 1C/0.5C/0.25C proportional,
2027,hydrogen_battery,external,0.002798810541249465,1679.2863247496791,REPD/model battery → 1C/0.5C/0.25C proportional,
2027,0.5c_battery,external,55.939223792874095,19578728.327505935,REPD/model battery → 1C/0.5C/0.25C proportional,
2027,1c_battery,external,1.701314592240699,561433.8154394306,REPD/model battery → 1C/0.5C/0.25C proportional,
2027,0.25c_battery,external,6.805258368962796,2824182.22311956,REPD/model battery → 1C/0.5C/0.25C proportional,
2027,hydrogen_battery,external,0.017013145922406964,10207.887553444178,REPD/model battery → 1C/0.5C/0.25C proportional,
2027,0.5c_battery,external,290.4390259666812,101653659.08833842,REPD/model battery → 1C/0.5C/0.25C proportional,
2027,1c_battery,external,8.833303709448954,2914990.2241181545,REPD/model battery → 1C/0.5C/0.25C proportional,
2027,0.25c_battery,external,35.333214837795815,14663284.157685263,REPD/model battery → 1C/0.5C/0.25C proportional,
2027,hydrogen_battery,external,0.08833303709448942,52999.82225669365,REPD/model battery → 1C/0.5C/0.25C proportional,
2027,0.5c_battery,external,363.04878245835147,127067073.86042301,REPD/model battery → 1C/0.5C/0.25C proportional,
2027,1c_battery,external,11.04162963681119,3643737.780147693,REPD/model battery → 1C/0.5C/0.25C proportional,
2027,0.25c_battery,external,44.16651854724476,18329105.197106577,REPD/model battery → 1C/0.5C/0.25C proportional,
2027,hydrogen_battery,external,0.11041629636811175,66249.77782086705,REPD/model battery → 1C/0.5C/0.25C proportional,
2027,0.5c_battery,external,73.6199124770259,25766969.36695907,REPD/model battery → 1C/0.5C/0.25C proportional,
2027,1c_battery,external,2.239048432999575,738885.9828898597,REPD/model battery → 1C/0.5C/0.25C proportional,
2027,0.25c_battery,external,8.9561937319983,3716820.398779294,REPD/model battery → 1C/0.5C/0.25C proportional,
2027,hydrogen_battery,external,0.022390484329995713,13434.290597997428,REPD/model battery → 1C/0.5C/0.25C proportional,
2027,0.5c_battery,external,3.5731917470075905,1250617.1114526566,REPD/model battery → 1C/0.5C/0.25C proportional,
2027,1c_battery,external,0.10867371493332102,35862.32592799594,REPD/model battery → 1C/0.5C/0.25C proportional,
2027,0.25c_battery,external,0.4346948597332841,180398.3667893129,REPD/model battery → 1C/0.5C/0.25C proportional,
2027,hydrogen_battery,external,0.0010867371493332085,652.0422895999251,REPD/model battery → 1C/0.5C/0.25C proportional,
2027,0.5c_battery,external,36.73633632603593,12857717.714112576,REPD/model battery → 1C/0.5C/0.25C proportional,
2027,1c_battery,external,1.1172851680667877,368704.10546203994,REPD/model battery → 1C/0.5C/0.25C proportional,
2027,0.25c_battery,external,4.469140672267151,1854693.3789908676,REPD/model battery → 1C/0.5C/0.25C proportional,
2027,hydrogen_battery,external,0.011172851680667858,6703.7110084007145,REPD/model battery → 1C/0.5C/0.25C proportional,
2027,0.5c_battery,external,36.44185667612783,12754649.836644739,REPD/model battery → 1C/0.5C/0.25C proportional,
2027,1c_battery,external,1.1083289743347893,365748.56153048045,REPD/model battery → 1C/0.5C/0.25C proportional,
2027,0.25c_battery,external,4.433315897339157,1839826.0973957502,REPD/model battery → 1C/0.5C/0.25C proportional,
2027,hydrogen_battery,external,0.011083289743347874,6649.973846008725,REPD/model battery → 1C/0.5C/0.25C proportional,
2027,0.5c_battery,external,29.44796499081037,10306787.746783629,REPD/model battery → 1C/0.5C/0.25C proportional,
2027,1c_battery,external,0.8956193731998298,295554.39315594384,REPD/model battery → 1C/0.5C/0.25C proportional,
2027,0.25c_battery,external,3.582477492799319,1486728.1595117175,REPD/model battery → 1C/0.5C/0.25C proportional,
2027,hydrogen_battery,external,0.008956193731998283,5373.71623919897,REPD/model battery → 1C/0.5C/0.25C proportional,
2027,0.5c_battery,external,36.736336326035925,12857717.714112574,REPD/model battery → 1C/0.5C/0.25C proportional,
2027,1c_battery,external,1.1172851680667875,368704.1054620399,REPD/model battery → 1C/0.5C/0.25C proportional,
2027,0.25c_battery,external,4.46914067226715,1854693.3789908672,REPD/model battery → 1C/0.5C/0.25C proportional,
2027,hydrogen_battery,external,0.011172851680667858,6703.7110084007145,REPD/model battery → 1C/0.5C/0.25C proportional,
2027,0.5c_battery,external,343.0264077127287,120059242.69945505,REPD/model battery → 1C/0.5C/0.25C proportional,
2027,1c_battery,external,10.432676633598817,3442783.2890876094,REPD/model battery → 1C/0.5C/0.25C proportional,
2027,0.25c_battery,external,41.73070653439527,17318243.211774036,REPD/model battery → 1C/0.5C/0.25C proportional,
2027,hydrogen_battery,external,0.10432676633598799,62596.05980159279,REPD/model battery → 1C/0.5C/0.25C proportional,
2027,0.5c_battery,external,12.6991483691559,4444701.929204565,REPD/model battery → 1C/0.5C/0.25C proportional,
2027,1c_battery,external,0.3862271401811409,127454.9562597765,REPD/model battery → 1C/0.5C/0.25C proportional,
2027,0.25c_battery,external,1.5449085607245636,641137.052700694,REPD/model battery → 1C/0.5C/0.25C proportional,
2027,hydrogen_battery,external,0.003862271401811404,2317.3628410868423,REPD/model battery → 1C/0.5C/0.25C proportional,
2027,0.5c_battery,external,7.361991247702593,2576696.9366959077,REPD/model battery → 1C/0.5C/0.25C proportional,
2027,1c_battery,external,0.2239048432999574,73888.59828898594,REPD/model battery → 1C/0.5C/0.25C proportional,
2027,0.25c_battery,external,0.8956193731998296,371682.0398779293,REPD/model battery → 1C/0.5C/0.25C proportional,
2027,hydrogen_battery,external,0.0022390484329995715,1343.4290597997428,REPD/model battery → 1C/0.5C/0.25C proportional,
2027,0.5c_battery,external,36.08498284507785,12629743.99577725,REPD/model battery → 1C/0.5C/0.25C proportional,
2027,1c_battery,external,1.0974751473563835,362166.79862760653,REPD/model battery → 1C/0.5C/0.25C proportional,
2027,0.25c_battery,external,4.389900589425534,1821808.7446115967,REPD/model battery → 1C/0.5C/0.25C proportional,
2027,hydrogen_battery,external,0.010974751473563821,6584.850884138293,REPD/model battery → 1C/0.5C/0.25C proportional,
2027,0.5c_battery,external,35.731917470075906,12506171.114526568,REPD/model battery → 1C/0.5C/0.25C proportional,
2027,1c_battery,external,1.08673714933321,358623.2592799593,REPD/model battery → 1C/0.5C/0.25C proportional,
2027,0.25c_battery,external,4.34694859733284,1803983.6678931287,REPD/model battery → 1C/0.5C/0.25C proportional,
2027,hydrogen_battery,external,0.010867371493332086,6520.4228959992515,REPD/model battery → 1C/0.5C/0.25C proportional,
2027,0.5c_battery,external,72.53714673517864,25388001.357312523,REPD/model battery → 1C/0.5C/0.25C proportional,
2027,1c_battery,external,2.206117601434876,728018.808473509,REPD/model battery → 1C/0.5C/0.25C proportional,
2027,0.25c_battery,external,8.824470405739504,3662155.2183818943,REPD/model battery → 1C/0.5C/0.25C proportional,
2027,hydrogen_battery,external,0.022061176014348725,13236.705608609234,REPD/model battery → 1C/0.5C/0.25C proportional,
2027,0.5c_battery,external,147.358042396809,51575314.83888315,REPD/model battery → 1C/0.5C/0.25C proportional,
2027,1c_battery,external,4.4816922870075775,1478958.4547125006,REPD/model battery → 1C/0.5C/0.25C proportional,
2027,0.25c_battery,external,17.92676914803031,7439609.196432578,REPD/model battery → 1C/0.5C/0.25C proportional,
2027,hydrogen_battery,external,0.04481692287007571,26890.153722045427,REPD/model battery → 1C/0.5C/0.25C proportional,
2027,0.5c_battery,external,147.23982495405184,51533938.733918145,REPD/model battery → 1C/0.5C/0.25C proportional,
2027,1c_battery,external,4.478096865999148,1477771.9657797187,REPD/model battery → 1C/0.5C/0.25C proportional,
2027,0.25c_battery,external,17.91238746399659,7433640.797558585,REPD/model battery → 1C/0.5C/0.25C proportional,
2027,hydrogen_battery,external,0.04478096865999141,26868.581195994848,REPD/model battery → 1C/0.5C/0.25C proportional,
2027,0.5c_battery,external,307.9202104564145,107772073.65974508,REPD/model battery → 1C/0.5C/0.25C proportional,
2027,1c_battery,external,9.364969904392177,3090440.0684494185,REPD/model battery → 1C/0.5C/0.25C proportional,
2027,0.25c_battery,external,37.45987961756871,15545850.041291015,REPD/model battery → 1C/0.5C/0.25C proportional,
2027,hydrogen_battery,external,0.09364969904392165,56189.81942635299,REPD/model battery → 1C/0.5C/0.25C proportional,
2027,0.5c_battery,external,36.994624328041006,12948118.514814353,REPD/model battery → 1C/0.5C/0.25C proportional,
2027,1c_battery,external,1.1251406425803236,371296.4120515068,REPD/model battery → 1C/0.5C/0.25C proportional,
2027,0.25c_battery,external,4.500562570321295,1867733.4666833372,REPD/model battery → 1C/0.5C/0.25C proportional,
2027,hydrogen_battery,external,0.011251406425803221,6750.843855481932,REPD/model battery → 1C/0.5C/0.25C proportional,
2027,0.5c_battery,external,28.480825060397503,9968288.771139126,REPD/model battery → 1C/0.5C/0.25C proportional,
2027,1c_battery,external,0.8662051417395844,285847.6967740629,REPD/model battery → 1C/0.5C/0.25C proportional,
2027,0.25c_battery,external,3.4648205669583376,1437900.5352877101,REPD/model battery → 1C/0.5C/0.25C proportional,
2027,hydrogen_battery,external,0.008662051417395832,5197.230850437499,REPD/model battery → 1C/0.5C/0.25C proportional,
2027,0.5c_battery,external,16.932579869715966,5926402.954400588,REPD/model battery → 1C/0.5C/0.25C proportional,
2027,1c_battery,external,0.514981139589902,169943.77606466765,REPD/model battery → 1C/0.5C/0.25C proportional,
2027,0.25c_battery,external,2.059924558359608,854868.6917192374,REPD/model battery → 1C/0.5C/0.25C proportional,
2027,hydrogen_battery,external,0.005149811395899014,3089.886837539408,REPD/model battery → 1C/0.5C/0.25C proportional,
2027,0.5c_battery,external,0.6764913714572743,236771.980010046,REPD/model battery → 1C/0.5C/0.25C proportional,
2027,1c_battery,external,0.020574555092982814,6789.603180684328,REPD/model battery → 1C/0.5C/0.25C proportional,
2027,0.25c_battery,external,0.08229822037193125,34153.76145435147,REPD/model battery → 1C/0.5C/0.25C proportional,
2027,hydrogen_battery,external,0.00020574555092982784,123.4473305578967,REPD/model battery → 1C/0.5C/0.25C proportional,
2027,0.5c_battery,external,9.524361276866925,3333526.446903424,REPD/model battery → 1C/0.5C/0.25C proportional,
2027,1c_battery,external,0.2896703551358556,95591.21719483235,REPD/model battery → 1C/0.5C/0.25C proportional,
2027,0.25c_battery,external,1.1586814205434224,480852.7895255203,REPD/model battery → 1C/0.5C/0.25C proportional,
2027,hydrogen_battery,external,0.002896703551358552,1738.0221308151313,REPD/model battery → 1C/0.5C/0.25C proportional,
2027,0.5c_battery,external,31.747870922889753,11111754.823011413,REPD/model battery → 1C/0.5C/0.25C proportional,
2027,1c_battery,external,0.9655678504528523,318637.3906494413,REPD/model battery → 1C/0.5C/0.25C proportional,
2027,0.25c_battery,external,3.8622714018114093,1602842.6317517348,REPD/model battery → 1C/0.5C/0.25C proportional,
2027,hydrogen_battery,external,0.00965567850452851,5793.407102717106,REPD/model battery → 1C/0.5C/0.25C proportional,
2027,0.5c_battery,external,36.73633632603594,12857717.714112578,REPD/model battery → 1C/0.5C/0.25C proportional,
2027,1c_battery,external,1.1172851680667875,368704.1054620399,REPD/model battery → 1C/0.5C/0.25C proportional,
2027,0.25c_battery,external,4.46914067226715,1854693.3789908672,REPD/model battery → 1C/0.5C/0.25C proportional,
2027,hydrogen_battery,external,0.01117285168066786,6703.711008400716,REPD/model battery → 1C/0.5C/0.25C proportional,
2027,0.5c_battery,external,72.31459487991556,25310108.207970448,REPD/model battery → 1C/0.5C/0.25C proportional,
2027,1c_battery,external,2.1993489926981633,725785.1675903939,REPD/model battery → 1C/0.5C/0.25C proportional,
2027,0.25c_battery,external,8.797395970792653,3650919.327878951,REPD/model battery → 1C/0.5C/0.25C proportional,
2027,hydrogen_battery,external,0.021993489926981608,13196.093956188965,REPD/model battery → 1C/0.5C/0.25C proportional,
2027,0.5c_battery,external,44.44701929204565,15556456.752215978,REPD/model battery → 1C/0.5C/0.25C proportional,
2027,1c_battery,external,1.351794990633993,446092.3469092177,REPD/model battery → 1C/0.5C/0.25C proportional,
2027,0.25c_battery,external,5.407179962535972,2243979.6844524285,REPD/model battery → 1C/0.5C/0.25C proportional,
2027,hydrogen_battery,external,0.013517949906339912,8110.769943803947,REPD/model battery → 1C/0.5C/0.25C proportional,
2027,0.5c_battery,external,50.620216415940874,17717075.745579306,REPD/model battery → 1C/0.5C/0.25C proportional,
2027,1c_battery,external,1.539544294888714,508049.6173132756,REPD/model battery → 1C/0.5C/0.25C proportional,
2027,0.25c_battery,external,6.158177179554856,2555643.529515265,REPD/model battery → 1C/0.5C/0.25C proportional,
2027,hydrogen_battery,external,0.01539544294888712,9237.265769332273,REPD/model battery → 1C/0.5C/0.25C proportional,
2027,0.5c_battery,external,33.81780365914914,11836231.2807022,REPD/model battery → 1C/0.5C/0.25C proportional,
2027,1c_battery,external,1.0285220090982108,339412.26300240954,REPD/model battery → 1C/0.5C/0.25C proportional,
2027,0.25c_battery,external,4.114088036392843,1707346.5351030298,REPD/model battery → 1C/0.5C/0.25C proportional,
2027,hydrogen_battery,external,0.010285220090982093,6171.132054589256,REPD/model battery → 1C/0.5C/0.25C proportional,
2027,0.5c_battery,external,36.08498284507785,12629743.99577725,REPD/model battery → 1C/0.5C/0.25C proportional,
2027,1c_battery,external,1.0974751473563833,362166.7986276065,REPD/model battery → 1C/0.5C/0.25C proportional,
2027,0.25c_battery,external,4.389900589425533,1821808.7446115962,REPD/model battery → 1C/0.5C/0.25C proportional,
2027,hydrogen_battery,external,0.010974751473563816,6584.85088413829,REPD/model battery → 1C/0.5C/0.25C proportional,
2027,0.5c_battery,external,149.17126344766427,52209942.206682496,REPD/model battery → 1C/0.5C/0.25C proportional,
2027,1c_battery,external,4.53683891264186,1497156.841171814,REPD/model battery → 1C/0.5C/0.25C proportional,
2027,0.25c_battery,external,18.14735565056744,7531152.594985488,REPD/model battery → 1C/0.5C/0.25C proportional,
2027,hydrogen_battery,external,0.045368389126418544,27221.033475851127,REPD/model battery → 1C/0.5C/0.25C proportional,
2027,0.5c_battery,external,121.48851939825813,42520981.78939035,REPD/model battery → 1C/0.5C/0.25C proportional,
2027,1c_battery,external,3.6949063077329134,1219319.0815518615,REPD/model battery → 1C/0.5C/0.25C proportional,
2027,0.25c_battery,external,14.779625230931654,6133544.470836637,REPD/model battery → 1C/0.5C/0.25C proportional,
2027,hydrogen_battery,external,0.036949063077329085,22169.43784639745,REPD/model battery → 1C/0.5C/0.25C proportional,
2027,0.5c_battery,external,71.20206265099375,24920721.927847814,REPD/model battery → 1C/0.5C/0.25C proportional,
2027,1c_battery,external,2.1655128543489597,714619.2419351568,REPD/model battery → 1C/0.5C/0.25C proportional,
2027,0.25c_battery,external,8.662051417395839,3594751.338219273,REPD/model battery → 1C/0.5C/0.25C proportional,
2027,hydrogen_battery,external,0.02165512854348957,12993.077126093742,REPD/model battery → 1C/0.5C/0.25C proportional,
2027,0.5c_battery,external,67.41242655331916,23594349.293661706,REPD/model battery → 1C/0.5C/0.25C proportional,
2027,1c_battery,external,2.0502562820352557,676584.5730716344,REPD/model battery → 1C/0.5C/0.25C proportional,
2027,0.25c_battery,external,8.201025128141023,3403425.4281785246,REPD/model battery → 1C/0.5C/0.25C proportional,
2027,hydrogen_battery,external,0.02050256282035253,12301.53769221152,REPD/model battery → 1C/0.5C/0.25C proportional,
2027,0.5c_battery,external,142.40412530198753,49841443.855695635,REPD/model battery → 1C/0.5C/0.25C proportional,
2027,1c_battery,external,4.33102570869792,1429238.4838703137,REPD/model battery → 1C/0.5C/0.25C proportional,
2027,0.25c_battery,external,17.32410283479168,7189502.676438548,REPD/model battery → 1C/0.5C/0.25C proportional,
2027,hydrogen_battery,external,0.043310257086979144,25986.154252187487,REPD/model battery → 1C/0.5C/0.25C proportional,
2027,0.5c_battery,external,8.932979367518977,3126542.778631642,REPD/model battery → 1C/0.5C/0.25C proportional,
2027,1c_battery,external,0.2716842873333024,89655.8148199898,REPD/model battery → 1C/0.5C/0.25C proportional,
2027,0.25c_battery,external,1.0867371493332096,450995.916973282,REPD/model battery → 1C/0.5C/0.25C proportional,
2027,hydrogen_battery,external,0.0027168428733330206,1630.1057239998124,REPD/model battery → 1C/0.5C/0.25C proportional,
2027,0.5c_battery,external,27.998028055393725,9799309.819387803,REPD/model battery → 1C/0.5C/0.25C proportional,
2027,1c_battery,external,0.8515215345314397,281002.1063953751,REPD/model battery → 1C/0.5C/0.25C proportional,
2027,0.25c_battery,external,3.406086138125759,1413525.74732219,REPD/model battery → 1C/0.5C/0.25C proportional,
2027,hydrogen_battery,external,0.008515215345314386,5109.129207188632,REPD/model battery → 1C/0.5C/0.25C proportional,
2027,0.5c_battery,external,67.64913714572744,23677198.001004603,REPD/model battery → 1C/0.5C/0.25C proportional,
2027,1c_battery,external,2.057455509298281,678960.3180684327,REPD/model battery → 1C/0.5C/0.25C proportional,
2027,0.25c_battery,external,8.229822037193124,3415376.1454351465,REPD/model battery → 1C/0.5C/0.25C proportional,
2027,hydrogen_battery,external,0.02057455509298278,12344.733055789668,REPD/model battery → 1C/0.5C/0.25C proportional,
2027,0.5c_battery,external,142.40412530198753,49841443.855695635,REPD/model battery → 1C/0.5C/0.25C proportional,
2027,1c_battery,external,4.331025708697919,1429238.4838703135,REPD/model battery → 1C/0.5C/0.25C proportional,
2027,0.25c_battery,external,17.324102834791677,7189502.676438546,REPD/model battery → 1C/0.5C/0.25C proportional,
2027,hydrogen_battery,external,0.043310257086979144,25986.154252187487,REPD/model battery → 1C/0.5C/0.25C proportional,
2027,0.5c_battery,external,126.99148369155898,44447019.292045645,REPD/model battery → 1C/0.5C/0.25C proportional,
2027,1c_battery,external,3.8622714018114066,1274549.5625977642,REPD/model battery → 1C/0.5C/0.25C proportional,
2027,0.25c_battery,external,15.449085607245626,6411370.527006935,REPD/model battery → 1C/0.5C/0.25C proportional,
2027,hydrogen_battery,external,0.03862271401811401,23173.62841086841,REPD/model battery → 1C/0.5C/0.25C proportional,
2027,0.5c_battery,external,41.105138142267776,14386798.349793721,REPD/model battery → 1C/0.5C/0.25C proportional,
2027,1c_battery,external,1.250156269533692,412551.5689461184,REPD/model battery → 1C/0.5C/0.25C proportional,
2027,0.25c_battery,external,5.000625078134768,2075259.4074259289,REPD/model battery → 1C/0.5C/0.25C proportional,
2027,hydrogen_battery,external,0.012501562695336907,7500.937617202144,REPD/model battery → 1C/0.5C/0.25C proportional,
2027,0.5c_battery,external,190.48722553733847,66670528.938068464,REPD/model battery → 1C/0.5C/0.25C proportional,
2027,1c_battery,external,5.793407102717111,1911824.3438966465,REPD/model battery → 1C/0.5C/0.25C proportional,
2027,0.25c_battery,external,23.173628410868442,9617055.790510403,REPD/model battery → 1C/0.5C/0.25C proportional,
2027,hydrogen_battery,external,0.05793407102717104,34760.44261630262,REPD/model battery → 1C/0.5C/0.25C proportional,
2027,0.5c_battery,external,368.0995623851296,128834846.83479537,REPD/model battery → 1C/0.5C/0.25C proportional,
2027,1c_battery,external,11.195242164997865,3694429.9144492955,REPD/model battery → 1C/0.5C/0.25C proportional,
2027,0.25c_battery,external,44.78096865999146,18584101.993896455,REPD/model battery → 1C/0.5C/0.25C proportional,
2027,hydrogen_battery,external,0.11195242164997851,67171.45298998711,REPD/model battery → 1C/0.5C/0.25C proportional,
2027,0.5c_battery,external,75.09231072656644,26282308.754298255,REPD/model battery → 1C/0.5C/0.25C proportional,
2027,1c_battery,external,2.2838294016595646,753663.7025476564,REPD/model battery → 1C/0.5C/0.25C proportional,
2027,0.25c_battery,external,9.135317606638258,3791156.8067548773,REPD/model battery → 1C/0.5C/0.25C proportional,
2027,hydrogen_battery,external,0.022838294016595616,13702.97640995737,REPD/model battery → 1C/0.5C/0.25C proportional,
2027,0.5c_battery,external,71.8836589267536,25159280.624363758,REPD/model battery → 1C/0.5C/0.25C proportional,
2027,1c_battery,external,2.1862426680886142,721460.0804692426,REPD/model battery → 1C/0.5C/0.25C proportional,
2027,0.25c_battery,external,8.744970672354457,3629162.8290270995,REPD/model battery → 1C/0.5C/0.25C proportional,
2027,hydrogen_battery,external,0.02186242668088612,13117.456008531672,REPD/model battery → 1C/0.5C/0.25C proportional,
2027,0.5c_battery,external,36.30487824583515,12706707.386042302,REPD/model battery → 1C/0.5C/0.25C proportional,
2027,1c_battery,external,1.1041629636811183,364373.778014769,REPD/model battery → 1C/0.5C/0.25C proportional,
2027,0.25c_battery,external,4.416651854724473,1832910.5197106565,REPD/model battery → 1C/0.5C/0.25C proportional,
2027,hydrogen_battery,external,0.01104162963681117,6624.977782086702,REPD/model battery → 1C/0.5C/0.25C proportional,
2027,0.5c_battery,external,25.398296738311792,8889403.858409127,REPD/model battery → 1C/0.5C/0.25C proportional,
2027,1c_battery,external,0.7724542803622813,254909.9125195528,REPD/model battery → 1C/0.5C/0.25C proportional,
2027,0.25c_battery,external,3.089817121449125,1282274.105401387,REPD/model battery → 1C/0.5C/0.25C proportional,
2027,hydrogen_battery,external,0.007724542803622804,4634.725682173682,REPD/model battery → 1C/0.5C/0.25C proportional,
2027,0.5c_battery,external,268.50827420579566,93977895.97202848,REPD/model battery → 1C/0.5C/0.25C proportional,
2027,1c_battery,external,8.166310042755349,2694882.314109265,REPD/model battery → 1C/0.5C/0.25C proportional,
2027,0.25c_battery,external,32.665240171021395,13556074.670973878,REPD/model battery → 1C/0.5C/0.25C proportional,
2027,hydrogen_battery,external,0.08166310042755338,48997.86025653203,REPD/model battery → 1C/0.5C/0.25C proportional,
2027,0.5c_battery,external,153.96010522820725,53886036.82987254,REPD/model battery → 1C/0.5C/0.25C proportional,
2027,1c_battery,external,4.682484952196088,1545220.034224709,REPD/model battery → 1C/0.5C/0.25C proportional,
2027,0.25c_battery,external,18.72993980878435,7772925.020645506,REPD/model battery → 1C/0.5C/0.25C proportional,
2027,hydrogen_battery,external,0.04682484952196082,28094.90971317649,REPD/model battery → 1C/0.5C/0.25C proportional,
2027,0.5c_battery,external,41.10513814226778,14386798.349793725,REPD/model battery → 1C/0.5C/0.25C proportional,
2027,1c_battery,external,1.2501562695336925,412551.5689461185,REPD/model battery → 1C/0.5C/0.25C proportional,
2027,0.25c_battery,external,5.00062507813477,2075259.4074259296,REPD/model battery → 1C/0.5C/0.25C proportional,
2027,hydrogen_battery,external,0.01250156269533691,7500.937617202147,REPD/model battery → 1C/0.5C/0.25C proportional,
2027,0.5c_battery,external,13.529827429145486,4735439.60020092,REPD/model battery → 1C/0.5C/0.25C proportional,
2027,1c_battery,external,0.4114911018596562,135792.06361368654,REPD/model battery → 1C/0.5C/0.25C proportional,
2027,0.25c_battery,external,1.6459644074386248,683075.2290870294,REPD/model battery → 1C/0.5C/0.25C proportional,
2027,hydrogen_battery,external,0.004114911018596557,2468.9466111579345,REPD/model battery → 1C/0.5C/0.25C proportional,
2027,0.5c_battery,external,36.73633632603594,12857717.714112578,REPD/model battery → 1C/0.5C/0.25C proportional,
2027,1c_battery,external,1.117285168066787,368704.1054620397,REPD/model battery → 1C/0.5C/0.25C proportional,
2027,0.25c_battery,external,4.469140672267148,1854693.3789908665,REPD/model battery → 1C/0.5C/0.25C proportional,
2027,hydrogen_battery,external,0.011172851680667858,6703.7110084007145,REPD/model battery → 1C/0.5C/0.25C proportional,
2027,0.5c_battery,external,30.79202104564145,10777207.365974508,REPD/model battery → 1C/0.5C/0.25C proportional,
2027,1c_battery,external,0.9364969904392173,309044.0068449417,REPD/model battery → 1C/0.5C/0.25C proportional,
2027,0.25c_battery,external,3.745987961756869,1554585.0041291008,REPD/model battery → 1C/0.5C/0.25C proportional,
2027,hydrogen_battery,external,0.009364969904392163,5618.981942635298,REPD/model battery → 1C/0.5C/0.25C proportional,
2027,0.5c_battery,external,252.98197568813745,88543691.49084811,REPD/model battery → 1C/0.5C/0.25C proportional,
2027,1c_battery,external,7.694099017279123,2539052.6757021104,REPD/model battery → 1C/0.5C/0.25C proportional,
2027,0.25c_battery,external,30.77639606911649,12772204.368683344,REPD/model battery → 1C/0.5C/0.25C proportional,
2027,hydrogen_battery,external,0.07694099017279114,46164.59410367469,REPD/model battery → 1C/0.5C/0.25C proportional,
2027,0.5c_battery,external,63.49574184577951,22223509.64602283,REPD/model battery → 1C/0.5C/0.25C proportional,
2027,1c_battery,external,1.9311357009057035,637274.7812988822,REPD/model battery → 1C/0.5C/0.25C proportional,
2027,0.25c_battery,external,7.724542803622814,3205685.2635034677,REPD/model battery → 1C/0.5C/0.25C proportional,
2027,hydrogen_battery,external,0.019311357009057013,11586.814205434208,REPD/model battery → 1C/0.5C/0.25C proportional,
2027,0.5c_battery,external,50.62021641594089,17717075.74557931,REPD/model battery → 1C/0.5C/0.25C proportional,
2027,1c_battery,external,1.539544294888714,508049.6173132756,REPD/model battery → 1C/0.5C/0.25C proportional,
2027,0.25c_battery,external,6.158177179554856,2555643.529515265,REPD/model battery → 1C/0.5C/0.25C proportional,
2027,hydrogen_battery,external,0.015395442948887119,9237.26576933227,REPD/model battery → 1C/0.5C/0.25C proportional,
2027,0.5c_battery,external,2.7975566741269846,979144.8359444446,REPD/model battery → 1C/0.5C/0.25C proportional,
2027,1c_battery,external,0.08508384045398375,28077.667349814637,REPD/model battery → 1C/0.5C/0.25C proportional,
2027,0.25c_battery,external,0.340335361815935,141239.17515361303,REPD/model battery → 1C/0.5C/0.25C proportional,
2027,hydrogen_battery,external,0.0008508384045398364,510.50304272390184,REPD/model battery → 1C/0.5C/0.25C proportional,
2027,0.5c_battery,external,72.18062257782223,25263217.90223778,REPD/model battery → 1C/0.5C/0.25C proportional,
2027,1c_battery,external,2.195274409301163,724440.5550693838,REPD/model battery → 1C/0.5C/0.25C proportional,
2027,0.25c_battery,external,8.781097637204653,3644155.519439931,REPD/model battery → 1C/0.5C/0.25C proportional,
2027,hydrogen_battery,external,0.02195274409301161,13171.646455806966,REPD/model battery → 1C/0.5C/0.25C proportional,
2027,0.5c_battery,external,152.3897804298708,53336423.15045478,REPD/model battery → 1C/0.5C/0.25C proportional,
2027,1c_battery,external,4.634725682173688,1529459.475117317,REPD/model battery → 1C/0.5C/0.25C proportional,
2027,0.25c_battery,external,18.53890272869475,7693644.632408322,REPD/model battery → 1C/0.5C/0.25C proportional,
2027,hydrogen_battery,external,0.04634725682173682,27808.354093042093,REPD/model battery → 1C/0.5C/0.25C proportional,
2027,0.5c_battery,external,142.92766988030363,50024684.45810627,REPD/model battery → 1C/0.5C/0.25C proportional,
2027,1c_battery,external,4.346948597332838,1434493.0371198365,REPD/model battery → 1C/0.5C/0.25C proportional,
2027,0.25c_battery,external,17.38779438933135,7215934.67157251,REPD/model battery → 1C/0.5C/0.25C proportional,
2027,hydrogen_battery,external,0.04346948597332832,26081.691583996995,REPD/model battery → 1C/0.5C/0.25C proportional,
2027,0.5c_battery,external,190.4872255373385,66670528.93806848,REPD/model battery → 1C/0.5C/0.25C proportional,
2027,1c_battery,external,5.79340710271711,1911824.3438966463,REPD/model battery → 1C/0.5C/0.25C proportional,
2027,0.25c_battery,external,23.17362841086844,9617055.790510403,REPD/model battery → 1C/0.5C/0.25C proportional,
2027,hydrogen_battery,external,0.05793407102717103,34760.44261630262,REPD/model battery → 1C/0.5C/0.25C proportional,
2027,0.5c_battery,external,170.884950362385,59809732.62683476,REPD/model battery → 1C/0.5C/0.25C proportional,
2027,1c_battery,external,5.197230850437502,1715086.1806443757,REPD/model battery → 1C/0.5C/0.25C proportional,
2027,0.25c_battery,external,20.788923401750008,8627403.211726254,REPD/model battery → 1C/0.5C/0.25C proportional,
2027,hydrogen_battery,external,0.05197230850437497,31183.38510262498,REPD/model battery → 1C/0.5C/0.25C proportional,
2027,0.5c_battery,external,43.38875692794933,15186064.924782265,REPD/model battery → 1C/0.5C/0.25C proportional,
2027,1c_battery,external,1.3196093956188975,435471.10055423615,REPD/model battery → 1C/0.5C/0.25C proportional,
2027,0.25c_battery,external,5.27843758247559,2190551.59672737,REPD/model battery → 1C/0.5C/0.25C proportional,
2027,hydrogen_battery,external,0.01319609395618896,7917.6563737133765,REPD/model battery → 1C/0.5C/0.25C proportional,
2027,0.5c_battery,external,115.09438679834982,40283035.37942243,REPD/model battery → 1C/0.5C/0.25C proportional,
2027,1c_battery,external,3.500437554694339,1155144.3930491318,REPD/model battery → 1C/0.5C/0.25C proportional,
2027,0.25c_battery,external,14.001750218777357,5810726.340792603,REPD/model battery → 1C/0.5C/0.25C proportional,
2027,hydrogen_battery,external,0.035004375546943356,21002.625328166014,REPD/model battery → 1C/0.5C/0.25C proportional,
2027,0.5c_battery,external,285.8553397606073,100049368.91621256,REPD/model battery → 1C/0.5C/0.25C proportional,
2027,1c_battery,external,8.693897194665675,2868986.074239673,REPD/model battery → 1C/0.5C/0.25C proportional,
2027,0.25c_battery,external,34.7755887786627,14431869.34314502,REPD/model battery → 1C/0.5C/0.25C proportional,
2027,hydrogen_battery,external,0.08693897194665667,52163.383167994005,REPD/model battery → 1C/0.5C/0.25C proportional,
2027,0.5c_battery,external,36.15729743995777,12655054.10398522,REPD/model battery → 1C/0.5C/0.25C proportional,
2027,1c_battery,external,1.0996744963490812,362892.5837951968,REPD/model battery → 1C/0.5C/0.25C proportional,
2027,0.25c_battery,external,4.398697985396325,1825459.6639394748,REPD/model battery → 1C/0.5C/0.25C proportional,
2027,hydrogen_battery,external,0.0109967449634908,6598.04697809448,REPD/model battery → 1C/0.5C/0.25C proportional,
2027,0.5c_battery,external,63.397786965257325,22189225.437840063,REPD/model battery → 1C/0.5C/0.25C proportional,
2027,1c_battery,external,1.92815653787279,636291.6574980207,REPD/model battery → 1C/0.5C/0.25C proportional,
2027,0.25c_battery,external,7.71262615149116,3200739.8528688317,REPD/model battery → 1C/0.5C/0.25C proportional,
2027,hydrogen_battery,external,0.019281565378727883,11568.93922723673,REPD/model battery → 1C/0.5C/0.25C proportional,
2027,0.5c_battery,external,726.097564916703,254134147.72084606,REPD/model battery → 1C/0.5C/0.25C proportional,
2027,1c_battery,external,22.083259273622364,7287475.56029538,REPD/model battery → 1C/0.5C/0.25C proportional,
2027,0.25c_battery,external,88.33303709448946,36658210.394213125,REPD/model battery → 1C/0.5C/0.25C proportional,
2027,hydrogen_battery,external,0.22083259273622338,132499.55564173404,REPD/model battery → 1C/0.5C/0.25C proportional,
2027,0.5c_battery,external,145.21951298334062,50826829.54416922,REPD/model battery → 1C/0.5C/0.25C proportional,
2027,1c_battery,external,4.416651854724473,1457495.112059076,REPD/model battery → 1C/0.5C/0.25C proportional,
2027,0.25c_battery,external,17.666607418897893,7331642.078842626,REPD/model battery → 1C/0.5C/0.25C proportional,
2027,hydrogen_battery,external,0.04416651854724468,26499.91112834681,REPD/model battery → 1C/0.5C/0.25C proportional,
2027,0.5c_battery,external,36.73633632603594,12857717.714112578,REPD/model battery → 1C/0.5C/0.25C proportional,
2027,1c_battery,external,1.1172851680667868,368704.10546203965,REPD/model battery → 1C/0.5C/0.25C proportional,
2027,0.25c_battery,external,4.469140672267147,1854693.378990866,REPD/model battery → 1C/0.5C/0.25C proportional,
2027,hydrogen_battery,external,0.011172851680667856,6703.711008400714,REPD/model battery → 1C/0.5C/0.25C proportional,
2027,0.5c_battery,external,144.45281269914838,50558484.44470193,REPD/model battery → 1C/0.5C/0.25C proportional,
2027,1c_battery,external,4.393333719560475,1449800.1274549568,REPD/model battery → 1C/0.5C/0.25C proportional,
2027,0.25c_battery,external,17.5733348782419,7292933.974470389,REPD/model battery → 1C/0.5C/0.25C proportional,
2027,hydrogen_battery,external,0.04393333719560471,26360.002317362825,REPD/model battery → 1C/0.5C/0.25C proportional,
2027,0.5c_battery,external,216.9437846397466,75930324.6239113,REPD/model battery → 1C/0.5C/0.25C proportional,
2027,1c_battery,external,6.598046978094485,2177355.50277118,REPD/model battery → 1C/0.5C/0.25C proportional,
2027,0.25c_battery,external,26.39218791237794,10952757.983636845,REPD/model battery → 1C/0.5C/0.25C proportional,
2027,hydrogen_battery,external,0.06598046978094478,39588.28186856687,REPD/model battery → 1C/0.5C/0.25C proportional,
2027,0.5c_battery,external,38.560008173064645,13496002.860572625,REPD/model battery → 1C/0.5C/0.25C proportional,
2027,1c_battery,external,1.17274964030002,387007.3812990066,REPD/model battery → 1C/0.5C/0.25C proportional,
2027,0.25c_battery,external,4.69099856120008,1946764.4028980331,REPD/model battery → 1C/0.5C/0.25C proportional,
2027,hydrogen_battery,external,0.011727496403000186,7036.497841800111,REPD/model battery → 1C/0.5C/0.25C proportional,
2027,0.5c_battery,external,16.442055256907114,5754719.33991749,REPD/model battery → 1C/0.5C/0.25C proportional,
2027,1c_battery,external,0.5000625078134768,165020.62757844734,REPD/model battery → 1C/0.5C/0.25C proportional,
2027,0.25c_battery,external,2.0002500312539073,830103.7629703715,REPD/model battery → 1C/0.5C/0.25C proportional,
2027,hydrogen_battery,external,0.005000625078134763,3000.375046880858,REPD/model battery → 1C/0.5C/0.25C proportional,
2027,0.5c_battery,external,72.24228028503563,25284798.099762473,REPD/model battery → 1C/0.5C/0.25C proportional,
2027,1c_battery,external,2.197149643705464,725059.3824228031,REPD/model battery → 1C/0.5C/0.25C proportional,
2027,0.25c_battery,external,8.788598574821856,3647268.4085510704,REPD/model battery → 1C/0.5C/0.25C proportional,
2027,hydrogen_battery,external,0.02197149643705461,13182.897862232767,REPD/model battery → 1C/0.5C/0.25C proportional,
2027,0.5c_battery,external,76.98005261410363,26943018.41493627,REPD/model battery → 1C/0.5C/0.25C proportional,
2027,1c_battery,external,2.341242476098043,772610.0171123542,REPD/model battery → 1C/0.5C/0.25C proportional,
2027,0.25c_battery,external,9.364969904392172,3886462.5103227515,REPD/model battery → 1C/0.5C/0.25C proportional,
2027,hydrogen_battery,external,0.023412424760980398,14047.454856588238,REPD/model battery → 1C/0.5C/0.25C proportional,
2027,0.5c_battery,external,712.0206265099376,249207219.27847818,REPD/model battery → 1C/0.5C/0.25C proportional,
2027,1c_battery,external,21.65512854348959,7146192.419351565,REPD/model battery → 1C/0.5C/0.25C proportional,
2027,0.25c_battery,external,86.62051417395836,35947513.382192716,REPD/model battery → 1C/0.5C/0.25C proportional,
2027,hydrogen_battery,external,0.21655128543489566,129930.7712609374,REPD/model battery → 1C/0.5C/0.25C proportional,
2027,0.5c_battery,external,43.38875692794933,15186064.924782265,REPD/model battery → 1C/0.5C/0.25C proportional,
2027,1c_battery,external,1.3196093956188968,435471.1005542359,REPD/model battery → 1C/0.5C/0.25C proportional,
2027,0.25c_battery,external,5.278437582475587,2190551.596727369,REPD/model battery → 1C/0.5C/0.25C proportional,
2027,hydrogen_battery,external,0.013196093956188955,7917.656373713373,REPD/model battery → 1C/0.5C/0.25C proportional,
2027,0.5c_battery,external,380.974451074677,133341057.87613696,REPD/model battery → 1C/0.5C/0.25C proportional,
2027,1c_battery,external,11.586814205434218,3823648.6877932916,REPD/model battery → 1C/0.5C/0.25C proportional,
2027,0.25c_battery,external,46.34725682173687,19234111.581020802,REPD/model battery → 1C/0.5C/0.25C proportional,
2027,hydrogen_battery,external,0.11586814205434205,69520.88523260523,REPD/model battery → 1C/0.5C/0.25C proportional,
2027,0.5c_battery,external,18.512536289258378,6479387.701240432,REPD/model battery → 1C/0.5C/0.25C proportional,
2027,1c_battery,external,0.5630333421307293,185801.00290314067,REPD/model battery → 1C/0.5C/0.25C proportional,
2027,0.25c_battery,external,2.2521333685229172,934635.3479370107,REPD/model battery → 1C/0.5C/0.25C proportional,
2027,hydrogen_battery,external,0.005630333421307288,3378.200052784373,REPD/model battery → 1C/0.5C/0.25C proportional,
2027,0.5c_battery,external,36.73633632603594,12857717.714112578,REPD/model battery → 1C/0.5C/0.25C proportional,
2027,1c_battery,external,1.1172851680667868,368704.10546203965,REPD/model battery → 1C/0.5C/0.25C proportional,
2027,0.25c_battery,external,4.469140672267147,1854693.378990866,REPD/model battery → 1C/0.5C/0.25C proportional,
2027,hydrogen_battery,external,0.011172851680667855,6703.711008400713,REPD/model battery → 1C/0.5C/0.25C proportional,
2027,0.5c_battery,external,179.00551613719713,62651930.64801899,REPD/model battery → 1C/0.5C/0.25C proportional,
2027,1c_battery,external,5.444206695170229,1796588.2094061757,REPD/model battery → 1C/0.5C/0.25C proportional,
2027,0.25c_battery,external,21.776826780680917,9037383.11398258,REPD/model battery → 1C/0.5C/0.25C proportional,
2027,hydrogen_battery,external,0.054442066951702235,32665.24017102134,REPD/model battery → 1C/0.5C/0.25C proportional,
2027,0.5c_battery,external,147.35804239680905,51575314.83888317,REPD/model battery → 1C/0.5C/0.25C proportional,
2027,1c_battery,external,4.481692287007575,1478958.4547124996,REPD/model battery → 1C/0.5C/0.25C proportional,
2027,0.25c_battery,external,17.9267691480303,7439609.196432575,REPD/model battery → 1C/0.5C/0.25C proportional,
2027,hydrogen_battery,external,0.0448169228700757,26890.15372204542,REPD/model battery → 1C/0.5C/0.25C proportional,
2027,0.5c_battery,external,51.575314838883166,18051360.193609107,REPD/model battery → 1C/0.5C/0.25C proportional,
2027,1c_battery,external,1.5685923004526512,517635.4591493749,REPD/model battery → 1C/0.5C/0.25C proportional,
2027,0.25c_battery,external,6.274369201810605,2603863.218751401,REPD/model battery → 1C/0.5C/0.25C proportional,
2027,hydrogen_battery,external,0.015685923004526498,9411.553802715898,REPD/model battery → 1C/0.5C/0.25C proportional,
2027,0.5c_battery,external,36.73633632603594,12857717.714112578,REPD/model battery → 1C/0.5C/0.25C proportional,
2027,1c_battery,external,1.1172851680667863,368704.1054620395,REPD/model battery → 1C/0.5C/0.25C proportional,
2027,0.25c_battery,external,4.469140672267145,1854693.3789908653,REPD/model battery → 1C/0.5C/0.25C proportional,
2027,hydrogen_battery,external,0.011172851680667856,6703.711008400714,REPD/model battery → 1C/0.5C/0.25C proportional,
2027,0.5c_battery,external,66.03557151961068,23112450.031863738,REPD/model battery → 1C/0.5C/0.25C proportional,
2027,1c_battery,external,2.00838112894193,662765.7725508369,REPD/model battery → 1C/0.5C/0.25C proportional,
2027,0.25c_battery,external,8.03352451576772,3333912.6740436037,REPD/model battery → 1C/0.5C/0.25C proportional,
2027,hydrogen_battery,external,0.020083811289419287,12050.286773651573,REPD/model battery → 1C/0.5C/0.25C proportional,
2027,0.5c_battery,external,36.07375711374271,12625814.989809947,REPD/model battery → 1C/0.5C/0.25C proportional,
2027,1c_battery,external,1.09713373216979,362054.1316160307,REPD/model battery → 1C/0.5C/0.25C proportional,
2027,0.25c_battery,external,4.38853492867916,1821241.9954018514,REPD/model battery → 1C/0.5C/0.25C proportional,
2027,hydrogen_battery,external,0.010971337321697893,6582.802393018736,REPD/model battery → 1C/0.5C/0.25C proportional,
2027,0.5c_battery,external,36.80995623851297,12883484.683479538,REPD/model battery → 1C/0.5C/0.25C proportional,
2027,1c_battery,external,1.1195242164997858,369442.9914449293,REPD/model battery → 1C/0.5C/0.25C proportional,
2027,0.25c_battery,external,4.478096865999143,1858410.1993896444,REPD/model battery → 1C/0.5C/0.25C proportional,
2027,hydrogen_battery,external,0.01119524216499785,6717.14529899871,REPD/model battery → 1C/0.5C/0.25C proportional,
2027,0.5c_battery,external,15.85789083850535,5550261.793476872,REPD/model battery → 1C/0.5C/0.25C proportional,
2027,1c_battery,external,0.4822959500761966,159157.66352514486,REPD/model battery → 1C/0.5C/0.25C proportional,
2027,0.25c_battery,external,1.9291838003047863,800611.2771264863,REPD/model battery → 1C/0.5C/0.25C proportional,
2027,hydrogen_battery,external,0.004822959500761962,2893.775700457177,REPD/model battery → 1C/0.5C/0.25C proportional,
2027,0.5c_battery,external,7.146383494015183,2501234.222905314,REPD/model battery → 1C/0.5C/0.25C proportional,
2027,1c_battery,external,0.21734742986664177,71724.65185599179,REPD/model battery → 1C/0.5C/0.25C proportional,
2027,0.25c_battery,external,0.8693897194665671,360796.7335786253,REPD/model battery → 1C/0.5C/0.25C proportional,
2027,hydrogen_battery,external,0.002173474298666416,1304.0845791998497,REPD/model battery → 1C/0.5C/0.25C proportional,
2027,0.5c_battery,external,10.719575241022772,3751851.3343579704,REPD/model battery → 1C/0.5C/0.25C proportional,
2027,1c_battery,external,0.3260211447999626,107586.97778398765,REPD/model battery → 1C/0.5C/0.25C proportional,
2027,0.25c_battery,external,1.3040845791998503,541195.1003679379,REPD/model battery → 1C/0.5C/0.25C proportional,
2027,hydrogen_battery,external,0.0032602114479996238,1956.1268687997742,REPD/model battery → 1C/0.5C/0.25C proportional,
2027,0.5c_battery,external,0.9524361276866926,333352.6446903424,REPD/model battery → 1C/0.5C/0.25C proportional,
2027,1c_battery,external,0.02896703551358553,9559.121719483224,REPD/model battery → 1C/0.5C/0.25C proportional,
2027,0.25c_battery,external,0.11586814205434212,48085.278952551984,REPD/model battery → 1C/0.5C/0.25C proportional,
2027,hydrogen_battery,external,0.00028967035513585514,173.8022130815131,REPD/model battery → 1C/0.5C/0.25C proportional,
2027,0.5c_battery,external,348.5268311600174,121984390.9060061,REPD/model battery → 1C/0.5C/0.25C proportional,
2027,1c_battery,external,10.599964451338726,3497988.2689417796,REPD/model battery → 1C/0.5C/0.25C proportional,
2027,0.25c_battery,external,42.399857805354905,17595940.989222284,REPD/model battery → 1C/0.5C/0.25C proportional,
2027,hydrogen_battery,external,0.1059996445133872,63599.78670803232,REPD/model battery → 1C/0.5C/0.25C proportional,
2027,0.5c_battery,external,72.31459487991557,25310108.20797045,REPD/model battery → 1C/0.5C/0.25C proportional,
2027,1c_battery,external,2.1993489926981615,725785.1675903933,REPD/model battery → 1C/0.5C/0.25C proportional,
2027,0.25c_battery,external,8.797395970792646,3650919.3278789483,REPD/model battery → 1C/0.5C/0.25C proportional,
2027,hydrogen_battery,external,0.0219934899269816,13196.09395618896,REPD/model battery → 1C/0.5C/0.25C proportional,
2027,0.5c_battery,external,76.98005261410364,26943018.414936274,REPD/model battery → 1C/0.5C/0.25C proportional,
2027,1c_battery,external,2.341242476098042,772610.0171123539,REPD/model battery → 1C/0.5C/0.25C proportional,
2027,0.25c_battery,external,9.364969904392169,3886462.51032275,REPD/model battery → 1C/0.5C/0.25C proportional,
2027,hydrogen_battery,external,0.023412424760980405,14047.454856588243,REPD/model battery → 1C/0.5C/0.25C proportional,
2027,0.5c_battery,external,4.475137903429928,1566298.266200475,REPD/model battery → 1C/0.5C/0.25C proportional,
2027,1c_battery,external,0.13610516737925568,44914.705235154375,REPD/model battery → 1C/0.5C/0.25C proportional,
2027,0.25c_battery,external,0.5444206695170227,225934.57784956443,REPD/model battery → 1C/0.5C/0.25C proportional,
2027,hydrogen_battery,external,0.0013610516737925559,816.6310042755335,REPD/model battery → 1C/0.5C/0.25C proportional,
2027,0.5c_battery,external,72.31459487991556,25310108.207970448,REPD/model battery → 1C/0.5C/0.25C proportional,
2027,1c_battery,external,2.1993489926981615,725785.1675903933,REPD/model battery → 1C/0.5C/0.25C proportional,
2027,0.25c_battery,external,8.797395970792646,3650919.3278789483,REPD/model battery → 1C/0.5C/0.25C proportional,
2027,hydrogen_battery,external,0.0219934899269816,13196.09395618896,REPD/model battery → 1C/0.5C/0.25C proportional,
2027,0.5c_battery,external,44.64843051618011,15626950.68066304,REPD/model battery → 1C/0.5C/0.25C proportional,
2027,1c_battery,external,1.3579206361368645,448113.8099251653,REPD/model battery → 1C/0.5C/0.25C proportional,
2027,0.25c_battery,external,5.431682544547458,2254148.2559871953,REPD/model battery → 1C/0.5C/0.25C proportional,
2027,hydrogen_battery,external,0.013579206361368636,8147.523816821182,REPD/model battery → 1C/0.5C/0.25C proportional,
2027,0.5c_battery,external,13.975746968371048,4891511.438929867,REPD/model battery → 1C/0.5C/0.25C proportional,
2027,1c_battery,external,0.42505313164145514,140267.5334416802,REPD/model battery → 1C/0.5C/0.25C proportional,
2027,0.25c_battery,external,1.7002125265658206,705588.1985248155,REPD/model battery → 1C/0.5C/0.25C proportional,
2027,hydrogen_battery,external,0.004250531316414549,2550.3187898487295,REPD/model battery → 1C/0.5C/0.25C proportional,
2027,0.5c_battery,external,82.21027628453557,28773596.69958745,REPD/model battery → 1C/0.5C/0.25C proportional,
2027,1c_battery,external,2.5003125390673837,825103.1378922366,REPD/model battery → 1C/0.5C/0.25C proportional,
2027,0.25c_battery,external,10.001250156269535,4150518.814851857,REPD/model battery → 1C/0.5C/0.25C proportional,
2027,hydrogen_battery,external,0.025003125390673817,15001.87523440429,REPD/model battery → 1C/0.5C/0.25C proportional,
2027,0.5c_battery,external,74.58563172383215,26104971.10334125,REPD/model battery → 1C/0.5C/0.25C proportional,
2027,1c_battery,external,2.2684194563209292,748578.4205859066,REPD/model battery → 1C/0.5C/0.25C proportional,
2027,0.25c_battery,external,9.073677825283717,3765576.2974927425,REPD/model battery → 1C/0.5C/0.25C proportional,
2027,hydrogen_battery,external,0.02268419456320927,13610.516737925562,REPD/model battery → 1C/0.5C/0.25C proportional,
2027,0.5c_battery,external,63.43224610393372,22201286.136376802,REPD/model battery → 1C/0.5C/0.25C proportional,
2027,1c_battery,external,1.929204565204797,636637.506517583,REPD/model battery → 1C/0.5C/0.25C proportional,
2027,0.25c_battery,external,7.716818260819188,3202479.5782399634,REPD/model battery → 1C/0.5C/0.25C proportional,
2027,hydrogen_battery,external,0.019292045652047955,11575.227391228773,REPD/model battery → 1C/0.5C/0.25C proportional,
2027,0.5c_battery,external,43.87862999003907,15357520.496513676,REPD/model battery → 1C/0.5C/0.25C proportional,
2027,1c_battery,external,1.3345082113758844,440387.70975404186,REPD/model battery → 1C/0.5C/0.25C proportional,
2027,0.25c_battery,external,5.3380328455035375,2215283.630883968,REPD/model battery → 1C/0.5C/0.25C proportional,
2027,hydrogen_battery,external,0.013345082113758832,8007.049268255299,REPD/model battery → 1C/0.5C/0.25C proportional,
2027,0.5c_battery,external,82.21027628453558,28773596.699587453,REPD/model battery → 1C/0.5C/0.25C proportional,
2027,1c_battery,external,2.5003125390673837,825103.1378922366,REPD/model battery → 1C/0.5C/0.25C proportional,
2027,0.25c_battery,external,10.001250156269535,4150518.814851857,REPD/model battery → 1C/0.5C/0.25C proportional,
2027,hydrogen_battery,external,0.025003125390673814,15001.875234404288,REPD/model battery → 1C/0.5C/0.25C proportional,
2027,0.5c_battery,external,35.60103132549688,12460360.963923909,REPD/model battery → 1C/0.5C/0.25C proportional,
2027,1c_battery,external,1.0827564271744794,357309.6209675782,REPD/model battery → 1C/0.5C/0.25C proportional,
2027,0.25c_battery,external,4.331025708697918,1797375.6691096358,REPD/model battery → 1C/0.5C/0.25C proportional,
2027,hydrogen_battery,external,0.010827564271744784,6496.538563046871,REPD/model battery → 1C/0.5C/0.25C proportional,
2027,0.5c_battery,external,39.460932616577075,13811326.415801976,REPD/model battery → 1C/0.5C/0.25C proportional,
2027,1c_battery,external,1.2001500187523442,396049.5061882736,REPD/model battery → 1C/0.5C/0.25C proportional,
2027,0.25c_battery,external,4.800600075009377,1992249.0311288913,REPD/model battery → 1C/0.5C/0.25C proportional,
2027,hydrogen_battery,external,0.012001500187523429,7200.900112514058,REPD/model battery → 1C/0.5C/0.25C proportional,
2027,0.5c_battery,external,132.51584245864666,46380544.86052633,REPD/model battery → 1C/0.5C/0.25C proportional,
2027,1c_battery,external,4.030287179399229,1329994.7692017457,REPD/model battery → 1C/0.5C/0.25C proportional,
2027,0.25c_battery,external,16.121148717596917,6690276.71780272,REPD/model battery → 1C/0.5C/0.25C proportional,
2027,hydrogen_battery,external,0.04030287179399226,24181.723076395356,REPD/model battery → 1C/0.5C/0.25C proportional,
2027,0.5c_battery,external,23.094015784231093,8082905.524480883,REPD/model battery → 1C/0.5C/0.25C proportional,
2027,1c_battery,external,0.702372742829413,231783.0051337063,REPD/model battery → 1C/0.5C/0.25C proportional,
2027,0.25c_battery,external,2.809490971317652,1165938.7530968254,REPD/model battery → 1C/0.5C/0.25C proportional,
2027,hydrogen_battery,external,0.007023727428294123,4214.236456976474,REPD/model battery → 1C/0.5C/0.25C proportional,
2027,0.5c_battery,external,36.73633632603594,12857717.714112578,REPD/model battery → 1C/0.5C/0.25C proportional,
2027,1c_battery,external,1.1172851680667863,368704.1054620395,REPD/model battery → 1C/0.5C/0.25C proportional,
2027,0.25c_battery,external,4.469140672267145,1854693.3789908653,REPD/model battery → 1C/0.5C/0.25C proportional,
2027,hydrogen_battery,external,0.011172851680667853,6703.711008400712,REPD/model battery → 1C/0.5C/0.25C proportional,
2027,0.5c_battery,external,162.93754366354617,57028140.28224116,REPD/model battery → 1C/0.5C/0.25C proportional,
2027,1c_battery,external,4.955521400959432,1635322.0623166126,REPD/model battery → 1C/0.5C/0.25C proportional,
2027,0.25c_battery,external,19.822085603837728,8226165.525592657,REPD/model battery → 1C/0.5C/0.25C proportional,
2027,hydrogen_battery,external,0.049555214009594284,29733.12840575657,REPD/model battery → 1C/0.5C/0.25C proportional,
2027,0.5c_battery,external,76.90307256148954,26916075.396521337,REPD/model battery → 1C/0.5C/0.25C proportional,
2027,1c_battery,external,2.3389012336219444,771837.4070952416,REPD/model battery → 1C/0.5C/0.25C proportional,
2027,0.25c_battery,external,9.355604934487777,3882576.0478124274,REPD/model battery → 1C/0.5C/0.25C proportional,
2027,hydrogen_battery,external,0.023389012336219425,14033.407401731654,REPD/model battery → 1C/0.5C/0.25C proportional,
2027,0.5c_battery,external,126.991483691559,44447019.292045645,REPD/model battery → 1C/0.5C/0.25C proportional,
2027,1c_battery,external,3.862271401811405,1274549.5625977635,REPD/model battery → 1C/0.5C/0.25C proportional,
2027,0.25c_battery,external,15.44908560724562,6411370.527006932,REPD/model battery → 1C/0.5C/0.25C proportional,
2027,hydrogen_battery,external,0.03862271401811402,23173.628410868412,REPD/model battery → 1C/0.5C/0.25C proportional,
2027,0.5c_battery,external,71.20206265099375,24920721.927847814,REPD/model battery → 1C/0.5C/0.25C proportional,
2027,1c_battery,external,2.1655128543489583,714619.2419351563,REPD/model battery → 1C/0.5C/0.25C proportional,
2027,0.25c_battery,external,8.662051417395833,3594751.338219271,REPD/model battery → 1C/0.5C/0.25C proportional,
2027,hydrogen_battery,external,0.021655128543489565,12993.077126093738,REPD/model battery → 1C/0.5C/0.25C proportional,
2027,0.5c_battery,external,357.31917470075916,125061711.14526571,REPD/model battery → 1C/0.5C/0.25C proportional,
2027,1c_battery,external,10.86737149333209,3586232.59279959,REPD/model battery → 1C/0.5C/0.25C proportional,
2027,0.25c_battery,external,43.46948597332836,18039836.67893127,REPD/model battery → 1C/0.5C/0.25C proportional,
2027,hydrogen_battery,external,0.10867371493332081,65204.22895999249,REPD/model battery → 1C/0.5C/0.25C proportional,
2027,0.5c_battery,external,726.0975649167032,254134147.72084612,REPD/model battery → 1C/0.5C/0.25C proportional,
2027,1c_battery,external,22.083259273622357,7287475.560295378,REPD/model battery → 1C/0.5C/0.25C proportional,
2027,0.25c_battery,external,88.33303709448943,36658210.39421311,REPD/model battery → 1C/0.5C/0.25C proportional,
2027,hydrogen_battery,external,0.22083259273622338,132499.55564173404,REPD/model battery → 1C/0.5C/0.25C proportional,
2027,0.5c_battery,external,142.40412530198753,49841443.855695635,REPD/model battery → 1C/0.5C/0.25C proportional,
2027,1c_battery,external,4.331025708697918,1429238.4838703128,REPD/model battery → 1C/0.5C/0.25C proportional,
2027,0.25c_battery,external,17.32410283479167,7189502.676438543,REPD/model battery → 1C/0.5C/0.25C proportional,
2027,hydrogen_battery,external,0.043310257086979144,25986.154252187487,REPD/model battery → 1C/0.5C/0.25C proportional,
2027,0.5c_battery,external,14.462918975983111,5062021.641594089,REPD/model battery → 1C/0.5C/0.25C proportional,
2027,1c_battery,external,0.4398697985396323,145157.03351807868,REPD/model battery → 1C/0.5C/0.25C proportional,
2027,0.25c_battery,external,1.7594791941585293,730183.8655757896,REPD/model battery → 1C/0.5C/0.25C proportional,
2027,hydrogen_battery,external,0.00439869798539632,2639.218791237792,REPD/model battery → 1C/0.5C/0.25C proportional,
2027,0.5c_battery,external,40.589482287436475,14206318.800602766,REPD/model battery → 1C/0.5C/0.25C proportional,
2027,1c_battery,external,1.234473305578968,407376.19084105943,REPD/model battery → 1C/0.5C/0.25C proportional,
2027,0.25c_battery,external,4.937893222315872,2049225.687261087,REPD/model battery → 1C/0.5C/0.25C proportional,
2027,hydrogen_battery,external,0.012344733055789672,7406.839833473803,REPD/model battery → 1C/0.5C/0.25C proportional,
2027,0.5c_battery,external,35.73191747007591,12506171.11452657,REPD/model battery → 1C/0.5C/0.25C proportional,
2027,1c_battery,external,1.086737149333209,358623.25927995896,REPD/model battery → 1C/0.5C/0.25C proportional,
2027,0.25c_battery,external,4.346948597332836,1803983.6678931268,REPD/model battery → 1C/0.5C/0.25C proportional,
2027,hydrogen_battery,external,0.01086737149333208,6520.422895999249,REPD/model battery → 1C/0.5C/0.25C proportional,
2027,0.5c_battery,external,25.766969366959078,9018439.278435677,REPD/model battery → 1C/0.5C/0.25C proportional,
2027,1c_battery,external,0.7836669515498502,258610.09401145056,REPD/model battery → 1C/0.5C/0.25C proportional,
2027,0.25c_battery,external,3.134667806199401,1300887.1395727515,REPD/model battery → 1C/0.5C/0.25C proportional,
2027,hydrogen_battery,external,0.007836669515498496,4702.0017092990975,REPD/model battery → 1C/0.5C/0.25C proportional,
2027,0.5c_battery,external,317.4787092288975,111117548.23011413,REPD/model battery → 1C/0.5C/0.25C proportional,
2027,1c_battery,external,9.655678504528515,3186373.90649441,REPD/model battery → 1C/0.5C/0.25C proportional,
2027,0.25c_battery,external,38.62271401811406,16028426.317517335,REPD/model battery → 1C/0.5C/0.25C proportional,
2027,hydrogen_battery,external,0.09655678504528506,57934.071027171034,REPD/model battery → 1C/0.5C/0.25C proportional,
2027,0.5c_battery,external,72.31459487991556,25310108.207970448,REPD/model battery → 1C/0.5C/0.25C proportional,
2027,1c_battery,external,2.199348992698162,725785.1675903935,REPD/model battery → 1C/0.5C/0.25C proportional,
2027,0.25c_battery,external,8.797395970792648,3650919.3278789488,REPD/model battery → 1C/0.5C/0.25C proportional,
2027,hydrogen_battery,external,0.021993489926981597,13196.093956188959,REPD/model battery → 1C/0.5C/0.25C proportional,
2027,0.5c_battery,external,95.24361276866924,33335264.469034232,REPD/model battery → 1C/0.5C/0.25C proportional,
2027,1c_battery,external,2.896703551358554,955912.1719483228,REPD/model battery → 1C/0.5C/0.25C proportional,
2027,0.25c_battery,external,11.586814205434216,4808527.8952552,REPD/model battery → 1C/0.5C/0.25C proportional,
2027,hydrogen_battery,external,0.028967035513585513,17380.221308151307,REPD/model battery → 1C/0.5C/0.25C proportional,
2027,0.5c_battery,external,19.24501315352591,6735754.603734069,REPD/model battery → 1C/0.5C/0.25C proportional,
2027,1c_battery,external,0.5853106190245108,193152.50427808854,REPD/model battery → 1C/0.5C/0.25C proportional,
2027,0.25c_battery,external,2.341242476098043,971615.6275806879,REPD/model battery → 1C/0.5C/0.25C proportional,
2027,hydrogen_battery,external,0.005853106190245101,3511.863714147061,REPD/model battery → 1C/0.5C/0.25C proportional,
2027,0.5c_battery,external,35.73191747007591,12506171.11452657,REPD/model battery → 1C/0.5C/0.25C proportional,
2027,1c_battery,external,1.0867371493332092,358623.259279959,REPD/model battery → 1C/0.5C/0.25C proportional,
2027,0.25c_battery,external,4.346948597332837,1803983.6678931273,REPD/model battery → 1C/0.5C/0.25C proportional,
2027,hydrogen_battery,external,0.010867371493332082,6520.42289599925,REPD/model battery → 1C/0.5C/0.25C proportional,
2027,0.5c_battery,external,21.360618795298127,7476216.578354345,REPD/model battery → 1C/0.5C/0.25C proportional,
2027,1c_battery,external,0.6496538563046877,214385.77258054697,REPD/model battery → 1C/0.5C/0.25C proportional,
2027,0.25c_battery,external,2.598615425218751,1078425.4014657817,REPD/model battery → 1C/0.5C/0.25C proportional,
2027,hydrogen_battery,external,0.00649653856304687,3897.923137828122,REPD/model battery → 1C/0.5C/0.25C proportional,
2027,0.5c_battery,external,70.86830298231723,24803906.04381103,REPD/model battery → 1C/0.5C/0.25C proportional,
2027,1c_battery,external,2.1553620128441984,711269.4642385854,REPD/model battery → 1C/0.5C/0.25C proportional,
2027,0.25c_battery,external,8.621448051376793,3577900.9413213693,REPD/model battery → 1C/0.5C/0.25C proportional,
2027,hydrogen_battery,external,0.02155362012844196,12932.172077065177,REPD/model battery → 1C/0.5C/0.25C proportional,
2027,0.5c_battery,external,39.36735994438329,13778575.980534151,REPD/model battery → 1C/0.5C/0.25C proportional,
2027,1c_battery,external,1.1973041345615358,395110.3644053068,REPD/model battery → 1C/0.5C/0.25C proportional,
2027,0.25c_battery,external,4.789216538246143,1987524.8633721494,REPD/model battery → 1C/0.5C/0.25C proportional,
2027,hydrogen_battery,external,0.011973041345615346,7183.8248073692075,REPD/model battery → 1C/0.5C/0.25C proportional,
2027,0.5c_battery,external,8.204419489621536,2871546.8213675376,REPD/model battery → 1C/0.5C/0.25C proportional,
2027,1c_battery,external,0.24952614019530225,82343.62626444975,REPD/model battery → 1C/0.5C/0.25C proportional,
2027,0.25c_battery,external,0.998104560781209,414213.3927242017,REPD/model battery → 1C/0.5C/0.25C proportional,
2027,hydrogen_battery,external,0.00249526140195302,1497.156841171812,REPD/model battery → 1C/0.5C/0.25C proportional,
2027,0.5c_battery,external,36.15729743995777,12655054.10398522,REPD/model battery → 1C/0.5C/0.25C proportional,
2027,1c_battery,external,1.099674496349081,362892.5837951967,REPD/model battery → 1C/0.5C/0.25C proportional,
2027,0.25c_battery,external,4.398697985396324,1825459.6639394744,REPD/model battery → 1C/0.5C/0.25C proportional,
2027,hydrogen_battery,external,0.010996744963490797,6598.046978094478,REPD/model battery → 1C/0.5C/0.25C proportional,
2027,0.5c_battery,external,36.80995623851297,12883484.683479538,REPD/model battery → 1C/0.5C/0.25C proportional,
2027,1c_battery,external,1.1195242164997863,369442.9914449295,REPD/model battery → 1C/0.5C/0.25C proportional,
2027,0.25c_battery,external,4.478096865999145,1858410.1993896451,REPD/model battery → 1C/0.5C/0.25C proportional,
2027,hydrogen_battery,external,0.01119524216499785,6717.14529899871,REPD/model battery → 1C/0.5C/0.25C proportional,
2027,offshore1,external,33.13917841814838,131761373.39055797,Proportional,
2027,offshore10,external,48.9474759861026,194615164.52074394,Proportional,
2027,offshore11,external,40.87471898630697,162517882.68955654,Proportional,
2027,offshore12,external,60.085836909871254,238901287.5536481,Proportional,
2027,offshore13,external,79.092581238504,314472103.0042919,Proportional,
2027,offshore15,external,129.75679542203147,515913018.5979971,Proportional,
2027,offshore16,external,86.10259554465564,342343919.88555086,Proportional,
2027,offshore17,external,101.16492949110976,402231759.6566524,Proportional,
2027,offshore18,external,109.74862047823423,436360515.0214593,Proportional,
2027,offshore2,external,18.7614960147149,74595708.15450644,Proportional,
2027,offshore20,external,6.335581442877581,25190271.81688126,Proportional,
2027,offshore21,external,119.96730022481096,476989985.6938484,Proportional,
2027,offshore3,external,259.35009196811774,1031175965.6652361,Proportional,
2027,offshore5,external,33.108522378908646,131639484.97854078,Proportional,
2027,offshore6,external,87.57408542816269,348194563.66237485,Proportional,
2027,offshore7,external,95.03372164316373,377854077.253219,Proportional,
2027,offshore8,external,127.49846719803803,506933905.5793992,Proportional,
2027,offshore9,external,63.45800122624158,252309012.8755365,Proportional,
2027,offshore1,external,12.371959942775396,49190912.732474975,Proportional,
2027,offshore10,external,18.273724368144972,72656328.08774441,Proportional,
2027,offshore11,external,15.25989508822127,60673342.87076777,Proportional,
2027,offshore12,external,22.432045779685268,89189814.02002862,Proportional,
2027,offshore13,external,29.52789699570816,117402918.45493565,Proportional,
2027,offshore15,external,48.442536957558424,192607526.9432523,Proportional,
2027,offshore16,external,32.144969003338105,127808396.7572723,Proportional,
2027,offshore17,external,37.76824034334764,150166523.60515022,Proportional,
2027,offshore18,external,40.972818311874114,162907925.60801148,Proportional,
2027,offshore2,external,7.004291845493563,27849064.377682406,Proportional,
2027,offshore20,external,2.3652837386742966,9404368.144969003,Proportional,
2027,offshore21,external,44.787792083929425,178076261.32570338,Proportional,
2027,offshore3,external,96.82403433476395,384972360.51502144,Proportional,
2027,offshore5,external,12.360515021459229,49145407.7253219,Proportional,
2027,offshore6,external,32.69432522651407,129992637.10061993,Proportional,
2027,offshore7,external,35.47925608011446,141065522.1745351,Proportional,
2027,offshore8,external,47.599427753934194,189255324.74964234,Proportional,
2027,offshore9,external,23.690987124463522,94195364.80686696,Proportional,
2027,offshore1,external,2.209278561209892,8784091.55937053,Proportional,
2027,offshore10,external,3.2631650657401736,12974344.301382931,Proportional,
2027,offshore11,external,2.7249812657537986,10834525.512637103,Proportional,
2027,offshore12,external,4.005722460658084,15926752.503576541,Proportional,
2027,offshore13,external,5.2728387492336,20964806.86695279,Proportional,
2027,offshore15,external,8.650453028135432,34394201.23986648,Proportional,
2027,offshore16,external,5.7401730363103765,22822927.992370058,Proportional,
2027,offshore17,external,6.744328632740651,26815450.64377683,Proportional,
2027,offshore18,external,7.316574698548949,29090701.00143062,Proportional,
2027,offshore2,external,1.2507664009809933,4973047.21030043,Proportional,
2027,offshore20,external,0.42237209619183874,1679351.4544587508,Proportional,
2027,offshore21,external,7.997820014987397,31799332.37958989,Proportional,
2027,offshore3,external,17.29000613120785,68745064.37768242,Proportional,
2027,offshore5,external,2.2072348252605765,8775965.665236052,Proportional,
2027,offshore6,external,5.838272361877513,23212970.91082499,Proportional,
2027,offshore7,external,6.335581442877582,25190271.816881265,Proportional,
2027,offshore8,external,8.499897813202535,33795593.70529328,Proportional,
2027,offshore9,external,4.230533415082772,16820600.8583691,Proportional,
2027,offshore1,external,79.53402820355612,316227296.1373391,Proportional,
2027,offshore10,external,117.47394236664624,467076394.84978545,Proportional,
2027,offshore11,external,98.09932556713675,390042918.45493567,Proportional,
2027,offshore12,external,144.20600858369102,573363090.1287555,Proportional,
2027,offshore13,external,189.8221949724096,754733047.2103006,Proportional,
2027,offshore15,external,311.41630901287556,1238191244.635193,Proportional,
2027,offshore16,external,206.64622930717354,821625407.725322,Proportional,
2027,offshore17,external,242.79583077866343,965356223.1759658,Proportional,
2027,offshore18,external,263.3966891477622,1047265236.0515023,Proportional,
2027,offshore2,external,45.027590435315766,179029699.57081547,Proportional,
2027,offshore20,external,15.205395462906194,60456652.36051503,Proportional,
2027,offshore21,external,287.9215205395463,1144775965.665236,Proportional,
2027,offshore3,external,622.4402207234826,2474822317.596567,Proportional,
2027,offshore5,external,79.46045370938076,315934763.9484979,Proportional,
2027,offshore6,external,210.17780502759047,835666952.7896997,Proportional,
2027,offshore7,external,228.08093194359293,906849785.4077255,Proportional,
2027,offshore8,external,305.9963212752913,1216641373.3905582,Proportional,
2027,offshore9,external,152.29920294297978,605541630.9012876,Proportional,
2027,offshore1,external,0.4418557122419784,1756818.311874106,Proportional,
2027,offshore10,external,0.6526330131480347,2594868.860276586,Proportional,
2027,offshore11,external,0.5449962531507597,2166905.1025274205,Proportional,
2027,offshore12,external,0.8011444921316168,3185350.5007153084,Proportional,
2027,offshore13,external,1.05456774984672,4192961.373390559,Proportional,
2027,offshore15,external,1.7300906056270864,6878840.247973296,Proportional,
2027,offshore16,external,1.1480346072620753,4564585.598474012,Proportional,
2027,offshore17,external,1.34886572654813,5363090.1287553655,Proportional,
2027,offshore18,external,1.4633149397097898,5818140.200286124,Proportional,
2027,offshore2,external,0.2501532801961987,994609.4420600861,Proportional,
2027,offshore20,external,0.08447441923836774,335870.29089175013,Proportional,
2027,offshore21,external,1.5995640029974796,6359866.475917979,Proportional,
2027,offshore3,external,3.45800122624157,13749012.87553648,Proportional,
2027,offshore5,external,0.4414469650521153,1755193.1330472103,Proportional,
2027,offshore6,external,1.1676544723755025,4642594.182164998,Proportional,
2027,offshore7,external,1.2671162885755163,5038054.363376252,Proportional,
2027,offshore8,external,1.699979562640507,6759118.741058656,Proportional,
2027,offshore9,external,0.8461066830165543,3364120.17167382,Proportional,
2027,offshore1,external,0.06627835683629676,263522.74678111594,Proportional,
2027,offshore10,external,0.09789495197220521,389230.32904148794,Proportional,
2027,offshore11,external,0.08174943797261396,325035.7653791131,Proportional,
2027,offshore12,external,0.1201716738197425,477802.5751072962,Proportional,
2027,offshore13,external,0.158185162477008,628944.2060085839,Proportional,
2027,offshore15,external,0.259513590844063,1031826.0371959945,Proportional,
2027,offshore16,external,0.1722051910893113,684687.8397711017,Proportional,
2027,offshore17,external,0.20232985898221953,804463.5193133048,Proportional,
2027,offshore18,external,0.21949724095646844,872721.0300429185,Proportional,
2027,offshore2,external,0.037522992029429804,149191.4163090129,Proportional,
2027,offshore20,external,0.012671162885755162,50380.54363376252,Proportional,
2027,offshore21,external,0.23993460044962192,953979.9713876968,Proportional,
2027,offshore3,external,0.5187001839362355,2062351.9313304725,Proportional,
2027,offshore5,external,0.0662170447578173,263278.9699570816,Proportional,
2027,offshore6,external,0.1751481708563254,696389.1273247497,Proportional,
2027,offshore7,external,0.19006744328632746,755708.154506438,Proportional,
2027,offshore8,external,0.25499693439607607,1013867.8111587984,Proportional,
2027,offshore9,external,0.12691600245248316,504618.02575107303,Proportional,
2027,0.25c_battery,model,908.0708045426759,376849383.8852105,,
2028,0.5c_battery,external,17.504718652881063,6126651.528508373,REPD/model battery → 1C/0.5C/0.25C proportional,
2028,1c_battery,external,0.5323819541630496,175686.04487380636,REPD/model battery → 1C/0.5C/0.25C proportional,
2028,0.25c_battery,external,2.4575755734142555,1019893.8629669161,REPD/model battery → 1C/0.5C/0.25C proportional,
2028,hydrogen_battery,external,0.005323819541630489,3194.2917249782936,REPD/model battery → 1C/0.5C/0.25C proportional,
2028,0.5c_battery,external,29.88610501711401,10460136.755989904,REPD/model battery → 1C/0.5C/0.25C proportional,
2028,1c_battery,external,0.9089447997905723,299951.78393088887,REPD/model battery → 1C/0.5C/0.25C proportional,
2028,0.25c_battery,external,4.195860735097509,1741282.2050654662,REPD/model battery → 1C/0.5C/0.25C proportional,
2028,hydrogen_battery,external,0.009089447997905712,5453.668798743427,REPD/model battery → 1C/0.5C/0.25C proportional,
2028,0.5c_battery,external,25.61666144324058,8965831.505134203,REPD/model battery → 1C/0.5C/0.25C proportional,
2028,1c_battery,external,0.7790955426776335,257101.52908361904,REPD/model battery → 1C/0.5C/0.25C proportional,
2028,0.25c_battery,external,3.5964520586550077,1492527.6043418283,REPD/model battery → 1C/0.5C/0.25C proportional,
2028,hydrogen_battery,external,0.007790955426776325,4674.573256065795,REPD/model battery → 1C/0.5C/0.25C proportional,
2028,0.5c_battery,external,51.37446150319085,17981061.5261168,REPD/model battery → 1C/0.5C/0.25C proportional,
2028,1c_battery,external,1.5624836223598193,515619.59537874034,REPD/model battery → 1C/0.5C/0.25C proportional,
2028,0.25c_battery,external,7.212719278225732,2993278.500463679,REPD/model battery → 1C/0.5C/0.25C proportional,
2028,hydrogen_battery,external,0.015624836223598174,9374.901734158904,REPD/model battery → 1C/0.5C/0.25C proportional,
2028,0.5c_battery,external,8.53888714774686,2988610.501711401,REPD/model battery → 1C/0.5C/0.25C proportional,
2028,1c_battery,external,0.25969851422587786,85700.5096945397,REPD/model battery → 1C/0.5C/0.25C proportional,
2028,0.25c_battery,external,1.1988173528850026,497509.20144727605,REPD/model battery → 1C/0.5C/0.25C proportional,
2028,hydrogen_battery,external,0.002596985142258775,1558.1910853552652,REPD/model battery → 1C/0.5C/0.25C proportional,
2028,0.5c_battery,external,175.08659677718487,61280308.8720147,REPD/model battery → 1C/0.5C/0.25C proportional,
2028,1c_battery,external,5.3250181501576925,1757255.9895520385,REPD/model battery → 1C/0.5C/0.25C proportional,
2028,0.25c_battery,external,24.581288737309713,10201234.82598353,REPD/model battery → 1C/0.5C/0.25C proportional,
2028,hydrogen_battery,external,0.05325018150157685,31950.10890094611,REPD/model battery → 1C/0.5C/0.25C proportional,
2028,0.5c_battery,external,8.6930186847098,3042556.53964843,REPD/model battery → 1C/0.5C/0.25C proportional,
2028,1c_battery,external,0.2643862130386193,87247.45030274437,REPD/model battery → 1C/0.5C/0.25C proportional,
2028,0.25c_battery,external,1.2204566552836487,506489.5119427142,REPD/model battery → 1C/0.5C/0.25C proportional,
2028,hydrogen_battery,external,0.002643862130386189,1586.3172782317135,REPD/model battery → 1C/0.5C/0.25C proportional,
2028,0.5c_battery,external,7.115739289789052,2490508.7514261683,REPD/model battery → 1C/0.5C/0.25C proportional,
2028,1c_battery,external,0.2164154285215649,71417.09141211641,REPD/model battery → 1C/0.5C/0.25C proportional,
2028,0.25c_battery,external,0.9990144607375023,414591.0012060635,REPD/model battery → 1C/0.5C/0.25C proportional,
2028,hydrogen_battery,external,0.002164154285215646,1298.4925711293877,REPD/model battery → 1C/0.5C/0.25C proportional,
2028,0.5c_battery,external,73.39208786170121,25687230.751595426,REPD/model battery → 1C/0.5C/0.25C proportional,
2028,1c_battery,external,2.2321194605140273,736599.421969629,REPD/model battery → 1C/0.5C/0.25C proportional,
2028,0.25c_battery,external,10.303884683179618,4276112.143519541,REPD/model battery → 1C/0.5C/0.25C proportional,
2028,hydrogen_battery,external,0.022321194605140246,13392.716763084147,REPD/model battery → 1C/0.5C/0.25C proportional,
2028,0.5c_battery,external,76.06391349121077,26622369.72192377,REPD/model battery → 1C/0.5C/0.25C proportional,
2028,1c_battery,external,2.313379364087919,763415.1901490133,REPD/model battery → 1C/0.5C/0.25C proportional,
2028,0.25c_battery,external,10.678995733731929,4431783.2294987505,REPD/model battery → 1C/0.5C/0.25C proportional,
2028,hydrogen_battery,external,0.023133793640879162,13880.276184527496,REPD/model battery → 1C/0.5C/0.25C proportional,
2028,0.5c_battery,external,20.573477553813195,7200717.143834618,REPD/model battery → 1C/0.5C/0.25C proportional,
2028,1c_battery,external,0.6257140375247323,206485.63238316166,REPD/model battery → 1C/0.5C/0.25C proportional,
2028,0.25c_battery,external,2.888414084171302,1198691.8449310903,REPD/model battery → 1C/0.5C/0.25C proportional,
2028,hydrogen_battery,external,0.006257140375247315,3754.284225148389,REPD/model battery → 1C/0.5C/0.25C proportional,
2028,0.5c_battery,external,21.7325467117745,7606391.349121075,REPD/model battery → 1C/0.5C/0.25C proportional,
2028,1c_battery,external,0.6609655325965481,218118.62575686089,REPD/model battery → 1C/0.5C/0.25C proportional,
2028,0.25c_battery,external,3.051141638209122,1266223.7798567857,REPD/model battery → 1C/0.5C/0.25C proportional,
2028,hydrogen_battery,external,0.006609655325965473,3965.7931955792837,REPD/model battery → 1C/0.5C/0.25C proportional,
2028,0.5c_battery,external,33.02643953776554,11559253.838217938,REPD/model battery → 1C/0.5C/0.25C proportional,
2028,1c_battery,external,1.0044537572313124,331469.73988633306,REPD/model battery → 1C/0.5C/0.25C proportional,
2028,0.25c_battery,external,4.636748107430828,1924250.4645837934,REPD/model battery → 1C/0.5C/0.25C proportional,
2028,hydrogen_battery,external,0.01004453757231311,6026.722543387866,REPD/model battery → 1C/0.5C/0.25C proportional,
2028,0.5c_battery,external,7.115739289789051,2490508.751426168,REPD/model battery → 1C/0.5C/0.25C proportional,
2028,1c_battery,external,0.2164154285215648,71417.0914121164,REPD/model battery → 1C/0.5C/0.25C proportional,
2028,0.25c_battery,external,0.999014460737502,414591.0012060633,REPD/model battery → 1C/0.5C/0.25C proportional,
2028,hydrogen_battery,external,0.0021641542852156455,1298.4925711293872,REPD/model battery → 1C/0.5C/0.25C proportional,
2028,0.5c_battery,external,33.28329667804556,11649153.837315945,REPD/model battery → 1C/0.5C/0.25C proportional,
2028,1c_battery,external,1.0122657140524804,334047.68563731853,REPD/model battery → 1C/0.5C/0.25C proportional,
2028,0.25c_battery,external,4.672809574417348,1939215.9733831997,REPD/model battery → 1C/0.5C/0.25C proportional,
2028,hydrogen_battery,external,0.010122657140524793,6073.594284314876,REPD/model battery → 1C/0.5C/0.25C proportional,
2028,0.5c_battery,external,78.6718190966237,27535136.683818292,REPD/model battery → 1C/0.5C/0.25C proportional,
2028,1c_battery,external,2.392695227999504,789589.4252398363,REPD/model battery → 1C/0.5C/0.25C proportional,
2028,0.25c_battery,external,11.045132730317018,4583730.083081562,REPD/model battery → 1C/0.5C/0.25C proportional,
2028,hydrogen_battery,external,0.023926952279995004,14356.171367997002,REPD/model battery → 1C/0.5C/0.25C proportional,
2028,0.5c_battery,external,25.354637830403586,8874123.240641255,REPD/model battery → 1C/0.5C/0.25C proportional,
2028,1c_battery,external,0.7711264546959727,254471.730049671,REPD/model battery → 1C/0.5C/0.25C proportional,
2028,0.25c_battery,external,3.559665244577309,1477261.0764995832,REPD/model battery → 1C/0.5C/0.25C proportional,
2028,hydrogen_battery,external,0.007711264546959718,4626.758728175831,REPD/model battery → 1C/0.5C/0.25C proportional,
2028,0.5c_battery,external,70.32024709909179,24612086.484682124,REPD/model battery → 1C/0.5C/0.25C proportional,
2028,1c_battery,external,2.138693646566052,705768.9033667973,REPD/model battery → 1C/0.5C/0.25C proportional,
2028,0.25c_battery,external,9.872613494347078,4097134.6001540376,REPD/model battery → 1C/0.5C/0.25C proportional,
2028,hydrogen_battery,external,0.021386936465660495,12832.161879396297,REPD/model battery → 1C/0.5C/0.25C proportional,
2028,0.5c_battery,external,36.14846936391825,12651964.277371388,REPD/model battery → 1C/0.5C/0.25C proportional,
2028,1c_battery,external,1.0994060025522583,362803.9808422452,REPD/model battery → 1C/0.5C/0.25C proportional,
2028,0.25c_battery,external,5.075065591554505,2106152.2204951197,REPD/model battery → 1C/0.5C/0.25C proportional,
2028,hydrogen_battery,external,0.010994060025522568,6596.436015313541,REPD/model battery → 1C/0.5C/0.25C proportional,
2028,0.5c_battery,external,36.14846936391825,12651964.277371388,REPD/model battery → 1C/0.5C/0.25C proportional,
2028,1c_battery,external,1.0994060025522583,362803.9808422452,REPD/model battery → 1C/0.5C/0.25C proportional,
2028,0.25c_battery,external,5.075065591554505,2106152.2204951197,REPD/model battery → 1C/0.5C/0.25C proportional,
2028,hydrogen_battery,external,0.010994060025522568,6596.436015313541,REPD/model battery → 1C/0.5C/0.25C proportional,
2028,0.5c_battery,external,21.732546711774496,7606391.349121074,REPD/model battery → 1C/0.5C/0.25C proportional,
2028,1c_battery,external,0.6609655325965479,218118.6257568608,REPD/model battery → 1C/0.5C/0.25C proportional,
2028,0.25c_battery,external,3.0511416382091214,1266223.7798567854,REPD/model battery → 1C/0.5C/0.25C proportional,
2028,hydrogen_battery,external,0.006609655325965471,3965.7931955792824,REPD/model battery → 1C/0.5C/0.25C proportional,
2028,0.5c_battery,external,180.38013770772835,63133048.197704926,REPD/model battery → 1C/0.5C/0.25C proportional,
2028,1c_battery,external,5.486013920551348,1810384.5937819448,REPD/model battery → 1C/0.5C/0.25C proportional,
2028,0.25c_battery,external,25.324475597135706,10509657.372811317,REPD/model battery → 1C/0.5C/0.25C proportional,
2028,hydrogen_battery,external,0.0548601392055134,32916.08352330804,REPD/model battery → 1C/0.5C/0.25C proportional,
2028,0.5c_battery,external,71.15739289789052,24905087.51426168,REPD/model battery → 1C/0.5C/0.25C proportional,
2028,1c_battery,external,2.1641542852156483,714170.914121164,REPD/model battery → 1C/0.5C/0.25C proportional,
2028,0.25c_battery,external,9.99014460737502,4145910.0120606334,REPD/model battery → 1C/0.5C/0.25C proportional,
2028,hydrogen_battery,external,0.021641542852156453,12984.925711293872,REPD/model battery → 1C/0.5C/0.25C proportional,
2028,0.5c_battery,external,21.347217869367157,7471526.254278505,REPD/model battery → 1C/0.5C/0.25C proportional,
2028,1c_battery,external,0.6492462855646943,214251.27423634913,REPD/model battery → 1C/0.5C/0.25C proportional,
2028,0.25c_battery,external,2.997043382212506,1243773.00361819,REPD/model battery → 1C/0.5C/0.25C proportional,
2028,hydrogen_battery,external,0.006492462855646935,3895.477713388161,REPD/model battery → 1C/0.5C/0.25C proportional,
2028,0.5c_battery,external,19.969978006827333,6989492.302389567,REPD/model battery → 1C/0.5C/0.25C proportional,
2028,1c_battery,external,0.6073594284314882,200428.6113823911,REPD/model battery → 1C/0.5C/0.25C proportional,
2028,0.25c_battery,external,2.803685744650408,1163529.5840299195,REPD/model battery → 1C/0.5C/0.25C proportional,
2028,hydrogen_battery,external,0.006073594284314874,3644.1565705889243,REPD/model battery → 1C/0.5C/0.25C proportional,
2028,0.5c_battery,external,17.515665944096124,6130483.080433643,REPD/model battery → 1C/0.5C/0.25C proportional,
2028,1c_battery,external,0.5327149009761593,175795.91732213256,REPD/model battery → 1C/0.5C/0.25C proportional,
2028,0.25c_battery,external,2.459112518738466,1020531.6952764634,REPD/model battery → 1C/0.5C/0.25C proportional,
2028,hydrogen_battery,external,0.005327149009761586,3196.289405856952,REPD/model battery → 1C/0.5C/0.25C proportional,
2028,0.5c_battery,external,76.78833171493658,26875916.100227803,REPD/model battery → 1C/0.5C/0.25C proportional,
2028,1c_battery,external,2.3354115485078024,770685.8110075748,REPD/model battery → 1C/0.5C/0.25C proportional,
2028,0.25c_battery,external,10.780700455005562,4473990.688827308,REPD/model battery → 1C/0.5C/0.25C proportional,
2028,hydrogen_battery,external,0.023354115485077997,14012.469291046798,REPD/model battery → 1C/0.5C/0.25C proportional,
2028,0.5c_battery,external,7.244182237258167,2535463.7830403587,REPD/model battery → 1C/0.5C/0.25C proportional,
2028,1c_battery,external,0.22032184419884931,72706.20858562028,REPD/model battery → 1C/0.5C/0.25C proportional,
2028,0.25c_battery,external,1.0170472127363739,422074.5932855952,REPD/model battery → 1C/0.5C/0.25C proportional,
2028,hydrogen_battery,external,0.002203218441988491,1321.9310651930946,REPD/model battery → 1C/0.5C/0.25C proportional,
2028,0.5c_battery,external,9.424998078173422,3298749.3273606976,REPD/model battery → 1C/0.5C/0.25C proportional,
2028,1c_battery,external,0.2866483600417707,94593.95881378432,REPD/model battery → 1C/0.5C/0.25C proportional,
2028,0.25c_battery,external,1.3232229272409932,549137.5148050121,REPD/model battery → 1C/0.5C/0.25C proportional,
2028,hydrogen_battery,external,0.0028664836004177034,1719.890160250622,REPD/model battery → 1C/0.5C/0.25C proportional,
2028,0.5c_battery,external,53.253274684872906,18638646.139705516,REPD/model battery → 1C/0.5C/0.25C proportional,
2028,1c_battery,external,1.6196251424839683,534476.2970197095,REPD/model battery → 1C/0.5C/0.25C proportional,
2028,0.25c_battery,external,7.476495319067757,3102745.5574131194,REPD/model battery → 1C/0.5C/0.25C proportional,
2028,hydrogen_battery,external,0.016196251424839665,9717.7508549038,REPD/model battery → 1C/0.5C/0.25C proportional,
2028,0.5c_battery,external,21.347217869367157,7471526.254278505,REPD/model battery → 1C/0.5C/0.25C proportional,
2028,1c_battery,external,0.6492462855646943,214251.27423634913,REPD/model battery → 1C/0.5C/0.25C proportional,
2028,0.25c_battery,external,2.997043382212506,1243773.00361819,REPD/model battery → 1C/0.5C/0.25C proportional,
2028,hydrogen_battery,external,0.0064924628556469344,3895.4777133881607,REPD/model battery → 1C/0.5C/0.25C proportional,
2028,0.5c_battery,external,42.609046867256836,14913166.403539892,REPD/model battery → 1C/0.5C/0.25C proportional,
2028,1c_battery,external,1.2958955859871295,427645.54337575275,REPD/model battery → 1C/0.5C/0.25C proportional,
2028,0.25c_battery,external,5.982098590896161,2482570.9152219067,REPD/model battery → 1C/0.5C/0.25C proportional,
2028,hydrogen_battery,external,0.012958955859871276,7775.373515922765,REPD/model battery → 1C/0.5C/0.25C proportional,
2028,0.5c_battery,external,124.95932411336871,43735763.43967905,REPD/model battery → 1C/0.5C/0.25C proportional,
2028,1c_battery,external,3.8004660618421124,1254153.8004078972,REPD/model battery → 1C/0.5C/0.25C proportional,
2028,0.25c_battery,external,17.543668578804912,7280622.460204039,REPD/model battery → 1C/0.5C/0.25C proportional,
2028,hydrogen_battery,external,0.038004660618421074,22802.796371052646,REPD/model battery → 1C/0.5C/0.25C proportional,
2028,0.5c_battery,external,302.9927697587596,106047469.41556586,REPD/model battery → 1C/0.5C/0.25C proportional,
2028,1c_battery,external,9.215108569305336,3040985.827870761,REPD/model battery → 1C/0.5C/0.25C proportional,
2028,0.25c_battery,external,42.53868026366136,17653552.309419464,REPD/model battery → 1C/0.5C/0.25C proportional,
2028,hydrogen_battery,external,0.09215108569305325,55290.65141583195,REPD/model battery → 1C/0.5C/0.25C proportional,
2028,0.5c_battery,external,36.14846936391825,12651964.277371388,REPD/model battery → 1C/0.5C/0.25C proportional,
2028,1c_battery,external,1.0994060025522578,362803.9808422451,REPD/model battery → 1C/0.5C/0.25C proportional,
2028,0.25c_battery,external,5.075065591554504,2106152.220495119,REPD/model battery → 1C/0.5C/0.25C proportional,
2028,hydrogen_battery,external,0.010994060025522563,6596.436015313538,REPD/model battery → 1C/0.5C/0.25C proportional,
2028,0.5c_battery,external,21.732546711774503,7606391.349121076,REPD/model battery → 1C/0.5C/0.25C proportional,
2028,1c_battery,external,0.6609655325965479,218118.6257568608,REPD/model battery → 1C/0.5C/0.25C proportional,
2028,0.25c_battery,external,3.051141638209121,1266223.7798567852,REPD/model battery → 1C/0.5C/0.25C proportional,
2028,hydrogen_battery,external,0.00660965532596547,3965.793195579282,REPD/model battery → 1C/0.5C/0.25C proportional,
2028,0.5c_battery,external,63.09788187071893,22084258.654751625,REPD/model battery → 1C/0.5C/0.25C proportional,
2028,1c_battery,external,1.9190353367006965,633281.6611112298,REPD/model battery → 1C/0.5C/0.25C proportional,
2028,0.25c_battery,external,8.858629281318647,3676331.1517472384,REPD/model battery → 1C/0.5C/0.25C proportional,
2028,hydrogen_battery,external,0.019190353367006936,11514.21202020416,REPD/model battery → 1C/0.5C/0.25C proportional,
2028,0.5c_battery,external,19.41473288329813,6795156.509154345,REPD/model battery → 1C/0.5C/0.25C proportional,
2028,1c_battery,external,0.5904724112925219,194855.89572653224,REPD/model battery → 1C/0.5C/0.25C proportional,
2028,0.25c_battery,external,2.725732086559584,1131178.8159222275,REPD/model battery → 1C/0.5C/0.25C proportional,
2028,hydrogen_battery,external,0.005904724112925211,3542.8344677551268,REPD/model battery → 1C/0.5C/0.25C proportional,
2028,0.5c_battery,external,3.5578696448945264,1245254.3757130841,REPD/model battery → 1C/0.5C/0.25C proportional,
2028,1c_battery,external,0.10820771426078236,35708.54570605818,REPD/model battery → 1C/0.5C/0.25C proportional,
2028,0.25c_battery,external,0.4995072303687509,207295.50060303163,REPD/model battery → 1C/0.5C/0.25C proportional,
2028,hydrogen_battery,external,0.0010820771426078221,649.2462855646933,REPD/model battery → 1C/0.5C/0.25C proportional,
2028,0.5c_battery,external,121.3420805206133,42469728.182214655,REPD/model battery → 1C/0.5C/0.25C proportional,
2028,1c_battery,external,3.6904525705782616,1217849.3482908264,REPD/model battery → 1C/0.5C/0.25C proportional,
2028,0.25c_battery,external,17.035825540997397,7069867.59951392,REPD/model battery → 1C/0.5C/0.25C proportional,
2028,hydrogen_battery,external,0.03690452570578256,22142.715423469534,REPD/model battery → 1C/0.5C/0.25C proportional,
2028,0.5c_battery,external,63.90682907418968,22367390.17596639,REPD/model battery → 1C/0.5C/0.25C proportional,
2028,1c_battery,external,1.943638353837885,641400.6567665021,REPD/model battery → 1C/0.5C/0.25C proportional,
2028,0.25c_battery,external,8.972201451591964,3723463.6024106652,REPD/model battery → 1C/0.5C/0.25C proportional,
2028,hydrogen_battery,external,0.019436383538378822,11661.830123027294,REPD/model battery → 1C/0.5C/0.25C proportional,
2028,0.5c_battery,external,108.6627335588725,38031956.74560538,REPD/model battery → 1C/0.5C/0.25C proportional,
2028,1c_battery,external,3.304827662982739,1090593.1287843038,REPD/model battery → 1C/0.5C/0.25C proportional,
2028,0.25c_battery,external,15.255708191045601,6331118.899283924,REPD/model battery → 1C/0.5C/0.25C proportional,
2028,hydrogen_battery,external,0.033048276629827344,19828.965977896405,REPD/model battery → 1C/0.5C/0.25C proportional,
2028,0.5c_battery,external,7.50374846993038,2626311.964475633,REPD/model battery → 1C/0.5C/0.25C proportional,
2028,1c_battery,external,0.22821619434094817,75311.3441325129,REPD/model battery → 1C/0.5C/0.25C proportional,
2028,0.25c_battery,external,1.0534890228418674,437197.944479375,REPD/model battery → 1C/0.5C/0.25C proportional,
2028,hydrogen_battery,external,0.0022821619434094786,1369.2971660456872,REPD/model battery → 1C/0.5C/0.25C proportional,
2028,0.5c_battery,external,40.5597139517976,14195899.883129159,REPD/model battery → 1C/0.5C/0.25C proportional,
2028,1c_battery,external,1.2335679425729191,407077.4210490633,REPD/model battery → 1C/0.5C/0.25C proportional,
2028,0.25c_battery,external,5.69438242620376,2363168.7068745606,REPD/model battery → 1C/0.5C/0.25C proportional,
2028,hydrogen_battery,external,0.012335679425729173,7401.407655437503,REPD/model battery → 1C/0.5C/0.25C proportional,
2028,0.5c_battery,external,36.14846936391825,12651964.277371388,REPD/model battery → 1C/0.5C/0.25C proportional,
2028,1c_battery,external,1.099406002552258,362803.98084224516,REPD/model battery → 1C/0.5C/0.25C proportional,
2028,0.25c_battery,external,5.075065591554503,2106152.2204951188,REPD/model battery → 1C/0.5C/0.25C proportional,
2028,hydrogen_battery,external,0.010994060025522561,6596.436015313537,REPD/model battery → 1C/0.5C/0.25C proportional,
2028,0.5c_battery,external,59.053145853365145,20668601.048677802,REPD/model battery → 1C/0.5C/0.25C proportional,
2028,1c_battery,external,1.7960202510147545,592686.682834869,REPD/model battery → 1C/0.5C/0.25C proportional,
2028,0.25c_battery,external,8.290768429952067,3440668.8984301076,REPD/model battery → 1C/0.5C/0.25C proportional,
2028,hydrogen_battery,external,0.017960202510147516,10776.12150608851,REPD/model battery → 1C/0.5C/0.25C proportional,
2028,0.5c_battery,external,3.6220911186290836,1267731.8915201793,REPD/model battery → 1C/0.5C/0.25C proportional,
2028,1c_battery,external,0.11016092209942464,36353.10429281013,REPD/model battery → 1C/0.5C/0.25C proportional,
2028,0.25c_battery,external,0.5085236063681866,211037.29664279745,REPD/model battery → 1C/0.5C/0.25C proportional,
2028,hydrogen_battery,external,0.0011016092209942445,660.9655325965467,REPD/model battery → 1C/0.5C/0.25C proportional,
2028,0.5c_battery,external,124.95932411336872,43735763.43967906,REPD/model battery → 1C/0.5C/0.25C proportional,
2028,1c_battery,external,3.800466061842113,1254153.8004078972,REPD/model battery → 1C/0.5C/0.25C proportional,
2028,0.25c_battery,external,17.543668578804905,7280622.460204035,REPD/model battery → 1C/0.5C/0.25C proportional,
2028,hydrogen_battery,external,0.03800466061842106,22802.796371052635,REPD/model battery → 1C/0.5C/0.25C proportional,
2028,0.5c_battery,external,65.90092742253022,23065324.597885575,REPD/model battery → 1C/0.5C/0.25C proportional,
2028,1c_battery,external,2.004286113823911,661414.4175618907,REPD/model battery → 1C/0.5C/0.25C proportional,
2028,0.25c_battery,external,9.252162957346343,3839647.6272987323,REPD/model battery → 1C/0.5C/0.25C proportional,
2028,hydrogen_battery,external,0.020042861138239075,12025.716682943445,REPD/model battery → 1C/0.5C/0.25C proportional,
2028,0.5c_battery,external,36.24999260835932,12687497.412925763,REPD/model battery → 1C/0.5C/0.25C proportional,
2028,1c_battery,external,1.1024936924683488,363822.9185145551,REPD/model battery → 1C/0.5C/0.25C proportional,
2028,0.25c_battery,external,5.089318950926893,2112067.3646346605,REPD/model battery → 1C/0.5C/0.25C proportional,
2028,hydrogen_battery,external,0.01102493692468347,6614.962154810081,REPD/model battery → 1C/0.5C/0.25C proportional,
2028,0.5c_battery,external,21.096074129727537,7383625.945404638,REPD/model battery → 1C/0.5C/0.25C proportional,
2028,1c_battery,external,0.6416080939698153,211730.67101003905,REPD/model battery → 1C/0.5C/0.25C proportional,
2028,0.25c_battery,external,2.961784048304121,1229140.3800462103,REPD/model battery → 1C/0.5C/0.25C proportional,
2028,hydrogen_battery,external,0.0064160809396981424,3849.6485638188856,REPD/model battery → 1C/0.5C/0.25C proportional,
2028,0.5c_battery,external,17.515665944096124,6130483.080433643,REPD/model battery → 1C/0.5C/0.25C proportional,
2028,1c_battery,external,0.5327149009761594,175795.9173221326,REPD/model battery → 1C/0.5C/0.25C proportional,
2028,0.25c_battery,external,2.4591125187384644,1020531.6952764627,REPD/model battery → 1C/0.5C/0.25C proportional,
2028,hydrogen_battery,external,0.005327149009761584,3196.28940585695,REPD/model battery → 1C/0.5C/0.25C proportional,
2028,0.5c_battery,external,124.46683736539248,43563393.07788737,REPD/model battery → 1C/0.5C/0.25C proportional,
2028,1c_battery,external,3.7854877544219105,1249210.9589592305,REPD/model battery → 1C/0.5C/0.25C proportional,
2028,0.25c_battery,external,17.474525884994318,7251928.2422726415,REPD/model battery → 1C/0.5C/0.25C proportional,
2028,hydrogen_battery,external,0.03785487754421904,22712.926526531424,REPD/model battery → 1C/0.5C/0.25C proportional,
2028,0.5c_battery,external,21.347217869367153,7471526.254278503,REPD/model battery → 1C/0.5C/0.25C proportional,
2028,1c_battery,external,0.6492462855646942,214251.2742363491,REPD/model battery → 1C/0.5C/0.25C proportional,
2028,0.25c_battery,external,2.9970433822125044,1243773.0036181894,REPD/model battery → 1C/0.5C/0.25C proportional,
2028,hydrogen_battery,external,0.006492462855646932,3895.477713388159,REPD/model battery → 1C/0.5C/0.25C proportional,
2028,0.5c_battery,external,42.69443573873431,14943052.50855701,REPD/model battery → 1C/0.5C/0.25C proportional,
2028,1c_battery,external,1.2984925711293882,428502.5484726981,REPD/model battery → 1C/0.5C/0.25C proportional,
2028,0.25c_battery,external,5.994086764425008,2487546.0072363783,REPD/model battery → 1C/0.5C/0.25C proportional,
2028,hydrogen_battery,external,0.012984925711293862,7790.955426776317,REPD/model battery → 1C/0.5C/0.25C proportional,
2028,0.5c_battery,external,140.64049419818357,49224172.96936425,REPD/model battery → 1C/0.5C/0.25C proportional,
2028,1c_battery,external,4.277387293132103,1411537.8067335938,REPD/model battery → 1C/0.5C/0.25C proportional,
2028,0.25c_battery,external,19.745226988694142,8194269.200308069,REPD/model battery → 1C/0.5C/0.25C proportional,
2028,hydrogen_battery,external,0.04277387293132095,25664.32375879257,REPD/model battery → 1C/0.5C/0.25C proportional,
2028,0.5c_battery,external,83.2082416951139,29122884.593289863,REPD/model battery → 1C/0.5C/0.25C proportional,
2028,1c_battery,external,2.5306642851312002,835119.2140932961,REPD/model battery → 1C/0.5C/0.25C proportional,
2028,0.25c_battery,external,11.682023936043363,4848039.933457996,REPD/model battery → 1C/0.5C/0.25C proportional,
2028,hydrogen_battery,external,0.02530664285131196,15183.985710787176,REPD/model battery → 1C/0.5C/0.25C proportional,
2028,0.5c_battery,external,71.15739289789052,24905087.51426168,REPD/model battery → 1C/0.5C/0.25C proportional,
2028,1c_battery,external,2.1641542852156475,714170.9141211637,REPD/model battery → 1C/0.5C/0.25C proportional,
2028,0.25c_battery,external,9.990144607375015,4145910.012060631,REPD/model battery → 1C/0.5C/0.25C proportional,
2028,hydrogen_battery,external,0.021641542852156435,12984.925711293861,REPD/model battery → 1C/0.5C/0.25C proportional,
2028,0.5c_battery,external,8.386500854033224,2935275.298911629,REPD/model battery → 1C/0.5C/0.25C proportional,
2028,1c_battery,external,0.25506389458738504,84171.08521383707,REPD/model battery → 1C/0.5C/0.25C proportional,
2028,0.25c_battery,external,1.177423073971977,488630.5756983705,REPD/model battery → 1C/0.5C/0.25C proportional,
2028,hydrogen_battery,external,0.0025506389458738463,1530.3833675243077,REPD/model battery → 1C/0.5C/0.25C proportional,
2028,0.5c_battery,external,31.17735136628549,10912072.978199922,REPD/model battery → 1C/0.5C/0.25C proportional,
2028,1c_battery,external,0.9482162824296069,312911.37320177024,REPD/model battery → 1C/0.5C/0.25C proportional,
2028,0.25c_battery,external,4.377145310411822,1816515.3038209062,REPD/model battery → 1C/0.5C/0.25C proportional,
2028,hydrogen_battery,external,0.009482162824296052,5689.297694577631,REPD/model battery → 1C/0.5C/0.25C proportional,
2028,0.5c_battery,external,35.57869644894526,12452543.75713084,REPD/model battery → 1C/0.5C/0.25C proportional,
2028,1c_battery,external,1.0820771426078237,357085.45706058183,REPD/model battery → 1C/0.5C/0.25C proportional,
2028,0.25c_battery,external,4.995072303687508,2072955.006030316,REPD/model battery → 1C/0.5C/0.25C proportional,
2028,hydrogen_battery,external,0.010820771426078221,6492.462855646932,REPD/model battery → 1C/0.5C/0.25C proportional,
2028,0.5c_battery,external,31.239831028342184,10933940.859919764,REPD/model battery → 1C/0.5C/0.25C proportional,
2028,1c_battery,external,0.9501165154605283,313538.45010197436,REPD/model battery → 1C/0.5C/0.25C proportional,
2028,0.25c_battery,external,4.385917144701226,1820155.6150510088,REPD/model battery → 1C/0.5C/0.25C proportional,
2028,hydrogen_battery,external,0.009501165154605267,5700.6990927631605,REPD/model battery → 1C/0.5C/0.25C proportional,
2028,0.5c_battery,external,80.89472034707553,28313152.121476438,REPD/model battery → 1C/0.5C/0.25C proportional,
2028,1c_battery,external,2.460301713718841,811899.5655272176,REPD/model battery → 1C/0.5C/0.25C proportional,
2028,0.25c_battery,external,11.357217027331595,4713245.066342612,REPD/model battery → 1C/0.5C/0.25C proportional,
2028,hydrogen_battery,external,0.02460301713718837,14761.810282313021,REPD/model battery → 1C/0.5C/0.25C proportional,
2028,0.5c_battery,external,66.56659335609112,23298307.67463189,REPD/model battery → 1C/0.5C/0.25C proportional,
2028,1c_battery,external,2.02453142810496,668095.3712746368,REPD/model battery → 1C/0.5C/0.25C proportional,
2028,0.25c_battery,external,9.345619148834691,3878431.946766397,REPD/model battery → 1C/0.5C/0.25C proportional,
2028,hydrogen_battery,external,0.02024531428104957,12147.188568629741,REPD/model battery → 1C/0.5C/0.25C proportional,
2028,0.5c_battery,external,36.6960439308506,12843615.37579771,REPD/model battery → 1C/0.5C/0.25C proportional,
2028,1c_battery,external,1.1160597302570132,368299.7109848144,REPD/model battery → 1C/0.5C/0.25C proportional,
2028,0.25c_battery,external,5.151942341589806,2138056.0717597697,REPD/model battery → 1C/0.5C/0.25C proportional,
2028,hydrogen_battery,external,0.011160597302570114,6696.358381542069,REPD/model battery → 1C/0.5C/0.25C proportional,
2028,0.5c_battery,external,25.354637830403586,8874123.240641255,REPD/model battery → 1C/0.5C/0.25C proportional,
2028,1c_battery,external,0.7711264546959726,254471.73004967096,REPD/model battery → 1C/0.5C/0.25C proportional,
2028,0.25c_battery,external,3.559665244577307,1477261.0764995825,REPD/model battery → 1C/0.5C/0.25C proportional,
2028,hydrogen_battery,external,0.007711264546959713,4626.758728175828,REPD/model battery → 1C/0.5C/0.25C proportional,
2028,offshore1,external,44.185571224197844,175681831.18741062,Proportional,
2028,offshore10,external,65.26330131480347,259486886.0276586,Proportional,
2028,offshore11,external,54.49962531507597,216690510.25274205,Proportional,
2028,offshore12,external,80.11444921316168,318535050.0715308,Proportional,
2028,offshore13,external,105.45677498467201,419296137.3390559,Proportional,
2028,offshore15,external,173.00906056270867,687884024.7973297,Proportional,
2028,offshore16,external,114.80346072620753,456458559.84740114,Proportional,
2028,offshore17,external,134.88657265481302,536309012.87553656,Proportional,
2028,offshore18,external,146.331493970979,581814020.0286125,Proportional,
2028,offshore2,external,25.015328019619872,99460944.20600861,Proportional,
2028,offshore20,external,8.447441923836776,33587029.089175016,Proportional,
2028,offshore21,external,159.95640029974797,635986647.591798,Proportional,
2028,offshore3,external,345.8001226241571,1374901287.5536487,Proportional,
2028,offshore5,external,44.144696505211535,175519313.30472106,Proportional,
2028,offshore6,external,116.76544723755028,464259418.2164999,Proportional,
2028,offshore7,external,126.71162885755163,503805436.33762527,Proportional,
2028,offshore8,external,169.99795626405074,675911874.1058657,Proportional,
2028,offshore9,external,84.61066830165535,336412017.1673817,Proportional,
2028,0.25c_battery,model,1063.386245611155,441305291.9286293,,
2028,solar_Bournemouth,model,277.3858379249923,182797267.19256994,Location-based,"N/A, N/A"
2028,solar_Cardiff,model,91.61951350512749,60377259.399879016,Location-based,"N/A, N/A"
2028,solar_Edinburgh,model,55.11437925041343,36320375.92602245,Location-based,"N/A, N/A"
2028,solar_Ipswich,model,206.5761326550339,136133671.41966733,Location-based,"N/A, N/A"
2028,solar_London,model,1.8611097688966254,1226471.3377028762,Location-based,"N/A, N/A"
2028,solar_Manchester,model,32.77716919768377,21600154.501273602,Location-based,"N/A, N/A"
2028,solar_Newcastle,model,29.182104360874842,19231006.773816522,Location-based,"N/A, N/A"
2028,solar_Nottingham,model,188.9321083287047,124506259.38861638,Location-based,"N/A, N/A"
2028,solar_Portsmouth,model,307.4823224752463,202630850.51118731,Location-based,"N/A, N/A"
2028,solar_Sheffield,model,124.1614391531376,81822388.40191768,Location-based,"N/A, N/A"
2028,solar_Birmingham,model,101.77207482563962,67067797.31009651,Location-based,"N/A, N/A"
2029,onshore_Ipswich,external,4.893203883495145,7770407.766990291,Location-based,"N/A, N/A"
2029,onshore_Edinburgh,external,105.0,166740000.0,Location-based,"N/A, N/A"
2029,onshore_Edinburgh,external,41.86636971046771,66483795.10022272,Location-based,"N/A, N/A"
2029,onshore_Edinburgh,external,19.8,31442400.0,Location-based,"N/A, N/A"
2029,onshore_Edinburgh,external,4.5086859688195995,7159793.318485524,Location-based,"N/A, N/A"
2029,onshore_Bournemouth,external,9.298969064,14766762.873631999,Location-based,"N/A, N/A"
2029,onshore_Edinburgh,external,70.0,111160000.0,Location-based,"N/A, N/A"
2029,onshore_Edinburgh,external,15.458351893095768,24547862.80623608,Location-based,"N/A, N/A"
2029,onshore_Cardiff,external,21.768421052631577,34568252.631578945,Location-based,"N/A, N/A"
2029,onshore_Cardiff,external,0.8245614035087718,1309403.5087719297,Location-based,"N/A, N/A"
2029,onshore_Edinburgh,external,4.938084632516704,7841678.3964365255,Location-based,"N/A, N/A"
2029,onshore_Edinburgh,external,40.25612472160356,63926726.05790646,Location-based,"N/A, N/A"
2029,onshore_Cardiff,external,30.014035087719297,47662287.71929824,Location-based,"N/A, N/A"
2029,onshore_Edinburgh,external,56.68062360801782,90008830.28953229,Location-based,"N/A, N/A"
2029,onshore_Edinburgh,external,35.42538975501114,56255518.93095769,Location-based,"N/A, N/A"
2029,onshore_Edinburgh,external,19.322939866369712,30684828.507795103,Location-based,"N/A, N/A"
2029,onshore_Edinburgh,external,42.510467706013365,67506622.71714923,Location-based,"N/A, N/A"
2029,onshore_Cardiff,external,10.994152046783626,17458713.450292397,Location-based,"N/A, N/A"
2029,onshore_Edinburgh,external,10.627616926503341,16876655.679287307,Location-based,"N/A, N/A"
2029,onshore_Edinburgh,external,2.2543429844097997,3579896.659242762,Location-based,"N/A, N/A"
2029,onshore_Edinburgh,external,55.82182628062361,88645060.13363029,Location-based,"N/A, N/A"
2029,onshore_Edinburgh,external,26.62271714922049,42276874.83296214,Location-based,"N/A, N/A"
2029,onshore_Edinburgh,external,67.30824053452116,106885485.9688196,Location-based,"N/A, N/A"
2029,onshore_Cardiff,external,1.9789473684210526,3142568.4210526315,Location-based,"N/A, N/A"
2029,onshore_Edinburgh,external,24.15367483296214,38356035.63474388,Location-based,"N/A, N/A"
2029,onshore_Cardiff,external,1.9239766081871343,3055274.8538011694,Location-based,"N/A, N/A"
2029,onshore_Edinburgh,external,10.305567928730513,16365241.870824054,Location-based,"N/A, N/A"
2029,onshore_Bournemouth,external,9.51030927,15102371.120760001,Location-based,"N/A, N/A"
2029,onshore_Newcastle,external,15.75,25011000.0,Location-based,"N/A, N/A"
2029,onshore_Edinburgh,external,31.882850779510022,50629967.03786191,Location-based,"N/A, N/A"
2029,onshore_Edinburgh,external,52.60133630289533,83530922.04899777,Location-based,"N/A, N/A"
2029,onshore_Edinburgh,external,2.2543429844097997,3579896.659242762,Location-based,"N/A, N/A"
2029,onshore_Edinburgh,external,71.38752783964365,113363394.20935412,Location-based,"N/A, N/A"
2029,onshore_Edinburgh,external,0.5367483296213809,852356.3474387528,Location-based,"N/A, N/A"
2029,onshore_Cardiff,external,16.71111111111111,26537244.44444444,Location-based,"N/A, N/A"
2029,onshore_Cardiff,external,1.6491228070175437,2618807.0175438593,Location-based,"N/A, N/A"
2029,onshore_Cardiff,model,73.54387764685403,116787677.7032042,Location-based,"N/A, N/A"
2029,onshore_Ipswich,model,33.97077940232676,53945597.6908949,Location-based,"N/A, N/A"
2029,onshore_Manchester,model,22.291294412981006,35398575.52781384,Location-based,"N/A, N/A"
2029,onshore_Newcastle,model,27.93022694560952,44353200.38962792,Location-based,"N/A, N/A"
2029,onshore_Birmingham,external,0.02539896303250523,40333.55329561831,Proportional,
2029,onshore_Bournemouth,external,0.82062773755682,1303156.84724023,Proportional,
2029,onshore_Cardiff,external,3.8141898530356038,6056933.486620539,Proportional,
2029,onshore_Edinburgh,external,31.551115612985654,50103171.59342122,Proportional,
2029,onshore_Ipswich,external,1.3295654171387086,2111349.8824162693,Proportional,
2029,onshore_London,external,0.034045418532932546,54064.12463029689,Proportional,
2029,onshore_Manchester,external,1.3228841689182647,2100740.0602422045,Proportional,
2029,onshore_Newcastle,external,1.3981054474566306,2220191.4505611295,Proportional,
2029,onshore_Nottingham,external,1.0767539115375884,1709885.2115216902,Proportional,
2029,onshore_Portsmouth,external,0.3050577581244511,484431.7199016283,Proportional,
2029,onshore_Sheffield,external,1.7622557116808417,2798462.0701491768,Proportional,
2029,onshore_Birmingham,external,0.0038012053518035045,6036.3140986639655,Proportional,
2029,onshore_Bournemouth,external,0.12281503555272137,195030.27645772154,Proportional,
2029,onshore_Cardiff,external,0.5708311344679136,906479.8415350467,Proportional,
2029,onshore_Edinburgh,external,4.721935669970643,7498433.843913381,Proportional,
2029,onshore_Ipswich,external,0.19898257943572514,315984.33614393155,Proportional,
2029,onshore_London,external,0.005095232705608953,8091.229536507018,Proportional,
2029,onshore_Manchester,external,0.19798266473606685,314396.47160087415,Proportional,
2029,onshore_Newcastle,external,0.20924027104793116,332273.5504241147,Proportional,
2029,onshore_Nottingham,external,0.1611468439035847,255901.1881188925,Proportional,
2029,onshore_Portsmouth,external,0.04565490257644847,72499.98529140017,Proportional,
2029,onshore_Sheffield,external,0.26373895004747294,418817.45267538703,Proportional,
2029,0.25c_battery,model,3082.1539554196097,1279093891.499138,,
2029,solar_Bournemouth,model,235.95555384839207,155494709.98609036,Location-based,"N/A, N/A"
2029,solar_Cardiff,model,97.56436259491069,64294914.950046144,Location-based,"N/A, N/A"
2029,solar_Edinburgh,model,89.00077473375272,58651510.549543045,Location-based,"N/A, N/A"
2029,solar_Ipswich,model,206.6109212875726,136156597.12851036,Location-based,"N/A, N/A"
2029,solar_London,model,4.084672406762392,2691799.116056416,Location-based,"N/A, N/A"
2029,solar_Manchester,model,37.0663567865235,24426729.122318987,Location-based,"N/A, N/A"
2029,solar_Newcastle,model,48.042373258740476,31659923.97750997,Location-based,"N/A, N/A"
2029,solar_Nottingham,model,298.74257441447963,196871356.53914207,Location-based,"N/A, N/A"
2029,solar_Portsmouth,model,283.0801148061934,186549795.65728146,Location-based,"N/A, N/A"
2029,solar_Sheffield,model,142.9072602273386,94175884.48981614,Location-based,"N/A, N/A"
2029,solar_Birmingham,model,101.031636875066,66579848.70066849,Location-based,"N/A, N/A"
2030,onshore_Bournemouth,external,3.2969072136,5235488.6551968,Location-based,"N/A, N/A"
2030,onshore_Ipswich,external,4.893203883495145,7770407.766990291,Location-based,"N/A, N/A"
2030,onshore_Ipswich,external,4.893203883495145,7770407.766990291,Location-based,"N/A, N/A"
2030,onshore_Edinburgh,external,42.93986636971047,68188507.79510023,Location-based,"N/A, N/A"
2030,onshore_Edinburgh,external,53.67483296213808,85235634.74387528,Location-based,"N/A, N/A"
2030,onshore_Edinburgh,external,2.6837416481069045,4261781.737193764,Location-based,"N/A, N/A"
2030,onshore_Birmingham,external,3.913043478260868,6213913.043478258,Location-based,"N/A, N/A"
2030,onshore_Edinburgh,external,26.783741648106904,42532581.73719376,Location-based,"N/A, N/A"
2030,onshore_Nottingham,external,24.1875,38409750.0,Location-based,"N/A, N/A"
2030,onshore_Bournemouth,external,1.0144329887999999,1610919.5862144,Location-based,"N/A, N/A"
2030,onshore_Edinburgh,external,59.57906458797328,94611554.56570156,Location-based,"N/A, N/A"
2030,onshore_Edinburgh,external,67.63028953229399,107396899.77728285,Location-based,"N/A, N/A"
2030,onshore_Edinburgh,external,18.034743875278398,28639173.273942094,Location-based,"N/A, N/A"
2030,onshore_Edinburgh,external,19.322939866369712,30684828.507795103,Location-based,"N/A, N/A"
2030,onshore_Edinburgh,external,8.4,13339200.0,Location-based,"N/A, N/A"
2030,onshore_Edinburgh,external,9.661469933184856,15342414.253897551,Location-based,"N/A, N/A"
2030,onshore_Edinburgh,external,15.780400890868597,25059276.61469933,Location-based,"N/A, N/A"
2030,onshore_Edinburgh,external,26.83741648106904,42617817.37193764,Location-based,"N/A, N/A"
2030,onshore_Edinburgh,external,31.882850779510022,50629967.03786191,Location-based,"N/A, N/A"
2030,onshore_Edinburgh,external,33.81514476614699,53698449.888641424,Location-based,"N/A, N/A"
2030,onshore_Cardiff,external,85.0,134980000.0,Location-based,"N/A, N/A"
2030,onshore_Edinburgh,external,67.2,106713600.0,Location-based,"N/A, N/A"
2030,onshore_Edinburgh,external,5.367483296213809,8523563.474387528,Location-based,"N/A, N/A"
2030,onshore_Edinburgh,external,24.15367483296214,38356035.63474388,Location-based,"N/A, N/A"
2030,onshore_Edinburgh,external,46.16035634743876,73302645.87973274,Location-based,"N/A, N/A"
2030,onshore_Edinburgh,external,49.38084632516704,78416783.96436526,Location-based,"N/A, N/A"
2030,onshore_Edinburgh,external,12.88195991091314,20456552.338530067,Location-based,"N/A, N/A"
2030,onshore_Edinburgh,external,60.0,95280000.0,Location-based,"N/A, N/A"
2030,onshore_Edinburgh,external,25.76391982182628,40913104.677060135,Location-based,"N/A, N/A"
2030,onshore_Edinburgh,external,78.90200445434299,125296383.07349665,Location-based,"N/A, N/A"
2030,onshore_Edinburgh,external,77.9358574610245,123762141.6481069,Location-based,"N/A, N/A"
2030,onshore_Edinburgh,external,2.415367483296214,3835603.563474388,Location-based,"N/A, N/A"
2030,onshore_Edinburgh,external,84.0,133392000.0,Location-based,"N/A, N/A"
2030,onshore_Edinburgh,external,31.882850779510022,50629967.03786191,Location-based,"N/A, N/A"
2030,onshore_Edinburgh,external,45.623608017817375,72450289.53229399,Location-based,"N/A, N/A"
2030,onshore_Edinburgh,external,28.984409799554566,46027242.76169265,Location-based,"N/A, N/A"
2030,onshore_Edinburgh,external,66.0,104808000.0,Location-based,"N/A, N/A"
2030,onshore_Edinburgh,external,85.8,136250400.0,Location-based,"N/A, N/A"
2030,onshore_Edinburgh,external,48.0,76224000.0,Location-based,"N/A, N/A"
2030,onshore_Edinburgh,external,18.356792873051226,29150587.082405347,Location-based,"N/A, N/A"
2030,onshore_Edinburgh,external,187.8619153674833,298324721.6035635,Location-based,"N/A, N/A"
2030,onshore_Edinburgh,external,222.0,352536000.0,Location-based,"N/A, N/A"
2030,onshore_Cardiff,external,18.690058479532162,29679812.865497075,Location-based,"N/A, N/A"
2030,onshore_Edinburgh,external,1.4492204899777283,2301362.138084633,Location-based,"N/A, N/A"
2030,onshore_Edinburgh,external,111.64365256124722,177290120.26726058,Location-based,"N/A, N/A"
2030,onshore_Edinburgh,external,66.6,105760799.99999999,Location-based,"N/A, N/A"
2030,onshore_Edinburgh,external,5.474832962138084,8694034.743875278,Location-based,"N/A, N/A"
2030,onshore_Cardiff,external,92.4,146731200.0,Location-based,"N/A, N/A"
2030,onshore_Edinburgh,external,26.569042316258354,42191639.19821826,Location-based,"N/A, N/A"
2030,onshore_Edinburgh,external,4.2,6669600.0,Location-based,"N/A, N/A"
2030,onshore_Edinburgh,external,28.34031180400891,45004415.144766144,Location-based,"N/A, N/A"
2030,onshore_Bournemouth,external,4.1,6510799.999999999,Location-based,"N/A, N/A"
2030,onshore_Edinburgh,external,6.763028953229399,10739689.977728285,Location-based,"N/A, N/A"
2030,onshore_Edinburgh,external,28.984409799554566,46027242.76169265,Location-based,"N/A, N/A"
2030,onshore_Cardiff,external,28.0,44464000.0,Location-based,"N/A, N/A"
2030,onshore_Cardiff,external,71.46198830409357,113481637.42690058,Location-based,"N/A, N/A"
2030,onshore_Cardiff,external,14.4,22867200.0,Location-based,"N/A, N/A"
2030,onshore_Edinburgh,external,60.0,95280000.0,Location-based,"N/A, N/A"
2030,onshore_Edinburgh,external,99.4,157847200.0,Location-based,"N/A, N/A"
2030,onshore_Edinburgh,external,26.62271714922049,42276874.83296214,Location-based,"N/A, N/A"
2030,onshore_Edinburgh,external,22.006681514476615,34946610.244988866,Location-based,"N/A, N/A"
2030,onshore_Edinburgh,external,11.271714922048998,17899483.29621381,Location-based,"N/A, N/A"
2030,onshore_Edinburgh,external,49.59554565701559,78757726.50334077,Location-based,"N/A, N/A"
2030,onshore_Edinburgh,external,30.916703786191537,49095725.61247216,Location-based,"N/A, N/A"
2030,onshore_Edinburgh,external,41.86636971046771,66483795.10022272,Location-based,"N/A, N/A"
2030,onshore_Edinburgh,external,10.734966592427618,17047126.948775057,Location-based,"N/A, N/A"
2030,onshore_Edinburgh,external,31.882850779510022,50629967.03786191,Location-based,"N/A, N/A"
2030,onshore_Edinburgh,external,29.628507795100226,47050070.37861916,Location-based,"N/A, N/A"
2030,onshore_Edinburgh,external,5.152783964365256,8182620.935412027,Location-based,"N/A, N/A"
2030,onshore_Edinburgh,external,57.96881959910913,92054485.5233853,Location-based,"N/A, N/A"
2030,onshore_Edinburgh,external,14.170155902004455,22502207.572383072,Location-based,"N/A, N/A"
2030,onshore_Edinburgh,external,67.63028953229399,107396899.77728285,Location-based,"N/A, N/A"
2030,onshore_Edinburgh,external,166.49933184855234,264400938.97550112,Location-based,"N/A, N/A"
2030,onshore_Edinburgh,external,2.1469933184855234,3409425.389755011,Location-based,"N/A, N/A"
2030,onshore_Edinburgh,external,45.89198218262806,72876467.70601337,Location-based,"N/A, N/A"
2030,onshore_Edinburgh,external,7.729175946547884,12273931.40311804,Location-based,"N/A, N/A"
2030,onshore_Edinburgh,external,37.57238307349666,59664944.32071269,Location-based,"N/A, N/A"
2030,onshore_Edinburgh,external,11.271714922048998,17899483.29621381,Location-based,"N/A, N/A"
2030,onshore_Edinburgh,external,31.560801781737194,50118553.22939866,Location-based,"N/A, N/A"
2030,onshore_Edinburgh,external,4.079287305122494,6477908.240534521,Location-based,"N/A, N/A"
2030,onshore_Edinburgh,external,25.54922048997773,40572162.138084635,Location-based,"N/A, N/A"
2030,onshore_Edinburgh,external,53.67483296213808,85235634.74387528,Location-based,"N/A, N/A"
2030,onshore_Edinburgh,external,38.96792873051225,61881070.82405345,Location-based,"N/A, N/A"
2030,onshore_Edinburgh,external,17.71269487750557,28127759.465478845,Location-based,"N/A, N/A"
2030,onshore_Edinburgh,external,53.67483296213808,85235634.74387528,Location-based,"N/A, N/A"
2030,onshore_Edinburgh,external,30.916703786191537,49095725.61247216,Location-based,"N/A, N/A"
2030,onshore_Edinburgh,external,35.42538975501114,56255518.93095769,Location-based,"N/A, N/A"
2030,onshore_Edinburgh,external,16.102449888641427,25570690.423162587,Location-based,"N/A, N/A"
2030,onshore_Edinburgh,external,19.322939866369712,30684828.507795103,Location-based,"N/A, N/A"
2030,onshore_Edinburgh,external,31.882850779510022,50629967.03786191,Location-based,"N/A, N/A"
2030,onshore_Edinburgh,external,0.5367483296213809,852356.3474387528,Location-based,"N/A, N/A"
2030,onshore_Sheffield,external,0.7616161616161616,1209446.4646464647,Location-based,"N/A, N/A"
2030,onshore_Edinburgh,external,56.68062360801782,90008830.28953229,Location-based,"N/A, N/A"
2030,onshore_Edinburgh,external,56.68062360801782,90008830.28953229,Location-based,"N/A, N/A"
2030,onshore_Edinburgh,external,6.118930957683742,9716862.360801782,Location-based,"N/A, N/A"
2030,onshore_Edinburgh,external,11.593763919821827,18410897.104677062,Location-based,"N/A, N/A"
2030,onshore_Edinburgh,external,24.15367483296214,38356035.63474388,Location-based,"N/A, N/A"
2030,onshore_Edinburgh,external,46.053006681514475,73132174.61024499,Location-based,"N/A, N/A"
2030,onshore_Edinburgh,external,69.77728285077951,110806325.16703787,Location-based,"N/A, N/A"
2030,onshore_Edinburgh,external,72.99777282850779,115920463.25167038,Location-based,"N/A, N/A"
2030,onshore_Edinburgh,external,2.6837416481069045,4261781.737193764,Location-based,"N/A, N/A"
2030,onshore_Edinburgh,external,17.71269487750557,28127759.465478845,Location-based,"N/A, N/A"
2030,onshore_Edinburgh,external,69.56258351893095,110465382.62806235,Location-based,"N/A, N/A"
2030,onshore_Edinburgh,external,27.052115812917595,42958759.91091314,Location-based,"N/A, N/A"
2030,onshore_Edinburgh,external,51.52783964365256,81826209.35412027,Location-based,"N/A, N/A"
2030,onshore_Edinburgh,external,57.96881959910913,92054485.5233853,Location-based,"N/A, N/A"
2030,onshore_Edinburgh,external,51.52783964365256,81826209.35412027,Location-based,"N/A, N/A"
2030,onshore_Edinburgh,external,5.555345211581292,8821888.195991091,Location-based,"N/A, N/A"
2030,onshore_Edinburgh,external,102.7336302895323,163141004.8997773,Location-based,"N/A, N/A"
2030,onshore_Edinburgh,external,45.08685968819599,71597933.18485524,Location-based,"N/A, N/A"
2030,onshore_Edinburgh,external,34.88864142538976,55403162.58351894,Location-based,"N/A, N/A"
2030,onshore_Sheffield,external,2.460606060606061,3907442.424242425,Location-based,"N/A, N/A"
2030,onshore_Edinburgh,external,142.7750556792873,226726788.41870824,Location-based,"N/A, N/A"
2030,onshore_Edinburgh,external,46.053006681514475,73132174.61024499,Location-based,"N/A, N/A"
2030,onshore_Edinburgh,external,12.88195991091314,20456552.338530067,Location-based,"N/A, N/A"
2030,onshore_Portsmouth,external,2.214285714285714,3516285.7142857136,Location-based,"N/A, N/A"
2030,onshore_Edinburgh,external,45.40890868596882,72109346.99331848,Location-based,"N/A, N/A"
2030,onshore_Edinburgh,external,53.67483296213808,85235634.74387528,Location-based,"N/A, N/A"
2030,onshore_Edinburgh,external,46.37505567928731,73643588.41870825,Location-based,"N/A, N/A"
2030,onshore_Edinburgh,external,3.864587973273942,6136965.70155902,Location-based,"N/A, N/A"
2030,onshore_Edinburgh,external,49.59554565701559,78757726.50334077,Location-based,"N/A, N/A"
2030,onshore_Sheffield,external,2.6949494949494945,4279579.797979797,Location-based,"N/A, N/A"
2030,onshore_Edinburgh,external,32.204899777282854,51141380.846325174,Location-based,"N/A, N/A"
2030,onshore_Edinburgh,external,29.95055679287305,47561484.1870824,Location-based,"N/A, N/A"
2030,onshore_Edinburgh,external,77.82850779510022,123591670.37861915,Location-based,"N/A, N/A"
2030,onshore_Cardiff,external,32.652631578947364,51852378.94736841,Location-based,"N/A, N/A"
2030,onshore_Edinburgh,external,0.9124721603563475,1449005.7906458797,Location-based,"N/A, N/A"
2030,onshore_Edinburgh,external,31.882850779510022,50629967.03786191,Location-based,"N/A, N/A"
2030,onshore_Edinburgh,external,25.76391982182628,40913104.677060135,Location-based,"N/A, N/A"
2030,onshore_Edinburgh,external,0.5367483296213809,852356.3474387528,Location-based,"N/A, N/A"
2030,onshore_Edinburgh,external,13.719287305122494,21786228.24053452,Location-based,"N/A, N/A"
2030,onshore_Edinburgh,external,35.42538975501114,56255518.93095769,Location-based,"N/A, N/A"
2030,onshore_Cardiff,external,8.24561403508772,13094035.087719299,Location-based,"N/A, N/A"
2030,onshore_Edinburgh,external,0.5367483296213809,852356.3474387528,Location-based,"N/A, N/A"
2030,onshore_Edinburgh,external,1.6102449888641426,2557069.0423162584,Location-based,"N/A, N/A"
2030,onshore_Edinburgh,external,100.4792873051225,159561108.2405345,Location-based,"N/A, N/A"
2030,onshore_Edinburgh,external,88.56347438752785,140638797.32739422,Location-based,"N/A, N/A"
2030,onshore_Edinburgh,external,21.899331848552336,34776138.97550111,Location-based,"N/A, N/A"
2030,onshore_Edinburgh,external,19.322939866369712,30684828.507795103,Location-based,"N/A, N/A"
2030,onshore_Sheffield,external,2.460606060606061,3907442.424242425,Location-based,"N/A, N/A"
2030,onshore_Edinburgh,external,54.10423162583519,85917519.82182628,Location-based,"N/A, N/A"
2030,onshore_Nottingham,external,0.4479166666666667,711291.6666666667,Location-based,"N/A, N/A"
2030,onshore_Edinburgh,external,16.102449888641427,25570690.423162587,Location-based,"N/A, N/A"
2030,onshore_Edinburgh,external,28.877060133630287,45856771.4922049,Location-based,"N/A, N/A"
2030,onshore_Edinburgh,external,53.67483296213808,85235634.74387528,Location-based,"N/A, N/A"
2030,onshore_Edinburgh,external,58.23719376391983,92480663.69710468,Location-based,"N/A, N/A"
2030,onshore_Edinburgh,external,16.102449888641427,25570690.423162587,Location-based,"N/A, N/A"
2030,onshore_Edinburgh,external,12.07683741648107,19178017.81737194,Location-based,"N/A, N/A"
2030,onshore_Cardiff,external,10.994152046783626,17458713.450292397,Location-based,"N/A, N/A"
2030,onshore_Bournemouth,external,0.845360824,1342432.988512,Location-based,"N/A, N/A"
2030,onshore_Bournemouth,external,0.422680412,671216.494256,Location-based,"N/A, N/A"
2030,onshore_Manchester,external,1.2376237623762374,1965346.534653465,Location-based,"N/A, N/A"
2030,onshore_Bournemouth,external,0.845360824,1342432.988512,Location-based,"N/A, N/A"
2030,onshore_Edinburgh,external,1.0734966592427617,1704712.6948775055,Location-based,"N/A, N/A"
2030,onshore_Edinburgh,external,12.88195991091314,20456552.338530067,Location-based,"N/A, N/A"
2030,onshore_Edinburgh,external,4.573095768374165,7262076.080178173,Location-based,"N/A, N/A"
2030,onshore_Edinburgh,external,7.729175946547884,12273931.40311804,Location-based,"N/A, N/A"
2030,onshore_Birmingham,model,0.1274027565839903,202315.5774553766,Location-based,"N/A, N/A"
2030,onshore_Bournemouth,model,16.344137602629477,25954490.51297561,Location-based,"N/A, N/A"
2030,onshore_Edinburgh,model,574.9384936693413,913002327.946914,Location-based,"N/A, N/A"
2030,onshore_London,model,0.7084943334091091,1125089.001453665,Location-based,"N/A, N/A"
2030,onshore_Nottingham,model,20.10154274594949,31921249.880567793,Location-based,"N/A, N/A"
2030,onshore_Portsmouth,model,5.907557998657603,9381202.101868274,Location-based,"N/A, N/A"
2030,onshore_Sheffield,model,40.743657058842686,64700927.40944219,Location-based,"N/A, N/A"
2030,onshore_Cardiff,model,70.55715853670377,112044767.75628558,Location-based,"N/A, N/A"
2030,onshore_Ipswich,model,32.02738919065708,50859494.03476345,Location-based,"N/A, N/A"
2030,onshore_Manchester,model,20.635171779779643,32768652.786290072,Location-based,"N/A, N/A"
2030,onshore_Newcastle,model,25.92016999711504,41161229.95541868,Location-based,"N/A, N/A"
2030,onshore_Birmingham,external,0.0010185984372403658,1617.5343183377008,Proportional,
2030,onshore_Bournemouth,external,0.025070248657803586,39811.554868592095,Proportional,
2030,onshore_Cardiff,external,0.13977887970941583,221968.86097855234,Proportional,
2030,onshore_Edinburgh,external,1.315835954335848,2089547.4954853265,Proportional,
2030,onshore_Ipswich,external,0.04048837162519478,64295.53414080931,Proportional,
2030,onshore_London,external,0.0010093717183962232,1602.8822888132024,Proportional,
2030,onshore_Manchester,external,0.03879282793849812,61603.01076633501,Proportional,
2030,onshore_Newcastle,external,0.041210666443603834,65442.53831244289,Proportional,
2030,onshore_Nottingham,external,0.033611973500007726,53375.81391801227,Proportional,
2030,onshore_Portsmouth,external,0.009178406956282355,14575.31024657638,Proportional,
2030,onshore_Sheffield,external,0.05318837414709657,84463.13814558934,Proportional,
2030,onshore_Birmingham,external,0.012754623909792408,20254.342768750343,Proportional,
2030,onshore_Bournemouth,external,0.3139231136281493,498509.9044415011,Proportional,
2030,onshore_Cardiff,external,1.7502746676657288,2779436.1722531775,Proportional,
2030,onshore_Edinburgh,external,16.47655455864019,26164768.63912062,Proportional,
2030,onshore_Ipswich,external,0.5069848273067868,805091.9057631776,Proportional,
2030,onshore_London,external,0.012639089343396187,20070.873877313144,Proportional,
2030,onshore_Manchester,external,0.48575367157771565,771376.8304654125,Proportional,
2030,onshore_Newcastle,external,0.5160292145981699,819454.3927818937,Proportional,
2030,onshore_Nottingham,external,0.42088036382618377,668358.0177559798,Proportional,
2030,onshore_Portsmouth,external,0.1149296175395356,182508.23265278252,Proportional,
2030,onshore_Sheffield,external,0.6660109458419049,1057625.381996945,Proportional,
2030,onshore_Birmingham,external,0.022320591842136712,35445.099845313096,Proportional,
2030,onshore_Bournemouth,external,0.5493654488492612,872392.3327726268,Proportional,
2030,onshore_Cardiff,external,3.062980668415025,4864013.30144306,Proportional,
2030,onshore_Edinburgh,external,28.833970477620326,45788345.11846108,Proportional,
2030,onshore_Ipswich,external,0.887223447786877,1408910.8350855608,Proportional,
2030,onshore_London,external,0.022118406350943327,35124.029285298006,Proportional,
2030,onshore_Manchester,external,0.8500689252610024,1349909.4533144718,Proportional,
2030,onshore_Newcastle,external,0.9030511255467971,1434045.1873683138,Proportional,
2030,onshore_Nottingham,external,0.7365406366958216,1169626.5310729647,Proportional,
2030,onshore_Portsmouth,external,0.20112683069418727,319389.40714236937,Proportional,
2030,onshore_Sheffield,external,1.1655191552233335,1850844.4184946537,Proportional,
2030,onshore_Birmingham,external,0.0038972461946587917,6188.826957118161,Proportional,
2030,onshore_Bournemouth,external,0.09592095138637896,152322.47080156978,Proportional,
2030,onshore_Cardiff,external,0.5348061484534172,849272.1637440266,Proportional,
2030,onshore_Edinburgh,external,5.034502781806724,7994790.417509078,Proportional,
2030,onshore_Ipswich,external,0.15491203056596267,246000.30453874872,Proportional,
2030,onshore_London,external,0.0038619439660377247,6132.767018067907,Proportional,
2030,onshore_Manchester,external,0.1484247329820798,235698.47597554274,Proportional,
2030,onshore_Newcastle,external,0.15767559334944078,250388.84223891198,Proportional,
2030,onshore_Nottingham,external,0.12860233339133395,204220.5054254383,Proportional,
2030,onshore_Portsmouth,external,0.03511738313708032,55766.404421683554,Proportional,
2030,onshore_Sheffield,external,0.2035033445628043,323163.31116573326,Proportional,
2030,onshore_Birmingham,external,0.007440197280712238,11815.033281771035,Proportional,
2030,onshore_Bournemouth,external,0.18312181628308707,290797.44425754226,Proportional,
2030,onshore_Cardiff,external,1.0209935561383419,1621337.7671476868,Proportional,
2030,onshore_Edinburgh,external,9.611323492540109,15262781.706153693,Proportional,
2030,onshore_Ipswich,external,0.29574114926229234,469636.94502852025,Proportional,
2030,onshore_London,external,0.007372802116981109,11708.009761766001,Proportional,
2030,onshore_Manchester,external,0.28335630842033416,449969.81777149066,Proportional,
2030,onshore_Newcastle,external,0.3010170418489324,478015.0624561047,Proportional,
2030,onshore_Nottingham,external,0.24551354556527386,389875.5103576549,Proportional,
2030,onshore_Portsmouth,external,0.06704227689806243,106463.13571412314,Proportional,
2030,onshore_Sheffield,external,0.38850638507444457,616948.139498218,Proportional,
2030,CCGT,model,740.314331363347,1776754395.272033,,
2030,OCGT,model,22.673025476277026,54415261.143064864,,
2030,bio_and_waste,model,198.78550241094442,298178253.61641663,,
2030,0.25c_battery,model,3873.1961925142255,1607376419.8934035,,
2030,solar_Bournemouth,model,236.30567475507306,155725439.66359314,Location-based,"N/A, N/A"
2030,solar_Cardiff,model,96.48678283675888,63584789.8894241,Location-based,"N/A, N/A"
2030,solar_Edinburgh,model,86.65635133266998,57106535.52822952,Location-based,"N/A, N/A"
2030,solar_Ipswich,model,204.82083415449443,134976929.70781183,Location-based,"N/A, N/A"
2030,solar_London,model,3.916090980764367,2580703.9563237177,Location-based,"N/A, N/A"
2030,solar_Manchester,model,36.55641400299623,24090676.827974513,Location-based,"N/A, N/A"
2030,solar_Newcastle,model,46.78957422732138,30834329.41580479,Location-based,"N/A, N/A"
2030,solar_Nottingham,model,289.69391406098066,190908289.36618626,Location-based,"N/A, N/A"
2030,solar_Portsmouth,model,282.54904643146324,186199821.59833428,Location-based,"N/A, N/A"
2030,solar_Sheffield,model,141.15019364717938,93017977.6134912,Location-based,"N/A, N/A"
2030,solar_Birmingham,model,101.92243428242325,67166884.19211693,Location-based,"N/A, N/A"
2031,CCGT,model,678.3664510478699,1628079482.5148878,,
2031,OCGT,model,22.673025476277026,54415261.143064864,,
2031,bio_and_waste,model,181.8449410821647,272767411.623247,,
2031,onshore_Birmingham,model,0.1351681268190608,214646.98538866855,Location-based,"N/A, N/A"
2031,onshore_Bournemouth,model,15.376286864087717,24417543.540171295,Location-based,"N/A, N/A"
2031,onshore_Edinburgh,model,542.9235477844776,862162593.8817505,Location-based,"N/A, N/A"
2031,onshore_London,model,0.6559074730427472,1041581.0671918825,Location-based,"N/A, N/A"
2031,onshore_Nottingham,model,18.698551943878005,29693300.486878272,Location-based,"N/A, N/A"
2031,onshore_Portsmouth,model,5.573059998320829,8850019.277333478,Location-based,"N/A, N/A"
2031,onshore_Sheffield,model,37.81853429306044,60055832.457379974,Location-based,"N/A, N/A"
2031,onshore_Cardiff,model,46.57603322854202,73962740.76692474,Location-based,"N/A, N/A"
2031,onshore_Ipswich,model,21.744292986930706,34529937.26324596,Location-based,"N/A, N/A"
2031,onshore_Manchester,model,13.2895387199741,21103787.48731887,Location-based,"N/A, N/A"
2031,onshore_Newcastle,model,16.867348960715987,26785350.149616987,Location-based,"N/A, N/A"
2031,0.25c_battery,model,4261.54985446386,1768543189.602502,,
2031,solar_Bournemouth,model,238.33342632655913,157061727.94920248,Location-based,"N/A, N/A"
2031,solar_Cardiff,model,97.46506148412631,64229475.51803924,Location-based,"N/A, N/A"
2031,solar_Edinburgh,model,87.65865575108084,57767054.13996228,Location-based,"N/A, N/A"
2031,solar_Ipswich,model,207.1168629308261,136490012.6714144,Location-based,"N/A, N/A"
2031,solar_London,model,3.96520273838637,2613068.6045966176,Location-based,"N/A, N/A"
2031,solar_Manchester,model,36.870298221789845,24297526.528159507,Location-based,"N/A, N/A"
2031,solar_Newcastle,model,47.540918083770855,31329465.017204992,Location-based,"N/A, N/A"
2031,solar_Nottingham,model,292.24900936017536,192592097.16835555,Location-based,"N/A, N/A"
2031,solar_Portsmouth,model,285.5474367879365,188175760.84325013,Location-based,"N/A, N/A"
2031,solar_Sheffield,model,142.94792692337717,94202683.84250556,Location-based,"N/A, N/A"
2031,solar_Birmingham,model,89.09781513232714,58715460.172203586,Location-based,"N/A, N/A"
2032,CCGT,model,594.3974663867805,1426553919.328273,,
2032,OCGT,model,22.673025476277026,54415261.143064864,,
2032,onshore_Birmingham,model,0.08475499853706424,134590.937676858,Location-based,"N/A, N/A"
2032,onshore_Bournemouth,model,10.508310762978429,16687197.491609745,Location-based,"N/A, N/A"
2032,onshore_Edinburgh,model,354.502474273595,562949929.1464689,Location-based,"N/A, N/A"
2032,onshore_London,model,0.4243501347203489,673868.013935914,Location-based,"N/A, N/A"
2032,onshore_Nottingham,model,12.23015968259438,19421493.575959876,Location-based,"N/A, N/A"
2032,onshore_Portsmouth,model,3.843510488402408,6103494.655583024,Location-based,"N/A, N/A"
2032,onshore_Sheffield,model,24.37947647912061,38714608.64884353,Location-based,"N/A, N/A"
2032,onshore_Cardiff,model,42.25858398992401,67106631.37599933,Location-based,"N/A, N/A"
2032,onshore_Ipswich,model,19.81204501972593,31461527.491324775,Location-based,"N/A, N/A"
2032,onshore_Manchester,model,11.974561381267343,19015603.47345254,Location-based,"N/A, N/A"
2032,onshore_Newcastle,model,15.22341394147412,24174781.339060903,Location-based,"N/A, N/A"
2032,0.25c_battery,model,5647.79140920391,2343833434.8196225,,
2032,solar_Bournemouth,model,207.37825636630473,136662270.9453948,Location-based,"N/A, N/A"
2032,solar_Cardiff,model,85.054997019982,56051243.036168136,Location-based,"N/A, N/A"
2032,solar_Edinburgh,model,77.11151289922432,50816487.00058883,Location-based,"N/A, N/A"
2032,solar_Ipswich,model,180.43182759183225,118904574.38301745,Location-based,"N/A, N/A"
2032,solar_London,model,3.458462055584951,2279126.4946304825,Location-based,"N/A, N/A"
2032,solar_Manchester,model,32.3497199841454,21318465.46955182,Location-based,"N/A, N/A"
2032,solar_Newcastle,model,41.7478619599666,27511841.031617988,Location-based,"N/A, N/A"
2032,solar_Nottingham,model,255.18078636822523,168164138.2166604,Location-based,"N/A, N/A"
2032,solar_Portsmouth,model,248.60845372147813,163832971.00245407,Location-based,"N/A, N/A"
2032,solar_Sheffield,model,125.56953696165954,82750324.85773364,Location-based,"N/A, N/A"
2032,solar_Birmingham,model,87.05091459328588,57366552.7169754,Location-based,"N/A, N/A"
2033,offshore10,model,26.734376813947865,106295882.21225671,Location-based,"N/A, N/A"
2033,offshore11,model,21.51406744561755,85539932.16377537,Location-based,"N/A, N/A"
2033,offshore12,model,34.05673991665216,135409597.908609,Location-based,"N/A, N/A"
2033,offshore16,model,47.33383406494468,188199324.24222004,Location-based,"N/A, N/A"
2033,offshore18,model,47.61475296438059,189316257.78637722,Location-based,"N/A, N/A"
2033,offshore2,model,10.190746767768331,40518409.14864688,Location-based,"N/A, N/A"
2033,offshore9,model,36.31344367702951,144382252.05986935,Location-based,"N/A, N/A"
2033,offshore1,external,2.1874876354489015,8697450.838544833,Proportional,
2033,offshore10,external,3.3488257926614966,13314931.35162211,Proportional,
2033,offshore11,external,2.7929389021531406,11104725.074960887,Proportional,
2033,offshore12,external,4.116336428380625,16366553.639241364,Proportional,
2033,offshore13,external,5.220830804309127,20758023.27793309,Proportional,
2033,offshore15,external,8.565130433219288,34054958.60247989,Proportional,
2033,offshore16,external,5.892205602037288,23427409.47370026,Proportional,
2033,offshore17,external,6.677806842720975,26550960.0066586,Proportional,
2033,offshore18,external,7.454296940887508,29638284.636968732,Proportional,
2033,offshore2,external,1.283350973982354,5102603.47255384,Proportional,
2033,offshore20,external,0.4182060850996975,1662787.3943563972,Proportional,
2033,offshore21,external,7.918934579145883,31485683.886684034,Proportional,
2033,offshore3,external,17.11946845133923,68067006.56252478,Proportional,
2033,offshore5,external,2.1854640576177737,8689405.09308827,Proportional,
2033,offshore6,external,5.780687337587754,22984012.854248907,Proportional,
2033,offshore7,external,6.273091276495463,24941810.91534596,Proportional,
2033,offshore8,external,8.416060199659556,33462255.353846397,Proportional,
2033,offshore9,external,4.348877657253948,17291137.5652417,Proportional,
2033,offshore1,external,82.21307696562121,326879194.01530993,Proportional,
2033,offshore10,external,125.86003604086123,500419503.29846424,Proportional,
2033,offshore11,external,104.96795373925553,417352584.06728,Proportional,
2033,offshore12,external,154.70564409997178,615109640.9414878,Proportional,
2033,offshore13,external,196.21622439528466,780155708.1956518,Proportional,
2033,offshore15,external,321.90615211515825,1279898860.8098693,Proportional,
2033,offshore16,external,221.4487272099014,880480139.386568,Proportional,
2033,offshore17,external,250.9742405055966,997873580.2502521,Proportional,
2033,offshore18,external,280.1573266950221,1113905530.9394078,Proportional,
2033,offshore2,external,48.2326074388368,191772847.17681512,Proportional,
2033,offshore20,external,15.717578698330296,62493092.90456126,Proportional,
2033,offshore21,external,297.61995793289947,1183336952.7412083,Proportional,
2033,offshore3,external,643.4066892961661,2558184996.6415563,Proportional,
2033,offshore5,external,82.13702416546799,326576808.0819007,Proportional,
2033,offshore6,external,217.2574991043397,863815816.4388547,Proportional,
2033,offshore7,external,235.76368047495444,937396393.5684189,Proportional,
2033,offshore8,external,316.303595837205,1257623097.0487273,Proportional,
2033,offshore9,external,163.44531861846087,649858586.8270004,Proportional,
2033,offshore1,external,30.077954987422398,119589949.02999145,Proportional,
2033,offshore10,external,46.046354649095576,183080306.084804,Proportional,
2033,offshore11,external,38.402909904605686,152689969.78071222,Proportional,
2033,offshore12,external,56.59962589023358,225040112.53956872,Proportional,
2033,offshore13,external,71.7864235592505,285422820.07158,Proportional,
2033,offshore15,external,117.77054345676521,468255680.7840985,Proportional,
2033,offshore16,external,81.01782702801272,322126880.26337856,Proportional,
2033,offshore17,external,91.8198440874134,365075700.09155566,Proportional,
2033,offshore18,external,102.49658293720323,407526413.75832003,Proportional,
2033,offshore2,external,17.646075892257368,70160797.7476153,Proportional,
2033,offshore20,external,5.75033367012084,22863326.67240046,Proportional,
2033,offshore21,external,108.8853504632559,432928153.4419055,Proportional,
2033,offshore3,external,235.39269120591445,935921340.2347158,Proportional,
2033,offshore5,external,30.050130792244392,119479320.0299637,Proportional,
2033,offshore6,external,79.48445089183161,316030176.7459225,Proportional,
2033,offshore7,external,86.25500505181262,342949900.08600694,Proportional,
2033,offshore8,external,115.72082774531891,460106011.115388,Proportional,
2033,offshore9,external,59.79706778724179,237753141.52207336,Proportional,
2033,offshore1,external,60.155909974844796,239179898.0599829,Proportional,
2033,offshore10,external,92.09270929819115,366160612.169608,Proportional,
2033,offshore11,external,76.80581980921137,305379939.56142443,Proportional,
2033,offshore12,external,113.19925178046716,450080225.07913744,Proportional,
2033,offshore13,external,143.572847118501,570845640.14316,Proportional,
2033,offshore15,external,235.54108691353042,936511361.568197,Proportional,
2033,offshore16,external,162.03565405602544,644253760.5267571,Proportional,
2033,offshore17,external,183.6396881748268,730151400.1831113,Proportional,
2033,offshore18,external,204.99316587440646,815052827.5166401,Proportional,
2033,offshore2,external,35.292151784514736,140321595.4952306,Proportional,
2033,offshore20,external,11.50066734024168,45726653.34480092,Proportional,
2033,offshore21,external,217.7707009265118,865856306.883811,Proportional,
2033,offshore3,external,470.7853824118289,1871842680.4694316,Proportional,
2033,offshore5,external,60.100261584488784,238958640.0599274,Proportional,
2033,offshore6,external,158.96890178366323,632060353.491845,Proportional,
2033,offshore7,external,172.51001010362523,685899800.1720139,Proportional,
2033,offshore8,external,231.44165549063783,920212022.230776,Proportional,
2033,offshore9,external,119.59413557448357,475506283.0441467,Proportional,
2033,offshore1,external,18.046772992453437,71753969.41799487,Proportional,
2033,offshore10,external,27.627812789457348,109848183.65088242,Proportional,
2033,offshore11,external,23.041745942763413,91613981.86842734,Proportional,
2033,offshore12,external,33.95977553414015,135024067.52374125,Proportional,
2033,offshore13,external,43.071854135550296,171253692.04294798,Proportional,
2033,offshore15,external,70.66232607405912,280953408.4704591,Proportional,
2033,offshore16,external,48.61069621680763,193276128.15802714,Proportional,
2033,offshore17,external,55.09190645244804,219045420.05493343,Proportional,
2033,offshore18,external,61.49794976232194,244515848.254992,Proportional,
2033,offshore2,external,10.58764553535442,42096478.648569174,Proportional,
2033,offshore20,external,3.450200202072504,13717996.003440278,Proportional,
2033,offshore21,external,65.33121027795355,259756892.0651433,Proportional,
2033,offshore3,external,141.23561472354865,561552804.1408294,Proportional,
2033,offshore5,external,18.030078475346635,71687592.01797822,Proportional,
2033,offshore6,external,47.69067053509897,189618106.04755348,Proportional,
2033,offshore7,external,51.753003031087566,205769940.05160415,Proportional,
2033,offshore8,external,69.43249664719134,276063606.6692328,Proportional,
2033,offshore9,external,35.87824067234507,142651884.913244,Proportional,
2033,offshore1,external,0.046119530980714335,183371.2551793202,Proportional,
2033,offshore10,external,0.07060441046194654,280723.13599669945,Proportional,
2033,offshore11,external,0.058884461853728705,234124.62033042533,Proportional,
2033,offshore12,external,0.08678609303169148,345061.5058940053,Proportional,
2033,offshore13,external,0.11007251612418407,437648.32410975586,Proportional,
2033,offshore15,external,0.18058149996703995,717992.0438689509,Proportional,
2033,offshore16,external,0.12422733477628614,493927.8830705137,Proportional,
2033,offshore17,external,0.14079042760070054,559782.7401403853,Proportional,
2033,offshore18,external,0.15716142717037826,624873.8344294239,Proportional,
2033,offshore2,external,0.02705731636812796,107579.88987967678,Proportional,
2033,offshore20,external,0.008817178294185287,35057.100897680706,Proportional,
2033,offshore21,external,0.16695753737699234,663823.1686109216,Proportional,
2033,offshore3,external,0.3609354598490687,1435079.3883598973,Proportional,
2033,offshore5,external,0.046076867214774726,183201.6240459443,Proportional,
2033,offshore6,external,0.12187615803414177,484579.60434374766,Proportional,
2033,offshore7,external,0.1322576744127793,525856.5134652106,Proportional,
2033,offshore8,external,0.1774386025428223,705495.8837102614,Proportional,
2033,offshore9,external,0.09168883727377072,364554.8170005124,Proportional,
2033,CCGT,model,574.6574816375866,1379177955.9302077,,
2033,OCGT,model,22.673025476277026,54415261.143064864,,
2033,onshore_Birmingham,model,0.07608950456985587,120830.13325693112,Location-based,"N/A, N/A"
2033,onshore_Bournemouth,model,9.58924209521735,15227716.44720515,Location-based,"N/A, N/A"
2033,onshore_Edinburgh,model,321.10380322789337,509912839.52589464,Location-based,"N/A, N/A"
2033,onshore_London,model,0.381601823783404,605983.6961680456,Location-based,"N/A, N/A"
2033,onshore_Nottingham,model,11.053651310115061,17553198.280462716,Location-based,"N/A, N/A"
2033,onshore_Portsmouth,model,3.515723598860281,5582969.074990126,Location-based,"N/A, N/A"
2033,onshore_Sheffield,model,21.966228741474076,34882371.24146083,Location-based,"N/A, N/A"
2033,onshore_Cardiff,model,45.7138576237227,72593605.90647165,Location-based,"N/A, N/A"
2033,onshore_Ipswich,model,20.75297577286418,32955725.527308315,Location-based,"N/A, N/A"
2033,onshore_Manchester,model,12.014419839692383,19078898.705431506,Location-based,"N/A, N/A"
2033,onshore_Newcastle,model,15.8907521507017,25234514.4153143,Location-based,"N/A, N/A"
2033,0.25c_battery,model,5677.132528683303,2356009999.4035707,,
2033,solar_Bournemouth,model,203.70413826971307,134241027.1197409,Location-based,"N/A, N/A"
2033,solar_Cardiff,model,83.45596349565665,54997479.94363773,Location-based,"N/A, N/A"
2033,solar_Edinburgh,model,75.86627607036797,49995875.93037249,Location-based,"N/A, N/A"
2033,solar_Ipswich,model,177.57971571316025,117025032.65497261,Location-based,"N/A, N/A"
2033,solar_London,model,3.4017528008189735,2241755.0957397036,Location-based,"N/A, N/A"
2033,solar_Manchester,model,31.80964990651637,20962559.288394287,Location-based,"N/A, N/A"
2033,solar_Newcastle,model,41.21081987949113,27157930.300584655,Location-based,"N/A, N/A"
2033,solar_Nottingham,model,250.793808333741,165273119.69193533,Location-based,"N/A, N/A"
2033,solar_Portsmouth,model,244.4847536825826,161115452.67682195,Location-based,"N/A, N/A"
2033,solar_Sheffield,model,123.9615397443119,81690654.69150154,Location-based,"N/A, N/A"
2033,solar_Birmingham,model,84.90521042783585,55952533.67194383,Location-based,"N/A, N/A"
2034,offshore1,model,16.204282557494587,64428227.448598474,Location-based,"N/A, N/A"
2034,offshore13,model,48.50420459912404,192852717.48611718,Location-based,"N/A, N/A"
2034,offshore15,model,77.1863407398774,306892890.7817525,Location-based,"N/A, N/A"
2034,offshore17,model,61.25876027609986,243564830.85777307,Location-based,"N/A, N/A"
2034,offshore20,model,3.3313193847012457,13245325.873572152,Location-based,"N/A, N/A"
2034,offshore21,model,69.30568645970381,275559409.36378235,Location-based,"N/A, N/A"
2034,offshore3,model,160.19595539089045,636939118.6341804,Location-based,"N/A, N/A"
2034,offshore5,model,18.05369370275054,71781486.16213615,Location-based,"N/A, N/A"
2034,offshore6,model,51.42949926406288,204483689.07391402,Location-based,"N/A, N/A"
2034,offshore7,model,52.25112953859932,207750491.0454709,Location-based,"N/A, N/A"
2034,offshore8,model,68.85750697816844,273777447.7451977,Location-based,"N/A, N/A"
2034,offshore10,model,25.103260558570874,99810563.98087779,Location-based,"N/A, N/A"
2034,offshore11,model,20.307514054088855,80742675.87905729,Location-based,"N/A, N/A"
2034,offshore12,model,32.14895079596807,127824228.36476904,Location-based,"N/A, N/A"
2034,offshore16,model,44.49671126507063,176918923.98992082,Location-based,"N/A, N/A"
2034,offshore18,model,44.556842985970185,177158007.71221745,Location-based,"N/A, N/A"
2034,offshore2,model,9.566355507360365,38035829.49726481,Location-based,"N/A, N/A"
2034,offshore9,model,34.24194933411775,136145990.55245218,Location-based,"N/A, N/A"
2034,offshore1,external,56.70541073313735,225460713.0749541,Proportional,
2034,offshore10,external,86.83415006077473,345252580.6416403,Proportional,
2034,offshore11,external,72.36959402713138,287741505.8518744,Proportional,
2034,offshore12,external,106.83941325684901,424793507.10923165,Proportional,
2034,offshore13,external,136.12805251971227,541245136.818376,Proportional,
2034,offshore15,external,223.13535573887356,887186174.4177612,Proportional,
2034,offshore16,external,152.8096721912496,607571256.6324084,Proportional,
2034,offshore17,external,174.0544338364999,692040428.9339236,Proportional,
2034,offshore18,external,192.3775100615465,764892980.0047089,Proportional,
2034,offshore2,external,33.27261694225599,132291924.96240982,Proportional,
2034,offshore20,external,10.859763207111019,43178418.51147341,Proportional,
2034,offshore21,external,206.13548371382223,819594683.2461572,Proportional,
2034,offshore3,external,446.4656377664252,1775147375.7593064,Proportional,
2034,offshore5,external,56.80287583782266,225848234.3311829,Proportional,
2034,offshore6,external,150.54273939059445,598557931.8170035,Proportional,
2034,offshore7,external,163.07989672517232,648405669.3792851,Proportional,
2034,offshore8,external,218.690117986311,869511909.1135726,Proportional,
2034,offshore9,external,112.89727600471079,448879569.3947301,Proportional,
2034,offshore1,external,61.06736540491715,242803844.84995058,Proportional,
2034,offshore10,external,93.51370006544971,371810471.460228,Proportional,
2034,offshore11,external,77.93648587537226,309875467.8404801,Proportional,
2034,offshore12,external,115.05782966122202,457469930.73301876,Proportional,
2034,offshore13,external,146.59944117507476,582879378.1120973,Proportional,
2034,offshore15,external,240.29961387263307,955431264.7575891,Proportional,
2034,offshore16,external,164.56426235980726,654307507.1425936,Proportional,
2034,offshore17,external,187.44323643930758,745274308.0826869,Proportional,
2034,offshore18,external,207.17578006628085,823730901.5435326,Proportional,
2034,offshore2,external,35.83204901473722,142468226.8825952,Proportional,
2034,offshore20,external,11.695129607658021,46499835.320048295,Proportional,
2034,offshore21,external,221.99205938411626,882640428.1112462,Proportional,
2034,offshore3,external,480.8091483638425,1911697173.8946378,Proportional,
2034,offshore5,external,61.17232782534748,243221175.4335816,Proportional,
2034,offshore6,external,162.12295011294788,644600849.6490808,Proportional,
2034,offshore7,external,175.6245041655702,698283028.5623071,Proportional,
2034,offshore8,external,235.51243475448877,936397440.5838473,Proportional,
2034,offshore9,external,121.581681851227,483408767.0404786,Proportional,
2034,offshore1,external,6.913698154770977,27488863.8633694,Proportional,
2034,offshore10,external,10.587086757409843,42094256.94746153,Proportional,
2034,offshore11,external,8.823523579461789,35082329.75194007,Proportional,
2034,offshore12,external,13.026190000931207,51792131.44370248,Proportional,
2034,offshore13,external,16.597151018749535,65990272.45054815,Proportional,
2034,offshore15,external,27.205349142008817,108168468.18862706,Proportional,
2034,offshore16,external,18.631025417163894,74076957.05864364,Proportional,
2034,offshore17,external,21.221252125450178,84375698.45078991,Proportional,
2034,offshore18,external,23.45525795750394,93258105.63903566,Proportional,
2034,offshore2,external,4.0566998348827505,16129438.543493817,Proportional,
2034,offshore20,external,1.3240557448669974,5264445.641591182,Proportional,
2034,offshore21,external,25.13267243741602,99927505.61116609,Proportional,
2034,offshore3,external,54.434464296906455,216431430.04450005,Proportional,
2034,offshore5,external,6.92558140022684,27536111.647301916,Proportional,
2034,offshore6,external,18.35463399493017,72978024.76384234,Proportional,
2034,offshore7,external,19.883202793030623,79055614.30508976,Proportional,
2034,offshore8,external,26.663372077561764,106013567.38038558,Proportional,
2034,offshore9,external,13.7647832667282,54728778.268511325,Proportional,
2034,offshore1,external,8.76752889027739,34859694.8677429,Proportional,
2034,offshore10,external,13.425895509396709,53381360.54536131,Proportional,
2034,offshore11,external,11.18945261496416,44489263.5970975,Proportional,
2034,offshore12,external,16.519016972789732,65679611.483811975,Proportional,
2034,offshore13,external,21.04749119727859,83684825.00037967,Proportional,
2034,offshore15,external,34.50015884885661,137172631.58305386,Proportional,
2034,offshore16,external,23.6267262388009,93939863.52547237,Proportional,
2034,offshore17,external,26.911493231643444,107000097.08901434,Proportional,
2034,offshore18,external,29.744522709516033,118264222.29303575,Proportional,
2034,offshore2,external,5.144458465687273,20454366.859572597,Proportional,
2034,offshore20,external,1.679086465099473,6676047.785235505,Proportional,
2034,offshore21,external,31.871717097290976,126721947.17882892,Proportional,
2034,offshore3,external,69.03045630080881,274465094.2520158,Proportional,
2034,offshore5,external,8.782598494924889,34919611.615821354,Proportional,
2034,offshore6,external,23.27622355193037,92546264.84247516,Proportional,
2034,offshore7,external,25.21466095519972,100253491.95787407,Proportional,
2034,offshore8,external,33.812856704037316,134439918.25525236,Proportional,
2034,offshore9,external,17.45565575149759,69403687.26795442,Proportional,
2034,offshore1,external,26.17172803067878,104058790.64997882,Proportional,
2034,offshore10,external,40.077300028049876,159347344.91152632,Proportional,
2034,offshore11,external,33.40135108944526,132803771.93163434,Proportional,
2034,offshore12,external,49.310498426238006,196058541.7427223,Proportional,
2034,offshore13,external,62.82833193217489,249805447.76232737,Proportional,
2034,offshore15,external,102.98554880255703,409470542.0389668,Proportional,
2034,offshore16,external,70.52754101134597,280417503.06111157,Proportional,
2034,offshore17,external,80.3328156168461,319403274.8925801,Proportional,
2034,offshore18,external,88.78962002840608,353027529.2329426,Proportional,
2034,offshore2,external,15.356592434887382,61057811.52111223,Proportional,
2034,offshore20,external,5.012198403282009,19928500.85144927,Proportional,
2034,offshore21,external,95.13945402176411,378274469.1905341,Proportional,
2034,offshore3,external,206.06106358450393,819298788.8119876,Proportional,
2034,offshore5,external,26.21671192514892,104237646.61439212,Proportional,
2034,offshore6,external,69.48126433412051,276257506.9924632,Proportional,
2034,offshore7,external,75.26764464238722,299264155.0981316,Proportional,
2034,offshore8,external,100.93390060906661,401313188.82164884,Proportional,
2034,offshore9,external,52.10643507909729,207175185.87449083,Proportional,
2034,offshore1,external,12.562429454725812,49948219.51198983,Proportional,
2034,offshore10,external,19.23710401346394,76486725.55753264,Proportional,
2034,offshore11,external,16.032648522933723,63745810.52718448,Proportional,
2034,offshore12,external,23.66903924459424,94108100.0365067,Proportional,
2034,offshore13,external,30.157599327443947,119906614.92591713,Proportional,
2034,offshore15,external,49.433063425227374,196545860.17870405,Proportional,
2034,offshore16,external,33.853219685446064,134600401.46933356,Proportional,
2034,offshore17,external,38.55975149608613,153313571.94843844,Proportional,
2034,offshore18,external,42.61901761363492,169453214.03181243,Proportional,
2034,offshore2,external,7.371164368745943,29307749.53013387,Proportional,
2034,offshore20,external,2.4058552335753642,9565680.408695647,Proportional,
2034,offshore21,external,45.66693793044677,181571745.21145636,Proportional,
2034,offshore3,external,98.90931052056189,393263418.62975407,Proportional,
2034,offshore5,external,12.584021724071482,50034070.37490821,Proportional,
2034,offshore6,external,33.351006880377845,132603603.35638231,Proportional,
2034,offshore7,external,36.128469428345866,143646794.44710317,Proportional,
2034,offshore8,external,48.44827229235197,192630330.63439146,Proportional,
2034,offshore9,external,25.0110888379667,99444089.2197556,Proportional,
2034,offshore1,external,5.99768767369722,23846806.190620147,Proportional,
2034,offshore10,external,9.184381256428097,36517099.875558116,Proportional,
2034,offshore11,external,7.654476291331204,30434197.734332867,Proportional,
2034,offshore12,external,11.300322556012876,44930082.482707195,Proportional,
2034,offshore13,external,14.398159401123413,57247081.77886669,Proportional,
2034,offshore15,external,23.60085493391932,93836999.2172632,Proportional,
2034,offshore16,external,16.162561481766787,64262344.451504745,Proportional,
2034,offshore17,external,18.409603578860565,73196583.82954961,Proportional,
2034,offshore18,external,20.347621256509726,80902142.11588266,Proportional,
2034,offshore2,external,3.519219099661692,13992415.140254887,Proportional,
2034,offshore20,external,1.148628800752127,4566948.111790457,Proportional,
2034,offshore21,external,21.802791546654277,86687899.1894974,Proportional,
2034,offshore3,external,47.22232707144882,187755972.4360805,Proportional,
2034,offshore5,external,6.007996482846628,23887794.015798192,Proportional,
2034,offshore6,external,15.92278974323595,63309012.01910614,Proportional,
2034,offshore7,external,17.248835230547073,68581368.87665516,Proportional,
2034,offshore8,external,23.130685556244433,91967605.77162787,Proportional,
2034,offshore9,external,11.941058038959795,47477646.762904145,Proportional,
2034,offshore1,external,9.596300277915551,38154889.90499223,Proportional,
2034,offshore10,external,14.695010010284955,58427359.80089298,Proportional,
2034,offshore11,external,12.247162066129926,48694716.37493259,Proportional,
2034,offshore12,external,18.080516089620602,71888131.97233151,Proportional,
2034,offshore13,external,23.03705504179746,91595330.8461867,Proportional,
2034,offshore15,external,37.76136789427091,150139198.74762115,Proportional,
2034,offshore16,external,25.860098370826854,102819751.12240757,Proportional,
2034,offshore17,external,29.455365726176904,117114534.12727937,Proportional,
2034,offshore18,external,32.55619401041556,129443427.38541226,Proportional,
2034,offshore2,external,5.630750559458707,22387864.22440782,Proportional,
2034,offshore20,external,1.8378060812034034,7307116.978864732,Proportional,
2034,offshore21,external,34.88446647464684,138700638.70319584,Proportional,
2034,offshore3,external,75.5557233143181,300409555.89772874,Proportional,
2034,offshore5,external,9.612794372554605,38220470.42527711,Proportional,
2034,offshore6,external,25.476463589177524,101294419.23056984,Proportional,
2034,offshore7,external,27.598136368875316,109730190.20264825,Proportional,
2034,offshore8,external,37.00909688999109,147148169.23460457,Proportional,
2034,offshore9,external,19.105692862335673,75964234.82064663,Proportional,
2034,offshore1,external,1.9992292245657397,7948935.396873381,Proportional,
2034,offshore10,external,3.0614604188093653,12172366.625186035,Proportional,
2034,offshore11,external,2.551492097110401,10144732.578110956,Proportional,
2034,offshore12,external,3.766774185337625,14976694.160902398,Proportional,
2034,offshore13,external,4.799386467041137,19082360.59295556,Proportional,
2034,offshore15,external,7.866951644639772,31278999.739087734,Proportional,
2034,offshore16,external,5.387520493922261,21420781.483834907,Proportional,
2034,offshore17,external,6.136534526286854,24398861.27651653,Proportional,
2034,offshore18,external,6.782540418836574,26967380.705294218,Proportional,
2034,offshore2,external,1.1730730332205639,4664138.380084962,Proportional,
2034,offshore20,external,0.38287626691737564,1522316.0372634856,Proportional,
2034,offshore21,external,7.267597182218091,28895966.396499127,Proportional,
2034,offshore3,external,15.740775690482938,62585324.14536016,Proportional,
2034,offshore5,external,2.002665494282209,7962598.005266062,Proportional,
2034,offshore6,external,5.30759658107865,21103004.006368715,Proportional,
2034,offshore7,external,5.74961174351569,22860456.292218383,Proportional,
2034,offshore8,external,7.710228518748144,30655868.59054262,Proportional,
2034,offshore9,external,3.9803526796532647,15825882.25430138,Proportional,
2034,offshore1,external,29.9884383684861,119234030.95310074,Proportional,
2034,offshore10,external,45.92190628214048,182585499.37779057,Proportional,
2034,offshore11,external,38.27238145665602,152170988.67166433,Proportional,
2034,offshore12,external,56.501612780064384,224650412.41353598,Proportional,
2034,offshore13,external,71.99079700561707,286235408.8943335,Proportional,
2034,offshore15,external,118.0042746695966,469184996.08631605,Proportional,
2034,offshore16,external,80.81280740883392,321311722.25752366,Proportional,
2034,offshore17,external,92.04801789430283,365982919.14774805,Proportional,
2034,offshore18,external,101.73810628254863,404510710.57941335,Proportional,
2034,offshore2,external,17.596095498308458,69962075.70127442,Proportional,
2034,offshore20,external,5.743144003760635,22834740.558952287,Proportional,
2034,offshore21,external,109.01395773327137,433439495.94748694,Proportional,
2034,offshore3,external,236.11163535724407,938779862.1804024,Proportional,
2034,offshore5,external,30.039982414233137,119438970.07899095,Proportional,
2034,offshore6,external,79.61394871617976,316545060.09553075,Proportional,
2034,offshore7,external,86.24417615273536,342906844.3832758,Proportional,
2034,offshore8,external,115.65342778122216,459838028.85813934,Proportional,
2034,offshore9,external,59.70529019479898,237388233.81452072,Proportional,
2034,offshore1,external,1.9992292245657397,7948935.396873381,Proportional,
2034,offshore10,external,3.0614604188093653,12172366.625186035,Proportional,
2034,offshore11,external,2.551492097110401,10144732.578110956,Proportional,
2034,offshore12,external,3.766774185337625,14976694.160902398,Proportional,
2034,offshore13,external,4.799386467041137,19082360.59295556,Proportional,
2034,offshore15,external,7.866951644639772,31278999.739087734,Proportional,
2034,offshore16,external,5.387520493922261,21420781.483834907,Proportional,
2034,offshore17,external,6.136534526286854,24398861.27651653,Proportional,
2034,offshore18,external,6.782540418836574,26967380.705294218,Proportional,
2034,offshore2,external,1.1730730332205639,4664138.380084962,Proportional,
2034,offshore20,external,0.38287626691737564,1522316.0372634856,Proportional,
2034,offshore21,external,7.267597182218091,28895966.396499127,Proportional,
2034,offshore3,external,15.740775690482938,62585324.14536016,Proportional,
2034,offshore5,external,2.002665494282209,7962598.005266062,Proportional,
2034,offshore6,external,5.30759658107865,21103004.006368715,Proportional,
2034,offshore7,external,5.74961174351569,22860456.292218383,Proportional,
2034,offshore8,external,7.710228518748144,30655868.59054262,Proportional,
2034,offshore9,external,3.9803526796532647,15825882.25430138,Proportional,
2034,offshore1,external,19.9922922456574,79489353.96873382,Proportional,
2034,offshore10,external,30.614604188093654,121723666.25186037,Proportional,
2034,offshore11,external,25.51492097110401,101447325.78110956,Proportional,
2034,offshore12,external,37.667741853376256,149766941.609024,Proportional,
2034,offshore13,external,47.99386467041138,190823605.92955562,Proportional,
2034,offshore15,external,78.66951644639772,312789997.39087737,Proportional,
2034,offshore16,external,53.87520493922261,214207814.8383491,Proportional,
2034,offshore17,external,61.36534526286855,243988612.76516536,Proportional,
2034,offshore18,external,67.82540418836575,269673807.0529422,Proportional,
2034,offshore2,external,11.730730332205638,46641383.80084962,Proportional,
2034,offshore20,external,3.828762669173757,15223160.372634858,Proportional,
2034,offshore21,external,72.67597182218091,288959663.96499133,Proportional,
2034,offshore3,external,157.40775690482937,625853241.4536016,Proportional,
2034,offshore5,external,20.02665494282209,79625980.05266063,Proportional,
2034,offshore6,external,53.0759658107865,211030040.06368712,Proportional,
2034,offshore7,external,57.496117435156904,228604562.92218384,Proportional,
2034,offshore8,external,77.10228518748144,306558685.9054262,Proportional,
2034,offshore9,external,39.80352679653265,158258822.5430138,Proportional,
2034,offshore1,external,26.98959453163749,107310627.85779066,Proportional,
2034,offshore10,external,41.329715653926435,164326949.4400115,Proportional,
2034,offshore11,external,34.44514331099042,136953889.8044979,Proportional,
2034,offshore12,external,50.85145150205794,202185371.17218238,Proportional,
2034,offshore13,external,64.79171730505536,257611868.0049001,Proportional,
2034,offshore15,external,106.20384720263694,422266496.47768444,Proportional,
2034,offshore16,external,72.73152666795053,289180550.0317713,Proportional,
2034,offshore17,external,82.84321610487254,329384627.2329732,Proportional,
2034,offshore18,external,91.56429565429376,364059639.521472,Proportional,
2034,offshore2,external,15.836485948477613,62965868.13114699,Proportional,
2034,offshore20,external,5.168829603384572,20551266.50305706,Proportional,
2034,offshore21,external,98.11256195994423,390095546.35273826,Proportional,
2034,offshore3,external,212.50047182151968,844901875.9623623,Proportional,
2034,offshore5,external,27.035984172809826,107495073.07109188,Proportional,
2034,offshore6,external,71.65255384456178,284890554.0859776,Proportional,
2034,offshore7,external,77.61975853746182,308616159.9449482,Proportional,
2034,offshore8,external,104.08808500309995,413854225.9723254,Proportional,
2034,offshore9,external,53.73476117531908,213649410.43306866,Proportional,
2034,offshore1,external,21.991521470223137,87438289.36560719,Proportional,
2034,offshore10,external,33.67606460690302,133896032.8770464,Proportional,
2034,offshore11,external,28.066413068214413,111592058.3592205,Proportional,
2034,offshore12,external,41.43451603871387,164743635.76992637,Proportional,
2034,offshore13,external,52.79325113745251,209905966.52251118,Proportional,
2034,offshore15,external,86.5364680910375,344068997.1299651,Proportional,
2034,offshore16,external,59.26272543314487,235628596.32218403,Proportional,
2034,offshore17,external,67.5018797891554,268387474.04168186,Proportional,
2034,offshore18,external,74.60794460720233,296641187.75823647,Proportional,
2034,offshore2,external,12.903803365426203,51305522.180934586,Proportional,
2034,offshore20,external,4.211638936091132,16745476.409898343,Proportional,
2034,offshore21,external,79.943569004399,317855630.3614904,Proportional,
2034,offshore3,external,173.1485325953123,688438565.5989617,Proportional,
2034,offshore5,external,22.0293204371043,87588578.0579267,Proportional,
2034,offshore6,external,58.38356239186515,232133044.07005584,Proportional,
2034,offshore7,external,63.24572917867259,251465019.21440223,Proportional,
2034,offshore8,external,84.81251370622958,337214554.4959688,Proportional,
2034,offshore9,external,43.78387947618591,174084704.79731518,Proportional,
2034,CCGT,model,555.3417528171977,1332820206.7612746,,
2034,OCGT,model,22.673025476277026,54415261.143064864,,
2034,onshore_Birmingham,model,0.07284717507885818,115681.31402522679,Location-based,"N/A, N/A"
2034,onshore_Bournemouth,model,9.857449401202485,15653629.649109546,Location-based,"N/A, N/A"
2034,onshore_Edinburgh,model,328.14786875332834,521098815.58028543,Location-based,"N/A, N/A"
2034,onshore_London,model,0.36626368268610066,581626.7281055278,Location-based,"N/A, N/A"
2034,onshore_Nottingham,model,10.601932651892415,16835869.051205155,Location-based,"N/A, N/A"
2034,onshore_Portsmouth,model,3.395071421882655,5391373.417949656,Location-based,"N/A, N/A"
2034,onshore_Sheffield,model,21.014275958793853,33370670.222564638,Location-based,"N/A, N/A"
2034,onshore_Cardiff,model,48.393576590254305,76848999.62532383,Location-based,"N/A, N/A"
2034,onshore_Ipswich,model,18.44170441292265,29285426.60772117,Location-based,"N/A, N/A"
2034,onshore_Manchester,model,9.908030581341043,15733952.563169576,Location-based,"N/A, N/A"
2034,onshore_Newcastle,model,13.049150867647995,20722051.577825017,Location-based,"N/A, N/A"
2034,0.25c_battery,model,5751.841260466399,2387014123.0935555,,
2034,solar_Bournemouth,model,198.4258580575557,130762640.45992921,Location-based,"N/A, N/A"
2034,solar_Cardiff,model,81.3115115732242,53584286.126754746,Location-based,"N/A, N/A"
2034,solar_Edinburgh,model,74.18918790907537,48890674.83208067,Location-based,"N/A, N/A"
2034,solar_Ipswich,model,173.1756465045931,114122751.04652685,Location-based,"N/A, N/A"
2034,solar_London,model,3.3170939872407286,2185964.9375916403,Location-based,"N/A, N/A"
2034,solar_Manchester,model,31.04186342721851,20456587.998536997,Location-based,"N/A, N/A"
2034,solar_Newcastle,model,40.375992585957746,26607779.114146154,Location-based,"N/A, N/A"
2034,solar_Nottingham,model,244.42720351585453,161077527.11694813,Location-based,"N/A, N/A"
2034,solar_Portsmouth,model,238.25444325837404,157009678.10726848,Location-based,"N/A, N/A"
2034,solar_Sheffield,model,121.32305433029696,79951892.8036657,Location-based,"N/A, N/A"
